{
  "processing_timestamp": "2025-10-22T22:56:59.886Z",
  "total_files": 2,
  "raw_records": [
    {
      "first_name": "Jan",
      "last_name": "Christine Wallis",
      "mobile": "0431 091 688",
      "address": "97 Carolyn Street\nADAMSTOWN HEIGHTS NSW 2289",
      "email": "bernie.vicki.flynn@hotma...",
      "dateofbirth": "11-Sept-1950",
      "landline": "02 4943 0701",
      "lastseen": "30-Jun-2023",
      "file_name": "Page 27.pdf"
    },
    {
      "first_name": "Barbara",
      "last_name": "Sleishman",
      "mobile": "0458\n771 006",
      "address": "32 Madison Drive\nADAMSTOWN HEIGHTS\nNSW 2289",
      "email": "dupont@aapt.net.au",
      "dateofbirth": "12-Mar1939-",
      "landline": "02 4942 2373",
      "lastseen": "30-Jun-2023",
      "file_name": "Page 27.pdf"
    },
    {
      "first_name": "Bernard",
      "last_name": "Flynn",
      "mobile": "0402 436 349",
      "address": "7 Lansbury Close\nADAMSTOWN HEIGHTS NSW 2289",
      "email": "fireflydesign@bigpond.com",
      "dateofbirth": "23-Mar-1953",
      "landline": "02 4943 6350",
      "lastseen": "30-Jun-2023",
      "file_name": "Page 27.pdf"
    },
    {
      "first_name": "Sandra",
      "last_name": "Dupont",
      "mobile": "0425 292 021",
      "address": "33A City Road\nADAMSTOWN HEIGHTS NSW 2289",
      "email": "steve@southleagues.co",
      "dateofbirth": "01Aug-1950-",
      "landline": "02 4957 9039",
      "lastseen": "30-Jun-2023",
      "file_name": "Page 27.pdf"
    },
    {
      "first_name": "Kristine",
      "last_name": "McAlpine",
      "mobile": "0422 184 258",
      "address": "9 Colarado Street\nADAMSTOWN HEIGHTS\nNSW 2289",
      "email": "sdevo@exemail.com.au",
      "dateofbirth": "16May--1973",
      "landline": "02 4920 8832",
      "lastseen": "30-Jun-2023",
      "file_name": "Page 27.pdf"
    },
    {
      "first_name": "Stephen",
      "last_name": "Pringle",
      "mobile": "0414 431 151",
      "address": "16 Kinross Avenue\nADAMSTOWN HEIGHTS NSW 2289",
      "email": "hdb@hotkey.net.au",
      "dateofbirth": "25May--1970",
      "landline": "02 4023 7526",
      "lastseen": "30-Jun-2023",
      "file_name": "Page 27.pdf"
    },
    {
      "first_name": "Stephen",
      "last_name": "Deveridge",
      "mobile": "0404 842 353",
      "address": "6 Banksia Close\nADAMSTOWN HEIGHTS\nNSW 2289",
      "email": "markandnatasha@bigpo",
      "dateofbirth": "04May--1952",
      "landline": "02 4920 6767",
      "lastseen": "30-Jun-2023",
      "file_name": "Page 27.pdf"
    },
    {
      "first_name": "Howard",
      "last_name": "Benson",
      "mobile": "0407\n786 029",
      "address": "2 Madison Drive\nADAMSTOWN HEIGHTS\nNSW 2289",
      "email": "mcairns@kooee.com.au",
      "dateofbirth": "08Aug--1947",
      "landline": "02 4943 6043",
      "lastseen": "30-Jun-2023",
      "file_name": "Page 27.pdf"
    },
    {
      "first_name": "Mark",
      "last_name": "Andrei",
      "mobile": "0421 756 786",
      "address": "2 Claremont Avenue\nADAMSTOWN HEIGHTS NSW 2289",
      "email": "hilnric@gmail.com",
      "dateofbirth": "16-Feb-1972",
      "landline": "02 4952 6279",
      "lastseen": "30-Jun-2023",
      "file_name": "Page 27.pdf"
    },
    {
      "first_name": "Maxwell",
      "last_name": "Cairns",
      "mobile": "0425\n315 063",
      "address": "20 Astor Street\nADAMSTOWN HEIGHTS\nNSW 2289",
      "email": "nerida_ian@bigpond.com",
      "dateofbirth": "28-Mar-1950",
      "landline": "02 4942 2577",
      "lastseen": "30-Jun-2023",
      "file_name": "Page 27.pdf"
    },
    {
      "first_name": "Hilary",
      "last_name": "Barbour",
      "mobile": "0439 730 526",
      "address": "26 Kempwood Close\nADAMSTOWN HEIGHTS\nNSW 2289",
      "email": "greg_corbett@bigfoot.com",
      "dateofbirth": "19-Sept1955-",
      "landline": "02 4943 3843",
      "lastseen": "30-Jun-2023",
      "file_name": "Page 27.pdf"
    },
    {
      "first_name": "Nerida",
      "last_name": "Miller",
      "mobile": "0402 658 741",
      "address": "154 Princeton Avenue\nADAMSTOWN HEIGHTS NSW 2289",
      "email": "nataliedaly@live.com",
      "dateofbirth": "13-Apr-1946",
      "landline": "02 4957 3883",
      "lastseen": "30-Jun-2023",
      "file_name": "Page 27.pdf"
    },
    {
      "first_name": "NA",
      "last_name": "Croese",
      "mobile": "0402 406 049",
      "address": "27 Dalvern Close\nADAMSTOWN HEIGHTS\nNSW 2289",
      "email": "tanjabronkhorst@hotmail...",
      "dateofbirth": "01Apr--1954",
      "landline": "02 4943 2850",
      "lastseen": "30-Jun-2023",
      "file_name": "Page 27.pdf"
    },
    {
      "first_name": "Greg",
      "last_name": "Corbett",
      "mobile": "0414 654 622",
      "address": "9 Faul Street\nADAMSTOWN HEIGHTS\nNSW 2289",
      "email": "76.antman@gmail.com",
      "dateofbirth": "06-Dec-1985",
      "landline": "02 4952 2680",
      "lastseen": "30-Jun-2023",
      "file_name": "Page 27.pdf"
    },
    {
      "first_name": "Natalie",
      "last_name": "Daly",
      "mobile": "0410 486 690",
      "address": "5 Randall Parade\nADAMSTOWN HEIGHTS\nNSW 2289",
      "email": "jenniferhopkins10@gmail...",
      "dateofbirth": "24-Apr-1965",
      "landline": "02 4920 8691",
      "lastseen": "30-Jun-2023",
      "file_name": "Page 27.pdf"
    },
    {
      "first_name": "Anskje",
      "last_name": "Bronkhorst",
      "mobile": "0438 301 281",
      "address": "18A Hillcrest Parade\nADAMSTOWN HEIGHTS\nNSW 2289",
      "email": "rebeccamarie1987@hot",
      "dateofbirth": "11-Jul-1938",
      "landline": "02 4942 5221",
      "lastseen": "30-Jun-2023",
      "file_name": "Page 27.pdf"
    },
    {
      "first_name": "Anthony",
      "last_name": "Walshe",
      "mobile": "0423 900 809",
      "address": "107 Madison Drive\nADAMSTOWN HEIGHTS\nNSW 2289",
      "email": "shannonkelly@outlook.c...",
      "dateofbirth": "01-Jan1980-",
      "landline": "02 4952 2286",
      "lastseen": "30-Jun-2023",
      "file_name": "Page 27.pdf"
    },
    {
      "first_name": "Jennifer",
      "last_name": "Claire Hopkins",
      "mobile": "0403 997 079",
      "address": "11 Edison Street\nADAMSTOWN HEIGHTS\nNSW 2289",
      "email": "marisproductions@bigpo...",
      "dateofbirth": "26May--1973",
      "landline": "02 4952 2351",
      "lastseen": "30-Jun-2023",
      "file_name": "Page 27.pdf"
    },
    {
      "first_name": "Patricia",
      "last_name": "Margaret Hardy",
      "mobile": "0410 288 907",
      "address": "13 Dalvern Close\nADAMSTOWN HEIGHTS\nNSW 2289",
      "email": "nath.eltis@exemail.com.au",
      "dateofbirth": "01May--1987",
      "landline": "02 4942 1581",
      "lastseen": "30-Jun-2023",
      "file_name": "Page 27.pdf"
    },
    {
      "first_name": "Ross",
      "last_name": "Cairns",
      "mobile": "0421 288 019",
      "address": "2 Murray Street\nADAMSTOWN HEIGHTS\nNSW 2289",
      "email": "monkeymyers1@optusn...",
      "dateofbirth": "11-Oct1976-",
      "landline": "02 4943 7026",
      "lastseen": "30-Jun-2023",
      "file_name": "Page 27.pdf"
    },
    {
      "first_name": "K",
      "last_name": "Kelly",
      "mobile": "0417 522 285",
      "address": "38 Garden Grove Parade\nADAMSTOWN HEIGHTS\nNSW 2289",
      "email": "bitte@cnrstone.com.au",
      "dateofbirth": "25-Sept-1986",
      "landline": "02 4956 1285",
      "lastseen": "30-Jun-2023",
      "file_name": "Page 27.pdf"
    },
    {
      "first_name": "Rebecca",
      "last_name": "Blunt",
      "mobile": "0408 657 725",
      "address": "20 Rosemont Street\nADAMSTOWN HEIGHTS\nNSW 2289",
      "email": "ireland.robert@gmail.com",
      "dateofbirth": "30May--1981",
      "landline": "02 4942 2080",
      "lastseen": "30-Jun-2023",
      "file_name": "Page 27.pdf"
    },
    {
      "first_name": "Dinh",
      "last_name": "The",
      "mobile": "0421 968 774",
      "address": "103 Lexington Parade\nADAMSTOWN HEIGHTS\nNSW 2289",
      "email": "jhu850ghes@tassie.net.au",
      "dateofbirth": "02-Oct1978-",
      "landline": "02 4920 7072",
      "lastseen": "30-Jun-2023",
      "file_name": "Page 27.pdf"
    },
    {
      "first_name": "Xuan",
      "last_name": "Cao",
      "mobile": "0438 534 787",
      "address": "117 Lexington Parade\nADAMSTOWN HEIGHTS\nNSW 2289",
      "email": "pevekartejas@yahoo.com",
      "dateofbirth": "27-Mar-1980",
      "landline": "02 4943 8749",
      "lastseen": "30-Jun-2023",
      "file_name": "Page 27.pdf"
    },
    {
      "first_name": "S",
      "last_name": "Fisher",
      "mobile": "0425 377 300",
      "address": "48 Bulkara Street\nADAMSTOWN HEIGHTS NSW 2289",
      "email": "barbet@exemail.com.au",
      "dateofbirth": "20-Nov1944-",
      "landline": "02 4942 4920",
      "lastseen": "30-Jun-2023",
      "file_name": "Page 27.pdf"
    },
    {
      "first_name": "Shannon",
      "last_name": "Kelly",
      "mobile": "0422 155 175",
      "address": "4 Muraban Street\nADAMSTOWN HEIGHTS\nNSW 2289",
      "email": "rigo@aanet.com.au",
      "dateofbirth": "12-Jul-1969",
      "landline": "02 4942 2448",
      "lastseen": "30-Jun-2023",
      "file_name": "Page 27.pdf"
    },
    {
      "first_name": "Chris",
      "last_name": "D Tester",
      "mobile": "0402 703 797",
      "address": "496 Brunker Road\nADAMSTOWN HEIGHTS NSW 2289",
      "email": "pranilpatel@hotmail.com",
      "dateofbirth": "11-Apr-1975",
      "landline": "02 4957 2629",
      "lastseen": "30-Jun-2023",
      "file_name": "Page 27.pdf"
    },
    {
      "first_name": "Malcolm",
      "last_name": "Crain",
      "mobile": "0408 499 717",
      "address": "87 Carolyn Street\nADAMSTOWN HEIGHTS\nNSW 2289",
      "email": "spyrdz@hotmail.com",
      "dateofbirth": "14-Sept1966-",
      "landline": "02 4943 7194",
      "lastseen": "30-Jun-2023",
      "file_name": "Page 27.pdf"
    },
    {
      "first_name": "NB",
      "last_name": "Bell",
      "mobile": "0416 644 005",
      "address": "193 Northcott Drive\nADAMSTOWN HEIGHTS NSW 2289",
      "email": "dangabe@iprimus.com.au",
      "dateofbirth": "04-Jul-1970",
      "landline": "02 4960 1707",
      "lastseen": "30-Jun-2023",
      "file_name": "Page 27.pdf"
    },
    {
      "first_name": "E",
      "last_name": "Roe",
      "mobile": "0418 208 133",
      "address": "23 Claremont Avenue\nADAMSTOWN HEIGHTS NSW 2289",
      "email": "cjwalsh82@hotmail.com",
      "dateofbirth": "25-Jun1966-",
      "lastseen": "30-Jun-2023",
      "file_name": "Page 27.pdf"
    },
    {
      "first_name": "Nathan",
      "last_name": "Eltis",
      "mobile": "0438 478 802",
      "address": "17 Elton Close\nADAMSTOWN HEIGHTS\nNSW 2289",
      "email": "kellduff@hotmail.com",
      "dateofbirth": "25-Apr-1985",
      "lastseen": "30-Jun-2023",
      "file_name": "Page 27.pdf"
    },
    {
      "first_name": "N",
      "last_name": "Mullien",
      "mobile": "0419 242 942",
      "address": "155 Princeton Avenue\nADAMSTOWN HEIGHTS NSW 2289",
      "email": "hpreston1940@gmail.com",
      "dateofbirth": "08Aug-1947-",
      "lastseen": "30-Jun-2023",
      "file_name": "Page 27.pdf"
    },
    {
      "first_name": "Shane",
      "last_name": "Myers",
      "mobile": "0418 282 429",
      "address": "45 Lucas Crescent\nADAMSTOWN HEIGHTS\nNSW 2289",
      "email": "clint bec@hotmail.com",
      "dateofbirth": "01-Sept1982-",
      "lastseen": "30-Jun-2023",
      "file_name": "Page 27.pdf"
    },
    {
      "first_name": "Bitte",
      "last_name": "Single",
      "mobile": "0407 952 847",
      "address": "29 Lucas Crescent\nADAMSTOWN HEIGHTS\nNSW 2289",
      "email": "murreerussell@bigpond....",
      "dateofbirth": "21Jun-1943-",
      "lastseen": "30-Jun-2023",
      "file_name": "Page 27.pdf"
    },
    {
      "first_name": "P",
      "last_name": "Chalhoub",
      "mobile": "0427 090 538",
      "address": "4 Lansbury Close\nADAMSTOWN HEIGHTS\nNSW 2289",
      "email": "tsioulishelen@gmail.com",
      "dateofbirth": "29-Dec-1943",
      "lastseen": "30-Jun-2023",
      "file_name": "Page 27.pdf"
    },
    {
      "first_name": "HD",
      "last_name": "Benson",
      "mobile": "0418 434 215",
      "address": "2 Madison Drive\nADAMSTOWN HEIGHTS\nNSW 2289",
      "email": "hmbaines74@gmail.com",
      "dateofbirth": "10-May-1939",
      "lastseen": "30-Jun-2023",
      "file_name": "Page 27.pdf"
    },
    {
      "first_name": "Chad",
      "last_name": "Russell",
      "mobile": "0423 255 065",
      "address": "28 Clinton Avenue\nADAMSTOWN HEIGHTS\nNSW 2289",
      "email": "janice.norman24@bigpo...",
      "dateofbirth": "22Jul--1958",
      "lastseen": "30-Jun-2023",
      "file_name": "Page 27.pdf"
    },
    {
      "first_name": "Robert",
      "last_name": "Ireland",
      "mobile": "0455 125 555",
      "address": "20 Corriston Crescent\nADAMSTOWN HEIGHTS\nNSW 2289",
      "email": "the_blunts@hotmail.com",
      "dateofbirth": "23-Mar-1943",
      "lastseen": "30-Jun-2023",
      "file_name": "Page 27.pdf"
    },
    {
      "first_name": "M",
      "last_name": "A Petherbridge",
      "mobile": "0419 461 736",
      "address": "6 Corriston Crescent\nADAMSTOWN HEIGHTS\nNSW 2289",
      "email": "umaloney@optusnet.co",
      "dateofbirth": "27-Sept1943-",
      "lastseen": "30-Jun-2023",
      "file_name": "Page 27.pdf"
    },
    {
      "first_name": "PD",
      "last_name": "Passlow",
      "mobile": "0448 949 369",
      "address": "10 Wade Street\nADAMSTOWN HEIGHTS NSW 2289",
      "email": "aadraka@usa.net",
      "dateofbirth": "03-Jan-1986",
      "lastseen": "30-Jun-2023",
      "file_name": "Page 27.pdf"
    },
    {
      "first_name": "PJ",
      "last_name": "Mansfield",
      "mobile": "0407 790 159",
      "address": "124 Princeton Avenue\nADAMSTOWN HEIGHTS\nNSW 2289",
      "email": "sebeling23@gmail.com",
      "dateofbirth": "07-Nov-1971",
      "lastseen": "30-Jun-2023",
      "file_name": "Page 27.pdf"
    },
    {
      "first_name": "J",
      "last_name": "Hughes",
      "mobile": "0422 651 007",
      "address": "82 Madison Drive\nADAMSTOWN HEIGHTS NSW 2289",
      "email": "snfarley@bigpond.net.au",
      "dateofbirth": "27-Nov1972-",
      "lastseen": "30-Jun-2023",
      "file_name": "Page 27.pdf"
    },
    {
      "first_name": "JR",
      "last_name": "Stuart",
      "mobile": "0404 060 345",
      "address": "10 Bolivia Close\nADAMSTOWN HEIGHTS\nNSW 2289",
      "dateofbirth": "09-Jan-1941",
      "lastseen": "30-Jun-2023",
      "file_name": "Page 27.pdf"
    },
    {
      "first_name": "K",
      "last_name": "Coolibah",
      "mobile": "0404 916 806",
      "address": "10 Muraban Street\nADAMSTOWN HEIGHTS\nNSW 2289",
      "dateofbirth": "11-Nov-1957",
      "lastseen": "30-Jun-2023",
      "file_name": "Page 27.pdf"
    },
    {
      "first_name": "T",
      "last_name": "Whittle",
      "address": "15 Tremont Avenue\nADAMSTOWN HEIGHTS\nNSW 2289",
      "dateofbirth": "10-Aug-1986",
      "lastseen": "30-Jun-2023",
      "file_name": "Page 27.pdf"
    },
    {
      "first_name": "SD",
      "last_name": "Westbury",
      "address": "14 Astor Street\nADAMSTOWN HEIGHTS NSW 2289",
      "dateofbirth": "05-Mar-1974",
      "lastseen": "30-Jun-2023",
      "file_name": "Page 27.pdf"
    },
    {
      "first_name": "Barry",
      "last_name": "Minter",
      "address": "65 Princeton Avenue\nADAMSTOWN HEIGHTS\nNSW 2289",
      "dateofbirth": "14-May-1977",
      "lastseen": "30-Jun-2023",
      "file_name": "Page 27.pdf"
    },
    {
      "first_name": "Vicki",
      "last_name": "Rigelsford",
      "address": "17 Orana Crescent\nADAMSTOWN HEIGHTS\nNSW 2289",
      "dateofbirth": "27May--1982",
      "lastseen": "30-Jun-2023",
      "file_name": "Page 27.pdf"
    },
    {
      "first_name": "Pranil",
      "last_name": "Patel",
      "address": "25 Wade Street\nADAMSTOWN HEIGHTS\nNSW 2289",
      "dateofbirth": "10-Dec-1977",
      "lastseen": "30-Jun-2023",
      "file_name": "Page 27.pdf"
    },
    {
      "first_name": "Catherine",
      "last_name": "Spyrdz",
      "address": "39 City Road\nADAMSTOWN HEIGHTS\nNSW 2289",
      "dateofbirth": "06-Mar-1940",
      "lastseen": "30-Jun-2023",
      "file_name": "Page 27.pdf"
    },
    {
      "first_name": "Patrick",
      "last_name": "Jones",
      "address": "7 Cynthia Street\nADAMSTOWN HEIGHTS\nNSW 2289",
      "dateofbirth": "08-Nov-1977",
      "lastseen": "30-Jun-2023",
      "file_name": "Page 27.pdf"
    },
    {
      "first_name": "Christopher",
      "last_name": "Walsh",
      "address": "7 Fernleigh Loop\nADAMSTOWN HEIGHTS NSW 2289",
      "dateofbirth": "20-Mar1961-",
      "lastseen": "30-Jun-2023",
      "file_name": "Page 27.pdf"
    },
    {
      "first_name": "Kelly",
      "last_name": "Croft",
      "address": "47 Merinda Close\nADAMSTOWN HEIGHTS\nNSW 2289",
      "dateofbirth": "07-Mar-1975",
      "lastseen": "30-Jun-2023",
      "file_name": "Page 27.pdf"
    },
    {
      "first_name": "Helen",
      "last_name": "Preston",
      "address": "5 Carolyn Street\nADAMSTOWN HEIGHTS NSW 2289",
      "dateofbirth": "29-Sept1968-",
      "lastseen": "30-Jun-2023",
      "file_name": "Page 27.pdf"
    },
    {
      "first_name": "Rebecca",
      "last_name": "Thomson",
      "address": "9 Rachael Avenue\nADAMSTOWN HEIGHTS NSW 2289",
      "dateofbirth": "06-Jul-1983",
      "lastseen": "30-Jun-2023",
      "file_name": "Page 27.pdf"
    },
    {
      "first_name": "Murree",
      "last_name": "Russell",
      "address": "29 Randall Parade\nADAMSTOWN HEIGHTS\nNSW 2289",
      "dateofbirth": "16-Mar1973-",
      "lastseen": "30-Jun-2023",
      "file_name": "Page 27.pdf"
    },
    {
      "first_name": "BJ",
      "last_name": "Melmeth",
      "address": "11 Caroona Close\nADAMSTOWN HEIGHTS\nNSW 2289",
      "dateofbirth": "06-Mar-1967",
      "lastseen": "30-Jun-2023",
      "file_name": "Page 27.pdf"
    },
    {
      "first_name": "P",
      "last_name": "Hennessy",
      "address": "23 Galena Street\nADAMSTOWN HEIGHTS\nNSW 2289",
      "dateofbirth": "24-Oct-1952",
      "lastseen": "30-Jun2023-",
      "file_name": "Page 27.pdf"
    },
    {
      "first_name": "Jessica",
      "last_name": "Lewis",
      "address": "446 Brunker Road\nADAMSTOWN HEIGHTS\nNSW 2289",
      "dateofbirth": "21-Mar1976-",
      "lastseen": "30-Jun-2023",
      "file_name": "Page 27.pdf"
    },
    {
      "first_name": "Helen",
      "last_name": "Tsioulis",
      "address": "119 Lexington Parade\nADAMSTOWN HEIGHTS\nNSW 2289",
      "dateofbirth": "01-Feb1971-",
      "lastseen": "30-Jun-2023",
      "file_name": "Page 27.pdf"
    },
    {
      "first_name": "Helen",
      "last_name": "Baines",
      "address": "74 Madison Drive\nADAMSTOWN HEIGHTS NSW 2289",
      "dateofbirth": "08-Apr-1957",
      "lastseen": "30-Jun-2023",
      "file_name": "Page 27.pdf"
    },
    {
      "first_name": "Janice",
      "last_name": "Norman",
      "address": "12 Madera Close\nADAMSTOWN HEIGHTS NSW 2289",
      "dateofbirth": "28-Jan-1972",
      "lastseen": "30-Jun-2023",
      "file_name": "Page 27.pdf"
    },
    {
      "first_name": "Sue",
      "last_name": "Blunt",
      "address": "4 Myrtle Close\nADAMSTOWN HEIGHTS\nNSW 2289",
      "dateofbirth": "21-Feb-1942",
      "lastseen": "30-Jun-2023",
      "file_name": "Page 27.pdf"
    },
    {
      "first_name": "Ursula",
      "last_name": "Maloney",
      "address": "6 Harden Close\nADAMSTOWN HEIGHTS\nNSW 2289",
      "dateofbirth": "08-Dec-1984",
      "lastseen": "30-Jun-2023",
      "file_name": "Page 27.pdf"
    },
    {
      "first_name": "Cheryl",
      "last_name": "Denise Shaw",
      "address": "384 Brunker Road\nADAMSTOWN HEIGHTS\nNSW 2289",
      "dateofbirth": "16-Nov-1943",
      "lastseen": "30-Jun-2023",
      "file_name": "Page 27.pdf"
    },
    {
      "first_name": "Robert",
      "last_name": "Petic",
      "address": "19 Ashbury Street\nADAMSTOWN HEIGHTS\nNSW 2289",
      "dateofbirth": "30-Oct1941-",
      "lastseen": "30-Jun-2023",
      "file_name": "Page 27.pdf"
    },
    {
      "first_name": "Brenda",
      "last_name": "Diana Doyle",
      "address": "23 Corriston Crescent\nADAMSTOWN HEIGHTS\nNSW 2289",
      "dateofbirth": "24-Jul-1971",
      "lastseen": "30-Jun-2023",
      "file_name": "Page 27.pdf"
    },
    {
      "first_name": "Megan",
      "last_name": "Elizabeth Ebeling",
      "address": "3 Myrtle Close\nADAMSTOWN HEIGHTS\nNSW 2289",
      "dateofbirth": "26-Dec-1954",
      "lastseen": "30-Jun-2023",
      "file_name": "Page 27.pdf"
    },
    {
      "first_name": "George",
      "last_name": "Warren Hall",
      "address": "3 Lolita Close\nADAMSTOWN HEIGHTS\nNSW 2289",
      "dateofbirth": "29Aug-1940-",
      "lastseen": "30-Jun-2023",
      "file_name": "Page 27.pdf"
    },
    {
      "first_name": "Barrie",
      "last_name": "Cooper",
      "address": "24 Orana Crescent\nADAMSTOWN HEIGHTS\nNSW 2289",
      "dateofbirth": "30-Sept1975-",
      "lastseen": "30-Jun-2023",
      "file_name": "Page 27.pdf"
    },
    {
      "first_name": "Christopher",
      "last_name": "Michael Tott\nerman",
      "address": "48 Boronia Avenue\nADAMSTOWN HEIGHTS\nNSW 2289",
      "dateofbirth": "05-Jan-1955",
      "lastseen": "30-Jun-2023",
      "file_name": "Page 27.pdf"
    },
    {
      "first_name": "Neil",
      "last_name": "McNaughton",
      "address": "5 Bolivia Close\nADAMSTOWN HEIGHTS\nNSW 2289",
      "dateofbirth": "21-Sept1972-",
      "lastseen": "30-Jun-2023",
      "file_name": "Page 27.pdf"
    },
    {
      "first_name": "Margaret",
      "last_name": "Gordon Taylor",
      "address": "47 Lucas Crescent\nADAMSTOWN HEIGHTS NSW 2289",
      "dateofbirth": "26-Mar-1969",
      "lastseen": "30-Jun-2023",
      "file_name": "Page 27.pdf"
    },
    {
      "first_name": "Jason",
      "last_name": "Biggins",
      "address": "5 Fernleigh Loop\nADAMSTOWN HEIGHTS\nNSW 2289",
      "dateofbirth": "27Apr-1940-",
      "lastseen": "30-Jun-2023",
      "file_name": "Page 27.pdf"
    },
    {
      "first_name": "Sarah",
      "last_name": "Ebeling",
      "address": "3 Myrtle Close\nADAMSTOWN HEIGHTS\nNSW 2289",
      "dateofbirth": "22Apr--1967",
      "lastseen": "30-Jun-2023",
      "file_name": "Page 27.pdf"
    },
    {
      "first_name": "Nadene",
      "last_name": "Douglass",
      "address": "29 Faul Street\nADAMSTOWN HEIGHTS\nNSW 2289",
      "dateofbirth": "20-Feb1972-",
      "lastseen": "30-Jun-2023",
      "file_name": "Page 27.pdf"
    },
    {
      "first_name": "Natalie\nFarley",
      "last_name": "",
      "address": "45 Merinda Close\nADAMSTOWN HEIGHTS NSW 2289",
      "dateofbirth": "18-Feb-1975",
      "lastseen": "30-Jun-2023",
      "file_name": "Page 27.pdf"
    },
    {
      "first_name": "R",
      "last_name": "W\nCrebert",
      "address": "1 Grevillea Close\nADAMSTOWN HEIGHTS\nNSW 2289",
      "lastseen": "30-Jun-2023",
      "file_name": "Page 27.pdf"
    },
    {
      "first_name": "Julie",
      "last_name": "Foot",
      "address": "30 Lexington Parade\nADAMSTOWN HEIGHTS\nNSW 2289",
      "lastseen": "30-Jun-2023",
      "file_name": "Page 27.pdf"
    },
    {
      "first_name": "Dave",
      "last_name": "Ray",
      "address": "12 Ellerslie Road\nADAMSTOWN HEIGHTS NSW 2289",
      "lastseen": "30-Jun-2023",
      "file_name": "Page 27.pdf"
    },
    {
      "first_name": "N",
      "last_name": "Tonkin",
      "address": "81 Princeton Avenue ADAMSTOWN HEIGHTS",
      "lastseen": "30-Jun-2023",
      "file_name": "Page 27.pdf"
    },
    {
      "first_name": "Sandra",
      "last_name": "Sherwin Craig",
      "mobile": "0407 260 689",
      "address": "NSW 2289 35 Madison Drive\nADAMSTOWN HEIGHTS",
      "email": "golden3@ms10.hinet.net",
      "dateofbirth": "30-Nov-1946",
      "landline": "02 4943 3349",
      "lastseen": "30-Jun-2023",
      "file_name": "Page 26.pdf"
    },
    {
      "first_name": "Jone",
      "last_name": "Laskovski",
      "mobile": "0458 790 381",
      "address": "18 Faul Street\nADAMSTOWN HEIGHTS NSW 2289",
      "email": "ghern@ncc.nsw.gov.au",
      "dateofbirth": "16-Dec-1952",
      "landline": "02 4943 3632",
      "lastseen": "30-Jun-2023",
      "file_name": "Page 26.pdf"
    },
    {
      "first_name": "Marjorie",
      "last_name": "Rosenbaum",
      "mobile": "0417 123 174",
      "address": "114 Northcott Drive\nADAMSTOWN HEIGHTS\nNSW 2289",
      "email": "epaint@bigpond.net.au",
      "dateofbirth": "10-Jul-1940",
      "landline": "02 4957 4705",
      "lastseen": "30-Jun-2023",
      "file_name": "Page 26.pdf"
    },
    {
      "first_name": "Betty",
      "last_name": "Louise Rich",
      "mobile": "0431 542 878",
      "address": "161 Northcott Drive\nADAMSTOWN HEIGHTS\nNSW 2289",
      "email": "nic.d.p@hotmail.com",
      "dateofbirth": "19-Dec-1935",
      "landline": "02 4957 4740",
      "lastseen": "30-Jun-2023",
      "file_name": "Page 26.pdf"
    },
    {
      "first_name": "Louise",
      "last_name": "Boyd",
      "mobile": "0431 068 202",
      "address": "24 Sheridan Avenue\nADAMSTOWN HEIGHTS\nNSW 2289",
      "email": "guzanne@optusnet.com.au",
      "dateofbirth": "29-Mar-1954",
      "landline": "02\n4943\n2260",
      "lastseen": "30-Jun-2023",
      "file_name": "Page 26.pdf"
    },
    {
      "first_name": "Susan",
      "last_name": "Maree Ebeling",
      "mobile": "0421 783 578",
      "address": "3 Myrtle Close ADAMSTOWN HEIGHTS\nNSW 2289",
      "email": "ktcarruthers@gmail.com",
      "dateofbirth": "05-Jan-1955",
      "landline": "02\n4943\n2838",
      "lastseen": "30-Jun-2023",
      "file_name": "Page 26.pdf"
    },
    {
      "first_name": "Jan",
      "last_name": "Elizabeth Edwards",
      "mobile": "0412 382 237",
      "address": "53 Sheridan Avenue\nADAMSTOWN HEIGHTS\nNSW 2289",
      "email": "jennyc@castlechem.com",
      "dateofbirth": "04-Jan1953-",
      "landline": "02 4947 8261",
      "lastseen": "30-Jun-2023",
      "file_name": "Page 26.pdf"
    },
    {
      "first_name": "Winifred",
      "last_name": "Joan MacFarlan",
      "mobile": "0422 973 277",
      "address": "4 Kara Street\nADAMSTOWN HEIGHTS\nNSW 2289",
      "email": "elise_mansfield@yahoo",
      "dateofbirth": "11-Mar-1946",
      "landline": "02\n4943 7277",
      "lastseen": "30-Jun-2023",
      "file_name": "Page 26.pdf"
    },
    {
      "first_name": "Peter",
      "last_name": "John Howlett",
      "mobile": "0416 063 055",
      "address": "75 Madison Drive\nADAMSTOWN HEIGHTS NSW 2289",
      "email": "carlamurphy7@hotmail.c",
      "dateofbirth": "20-Feb-1952",
      "landline": "02 4942 5080",
      "lastseen": "30-Jun-2023",
      "file_name": "Page 26.pdf"
    },
    {
      "first_name": "Gregory",
      "last_name": "Rex Hern",
      "mobile": "0412 225 045",
      "address": "125 Princeton Avenue\nADAMSTOWN HEIGHTS\nNSW 2289",
      "email": "gayle_lorraine@yahoo.com",
      "dateofbirth": "23-Sept-1952",
      "landline": "02 4943\n3067",
      "lastseen": "30-Jun-2023",
      "file_name": "Page 26.pdf"
    },
    {
      "first_name": "Ann",
      "last_name": "Christine Edser",
      "mobile": "0404 047 480",
      "address": "6 Boronia Avenue\nADAMSTOWN HEIGHTS\nNSW 2289",
      "email": "chrisfang24@gmail.com",
      "dateofbirth": "11-Aug1946-",
      "landline": "02\n4952\n5619",
      "lastseen": "30-Jun-2023",
      "file_name": "Page 26.pdf"
    },
    {
      "first_name": "Loretta",
      "last_name": "Nicholls",
      "mobile": "0403 561 841",
      "address": "94 Northcott Drive\nADAMSTOWN HEIGHTS NSW 2289",
      "email": "gkelaher@tycoint.com",
      "dateofbirth": "21-Mar-1949",
      "landline": "02\n4957 5209",
      "lastseen": "30-Jun-2023",
      "file_name": "Page 26.pdf"
    },
    {
      "first_name": "Maria",
      "last_name": "Drozdzewski",
      "mobile": "0423\n192\n414",
      "address": "27 Terence Street\nADAMSTOWN HEIGHTS\nNSW 2289",
      "email": "robertpatel56@gmail.com",
      "dateofbirth": "10-Apr-1937",
      "landline": "02 4952\n2929",
      "lastseen": "30-Jun-2023",
      "file_name": "Page 26.pdf"
    },
    {
      "first_name": "Peter",
      "last_name": "Anthony Lee",
      "mobile": "0412\n571 741",
      "address": "44 Boronia Avenue\nADAMSTOWN HEIGHTS\nNSW 2289",
      "email": "glennchristin@yahoo.co...",
      "dateofbirth": "22-Dec-1939",
      "landline": "02 4957 2053",
      "lastseen": "30-Jun-2023",
      "file_name": "Page 26.pdf"
    },
    {
      "first_name": "William",
      "last_name": "Henry Wharton",
      "mobile": "0407\n451 781",
      "address": "13 Crossland Street\nADAMSTOWN HEIGHTS\nNSW 2289",
      "email": "julieanne_marshall@hot...",
      "dateofbirth": "14-Nov-1939",
      "landline": "02 4943 5658",
      "lastseen": "30-Jun-2023",
      "file_name": "Page 26.pdf"
    },
    {
      "first_name": "Kathryn",
      "last_name": "Knott",
      "mobile": "0413 915 183",
      "address": "150 Princeton Avenue\nADAMSTOWN HEIGHTS\nNSW 2289",
      "email": "helen.grivas@bigpond.com",
      "dateofbirth": "02-Jun1953-",
      "landline": "02 4943\n6906",
      "lastseen": "30-Jun-2023",
      "file_name": "Page 26.pdf"
    },
    {
      "first_name": "Daphne",
      "last_name": "Jean Thomas",
      "mobile": "0425 219 796",
      "address": "16 Dalvern Close\nADAMSTOWN HEIGHTS\nNSW 2289",
      "email": "essie_frost@yahoo.com.au",
      "dateofbirth": "12May--1938",
      "landline": "02 4943\n6127",
      "lastseen": "30-Jun-2023",
      "file_name": "Page 26.pdf"
    },
    {
      "first_name": "Nicole\nPhillips",
      "last_name": "",
      "mobile": "0478 070 872",
      "address": "75 Carolyn Street\nADAMSTOWN HEIGHTS\nNSW 2289",
      "email": "auchterlonie@optusnet.c...",
      "dateofbirth": "26-Feb-1967",
      "landline": "02 4957 1446",
      "lastseen": "30-Jun-2023",
      "file_name": "Page 26.pdf"
    },
    {
      "first_name": "Grant",
      "last_name": "Davis",
      "mobile": "0419 515 281",
      "address": "15 Caroona Close\nADAMSTOWN HEIGHTS NSW 2289",
      "email": "isabellalikescats@gmail....",
      "dateofbirth": "24-Oct1971-",
      "landline": "02 4943 0762",
      "lastseen": "30-Jun-2023",
      "file_name": "Page 26.pdf"
    },
    {
      "first_name": "James",
      "last_name": "Senior",
      "mobile": "0401 933 093",
      "address": "83 Madison Drive\nADAMSTOWN HEIGHTS\nNSW 2289",
      "email": "jmurray@virginbroadban...",
      "dateofbirth": "14-May-1981",
      "landline": "02\n4952\n5492",
      "lastseen": "30-Jun-2023",
      "file_name": "Page 26.pdf"
    },
    {
      "first_name": "Howard",
      "last_name": "Bird",
      "mobile": "0406 726 097",
      "address": "25 Carolyn Street\nADAMSTOWN HEIGHTS\nNSW 2289",
      "email": "diane.hay@optusnet.co...",
      "dateofbirth": "17-Feb1970-",
      "landline": "02 4957 7854",
      "lastseen": "30-Jun-2023",
      "file_name": "Page 26.pdf"
    },
    {
      "first_name": "Genevieve",
      "last_name": "C Ferguson",
      "mobile": "0422 864 101",
      "address": "6 Westwood Avenue\nADAMSTOWN HEIGHTS\nNSW 2289",
      "email": "umah56@gmail.com",
      "dateofbirth": "02-Apr-1973",
      "landline": "02 4920 7213",
      "lastseen": "30-Jun-2023",
      "file_name": "Page 26.pdf"
    },
    {
      "first_name": "la",
      "last_name": "A McLeod",
      "mobile": "0421 180 839",
      "address": "13 Merinda Close\nADAMSTOWN HEIGHTS\nNSW 2289",
      "email": "juniorhawke@hotmail.com",
      "dateofbirth": "21-Aug1941-",
      "landline": "02 4957 7470",
      "lastseen": "30-Jun-2023",
      "file_name": "Page 26.pdf"
    },
    {
      "first_name": "Cheryl",
      "last_name": "Read",
      "mobile": "0413 140 871",
      "address": "430 Brunker Road\nADAMSTOWN HEIGHTS NSW 2289",
      "email": "olbu@mail.com",
      "dateofbirth": "08-Jul-1947",
      "landline": "02 4943 7277",
      "lastseen": "30-Jun-2023",
      "file_name": "Page 26.pdf"
    },
    {
      "first_name": "Katie",
      "last_name": "Bates",
      "mobile": "0413 000 883",
      "address": "2 Randall Parade\nADAMSTOWN HEIGHTS\nNSW 2289",
      "email": "monkeymyers1@optusn...",
      "dateofbirth": "08-Feb-1985",
      "landline": "02\n4023\n3587",
      "lastseen": "30-Jun-2023",
      "file_name": "Page 26.pdf"
    },
    {
      "first_name": "John",
      "last_name": "MacFarlane",
      "mobile": "0401 106 675",
      "address": "4 Kara Street\nADAMSTOWN HEIGHTS NSW 2289",
      "email": "sandra@topnutrition.com...",
      "dateofbirth": "21Aug--1940",
      "landline": "02 4920 8661",
      "lastseen": "30-Jun-2023",
      "file_name": "Page 26.pdf"
    },
    {
      "first_name": "Geoffrey",
      "last_name": "Roser",
      "mobile": "0403 244 080",
      "address": "Unit 2 54 Garden Grove\nParade\nADAMSTOWN HEIGHTS\nNSW 2289",
      "email": "ross.baines@metrolimet...",
      "dateofbirth": "29-Jun-1950",
      "landline": "02\n4943\n7064",
      "lastseen": "30-Jun-2023",
      "file_name": "Page 26.pdf"
    },
    {
      "first_name": "Jennifer",
      "last_name": "Carruthers",
      "mobile": "0425 350 734",
      "address": "8 Astor Street\nADAMSTOWN HEIGHTS\nNSW 2289",
      "email": "rita@dipcoss.com",
      "dateofbirth": "03-Jun1962-",
      "landline": "02 4943 0992",
      "lastseen": "30-Jun-2023",
      "file_name": "Page 26.pdf"
    },
    {
      "first_name": "Lorraine\nYvonne",
      "last_name": "Mullins",
      "mobile": "0400 309 282",
      "address": "9 Astor Street\nADAMSTOWN HEIGHTS NSW 2289",
      "email": "Icburden@bigpond.com",
      "dateofbirth": "02-Sept1937-",
      "landline": "02\n4943 8377",
      "lastseen": "30-Jun-2023",
      "file_name": "Page 26.pdf"
    },
    {
      "first_name": "Robyn",
      "last_name": "Ellen Pinkerton",
      "mobile": "0403 041 061",
      "address": "2 Caroona Close\nADAMSTOWN HEIGHTS\nNSW 2289",
      "email": "cabbagethecattledog@g...",
      "dateofbirth": "17-Dec-1952",
      "landline": "02\n4956 4150",
      "lastseen": "30-Jun-2023",
      "file_name": "Page 26.pdf"
    },
    {
      "first_name": "Robyn",
      "last_name": "Kenna",
      "mobile": "0413 608 001",
      "address": "13 Sheridan Avenue\nADAMSTOWN HEIGHTS\nNSW 2289",
      "email": "maria.tynan@hunterwate...",
      "dateofbirth": "16-Jun-1953",
      "landline": "02 4956 2978",
      "lastseen": "30-Jun-2023",
      "file_name": "Page 26.pdf"
    },
    {
      "first_name": "Tracy",
      "last_name": "Fitzsimmons",
      "mobile": "0439 686 114",
      "address": "Unit 6 54 Garden Grove\nParade\nADAMSTOWN HEIGHTS\nNSW 2289",
      "email": "ejholdom@hotmail.com",
      "dateofbirth": "24-Jan-1968",
      "landline": "02 4920 8442",
      "lastseen": "30-Jun-2023",
      "file_name": "Page 26.pdf"
    },
    {
      "first_name": "J",
      "last_name": "Dalton",
      "mobile": "0417 123 174",
      "address": "20 Bulkara Street\nADAMSTOWN HEIGHTS\nNSW 2289",
      "email": "vetboy001@optusnet.co...",
      "dateofbirth": "18-Dec-1970",
      "landline": "02 4943 2849",
      "lastseen": "30-Jun-2023",
      "file_name": "Page 26.pdf"
    },
    {
      "first_name": "E",
      "last_name": "Mansfield",
      "mobile": "0420\n403\n144",
      "address": "Unit 19 102 Madison Drive\nADAMSTOWN HEIGHTS NSW 2289",
      "email": "guzanne@optusnet.com.au",
      "dateofbirth": "30-Mar-1986",
      "landline": "02 4947 8272",
      "lastseen": "30-Jun-2023",
      "file_name": "Page 26.pdf"
    },
    {
      "first_name": "Matt",
      "last_name": "Clements",
      "mobile": "0413 363 285",
      "address": "Unit 5 102 Madison Drive\nADAMSTOWN HEIGHTS\nNSW 2289",
      "email": "dave.ray@vodafone.com",
      "dateofbirth": "14-Apr-1988",
      "landline": "02 4952 3519",
      "lastseen": "30-Jun-2023",
      "file_name": "Page 26.pdf"
    },
    {
      "first_name": "Carla",
      "last_name": "Van Der Wel",
      "mobile": "0421\n188 074",
      "address": "57 Lucas Crescent\nADAMSTOWN HEIGHTS\nNSW 2289",
      "email": "c3164410@uon.edu.au",
      "dateofbirth": "16-Jun1981-",
      "landline": "02 4920 8153",
      "lastseen": "30-Jun-2023",
      "file_name": "Page 26.pdf"
    },
    {
      "first_name": "J",
      "last_name": "Wheeler",
      "address": "22 Astor Street\nADAMSTOWN HEIGHTS\nNSW 2289",
      "dateofbirth": "29Aug--1984",
      "landline": "02 4920 8397",
      "lastseen": "30-Jun-2023",
      "file_name": "Page 26.pdf"
    },
    {
      "first_name": "Gayle",
      "last_name": "Hopwood",
      "address": "3 Bulkara Street\nADAMSTOWN HEIGHTS\nNSW 2289",
      "dateofbirth": "28May--1954",
      "landline": "02 4952 7455",
      "lastseen": "30-Jun-2023",
      "file_name": "Page 26.pdf"
    },
    {
      "first_name": "Kent",
      "last_name": "Alexander Dwyer",
      "address": "28 Lexington Parade\nADAMSTOWN HEIGHTS\nNSW 2289",
      "dateofbirth": "29-Dec-1960",
      "landline": "02 4920 6406",
      "lastseen": "30-Jun-2023",
      "file_name": "Page 26.pdf"
    },
    {
      "first_name": "Chris",
      "last_name": "Heinjus",
      "address": "15 Edison Street\nADAMSTOWN HEIGHTS\nNSW 2289",
      "dateofbirth": "22-Sept1964-",
      "landline": "02 4943 5760",
      "lastseen": "30-Jun-2023",
      "file_name": "Page 26.pdf"
    },
    {
      "first_name": "Gemma",
      "last_name": "Kelaher",
      "address": "43 Faul Street\nADAMSTOWN HEIGHTS\nNSW 2289",
      "dateofbirth": "06-Mar1960-",
      "landline": "02\n4920\n6771",
      "lastseen": "30-Jun-2023",
      "file_name": "Page 26.pdf"
    },
    {
      "first_name": "Robert",
      "last_name": "Patel",
      "address": "25 Wade Street\nADAMSTOWN HEIGHTS\nNSW 2289",
      "dateofbirth": "23May--1956",
      "landline": "02 4942 1229",
      "lastseen": "30-Jun-2023",
      "file_name": "Page 26.pdf"
    },
    {
      "first_name": "Christina",
      "last_name": "See",
      "address": "82 Carolyn Street\nADAMSTOWN HEIGHTS\nNSW 2289",
      "dateofbirth": "07May--1962",
      "landline": "02 4943 3041",
      "lastseen": "30-Jun-2023",
      "file_name": "Page 26.pdf"
    },
    {
      "first_name": "Julie-Anne",
      "last_name": "Marshall",
      "address": "13 Northwood Street\nADAMSTOWN HEIGHTS",
      "dateofbirth": "15-Nov-1982",
      "landline": "02 4943 1995",
      "lastseen": "30-Jun-2023",
      "file_name": "Page 26.pdf"
    },
    {
      "first_name": "George",
      "last_name": "Grivas",
      "address": "1 Garden Grove Parade\nADAMSTOWN HEIGHTS\nNSW 2289",
      "dateofbirth": "19-Nov-1935",
      "landline": "02 4920 6767",
      "lastseen": "30-Jun-2023",
      "file_name": "Page 26.pdf"
    },
    {
      "first_name": "Esyrahlyn",
      "last_name": "Frost",
      "address": "5 Edison Street\nADAMSTOWN HEIGHTS\nNSW 2289",
      "dateofbirth": "03-Dec-1979",
      "landline": "06 1254 5799",
      "lastseen": "30-Jun-2023",
      "file_name": "Page 26.pdf"
    },
    {
      "first_name": "Michelle",
      "last_name": "Fairfull우",
      "address": "119 Lexington Parade\nADAMSTOWN HEIGHTS\nNSW 2289",
      "dateofbirth": "21-Jun1962-",
      "landline": "02 4943 5178",
      "lastseen": "30-Jun-2023",
      "file_name": "Page 26.pdf"
    },
    {
      "first_name": "Melanie",
      "last_name": "Gibson",
      "address": "40 Faul Street\nADAMSTOWN HEIGHTS\nNSW 2289",
      "dateofbirth": "25-Nov1972-",
      "landline": "02 4943 9699",
      "lastseen": "30-Jun-2023",
      "file_name": "Page 26.pdf"
    },
    {
      "first_name": "John",
      "last_name": "Murray",
      "address": "14 Fernleigh Loop\nADAMSTOWN HEIGHTS NSW 2289",
      "dateofbirth": "07Jun-1950-",
      "landline": "02 4943 9699",
      "lastseen": "30-Jun-2023",
      "file_name": "Page 26.pdf"
    },
    {
      "first_name": "Diane",
      "last_name": "Hay",
      "address": "Unit 2 7A Madera Close\nADAMSTOWN HEIGHTS\nNSW 2289",
      "dateofbirth": "06-Jul1942-",
      "landline": "02 4957 5674",
      "lastseen": "30-Jun-2023",
      "file_name": "Page 26.pdf"
    },
    {
      "first_name": "Umahdevi",
      "last_name": "Nagamuthu",
      "address": "16 Hillcrest Parade\nADAMSTOWN HEIGHTS\nNSW 2289",
      "dateofbirth": "15-Nov-1956",
      "landline": "02 4943\n8284",
      "lastseen": "30-Jun-2023",
      "file_name": "Page 26.pdf"
    },
    {
      "first_name": "Matthew",
      "last_name": "Hawked",
      "address": "1 Randall Parade\nADAMSTOWN HEIGHTS\nNSW 2289",
      "dateofbirth": "14-Apr-1977",
      "landline": "02 4943 8284",
      "lastseen": "30-Jun-2023",
      "file_name": "Page 26.pdf"
    },
    {
      "first_name": "Natpatsorn",
      "last_name": "Oliver",
      "address": "53 Lucas Crescent\nADAMSTOWN HEIGHTS\nNSW 2289",
      "dateofbirth": "30Aug--1956",
      "landline": "02\n4942\n2444",
      "lastseen": "30-Jun-2023",
      "file_name": "Page 26.pdf"
    },
    {
      "first_name": "Kathleen",
      "last_name": "KennedyMyers-",
      "address": "45 Lucas Crescent\nADAMSTOWN HEIGHTS\nNSW 2289",
      "dateofbirth": "29-Jun1974-",
      "landline": "02\n4952\n2492",
      "lastseen": "30-Jun-2023",
      "file_name": "Page 26.pdf"
    },
    {
      "first_name": "Sandra",
      "last_name": "Hartono",
      "address": "167 Princeton Avenue\nADAMSTOWN HEIGHTS\nNSW 2289",
      "dateofbirth": "05May--1963",
      "landline": "02 4943 8303",
      "lastseen": "30-Jun2023-",
      "file_name": "Page 26.pdf"
    },
    {
      "first_name": "Ross",
      "last_name": "Baines",
      "address": "74 Madison Drive\nADAMSTOWN HEIGHTS\nNSW 2289",
      "dateofbirth": "06May--1966",
      "landline": "02\n4943\n4013",
      "lastseen": "30-Jun-2023",
      "file_name": "Page 26.pdf"
    },
    {
      "first_name": "Rita",
      "last_name": "Di Prinzio",
      "address": "4 Montana Close\nADAMSTOWN HEIGHTS\nNSW 2289",
      "dateofbirth": "11-Aug1955-",
      "landline": "02\n4942\n4039",
      "lastseen": "30-Jun-2023",
      "file_name": "Page 26.pdf"
    },
    {
      "first_name": "Anne",
      "last_name": "Brogan",
      "address": "44 Madison Drive\nADAMSTOWN HEIGHTS\nNSW 2289",
      "dateofbirth": "16-Sept1940-",
      "landline": "02 4920\n6356",
      "lastseen": "30-Jun-2023",
      "file_name": "Page 26.pdf"
    },
    {
      "first_name": "Daniel",
      "last_name": "Anthony Brogan",
      "address": "44 Madison Drive\nADAMSTOWN HEIGHTS\nNSW 2289",
      "dateofbirth": "24Aug--1937",
      "landline": "02 4942\n4406",
      "lastseen": "30-Jun-2023",
      "file_name": "Page 26.pdf"
    },
    {
      "first_name": "John",
      "last_name": "Robert Litchfield",
      "address": "101 Garden Grove Parade\nADAMSTOWN HEIGHTS\nNSW 2289",
      "dateofbirth": "14-Nov-1937",
      "landline": "02 4947 8019",
      "lastseen": "30-Jun-2023",
      "file_name": "Page 26.pdf"
    },
    {
      "first_name": "Ann",
      "last_name": "Maree Keating",
      "address": "26 Melissa Avenue\nADAMSTOWN HEIGHTS\nNSW 2289",
      "dateofbirth": "24-Sept1959-",
      "landline": "02 4943\n1383",
      "lastseen": "30-Jun-2023",
      "file_name": "Page 26.pdf"
    },
    {
      "first_name": "David",
      "last_name": "James Keating",
      "address": "26 Melissa Avenue\nADAMSTOWN HEIGHTS\nNSW 2289",
      "dateofbirth": "15-Sept-1984",
      "landline": "02 4942\n4406",
      "lastseen": "30-Jun-2023",
      "file_name": "Page 26.pdf"
    },
    {
      "first_name": "Beverley",
      "last_name": "Ann Medlicott",
      "address": "122 Princeton Avenue\nADAMSTOWN HEIGHTS\nNSW 2289",
      "dateofbirth": "18Jun-1942-",
      "landline": "02 4957 7062",
      "lastseen": "30-Jun-2023",
      "file_name": "Page 26.pdf"
    },
    {
      "first_name": "William",
      "last_name": "Norman Giles",
      "address": "22 Wade Street\nADAMSTOWN HEIGHTS\nNSW 2289",
      "dateofbirth": "08-Dec-1938",
      "landline": "02\n4943\n9086",
      "lastseen": "30-Jun-2023",
      "file_name": "Page 26.pdf"
    },
    {
      "first_name": "Keffa\nLouise",
      "last_name": "Heaney",
      "address": "24 Montrose Avenue\nADAMSTOWN HEIGHTS\nNSW 2289",
      "dateofbirth": "17-Jan-1983",
      "landline": "02\n4943\n4434",
      "lastseen": "30-Jun-2023",
      "file_name": "Page 26.pdf"
    },
    {
      "first_name": "Niki",
      "last_name": "Georgiou",
      "address": "11 Melissa Avenue\nADAMSTOWN HEIGHTS\nNSW 2289",
      "dateofbirth": "16-\nMay-1941",
      "landline": "02\n4943 0087",
      "lastseen": "30-Jun-2023",
      "file_name": "Page 26.pdf"
    },
    {
      "first_name": "Gary",
      "last_name": "Brian Watkins",
      "address": "40 Montrose Avenue\nADAMSTOWN HEIGHTS\nNSW 2289",
      "dateofbirth": "25-Nov-1948",
      "lastseen": "30-Jun-2023",
      "file_name": "Page 26.pdf"
    },
    {
      "first_name": "Wallace",
      "last_name": "Allen Johnston",
      "address": "15 Ashbury Street\nADAMSTOWN HEIGHTS\nNSW 2289",
      "dateofbirth": "19-Apr-1957",
      "lastseen": "30-Jun-2023",
      "file_name": "Page 26.pdf"
    },
    {
      "first_name": "Cath",
      "last_name": "Burden",
      "address": "33 Fernleigh Loop\nADAMSTOWN HEIGHTS\nNSW 2289",
      "dateofbirth": "17-Dec-1968",
      "lastseen": "30-Jun-2023",
      "file_name": "Page 26.pdf"
    },
    {
      "first_name": "Michael",
      "last_name": "Addisonở",
      "address": "129 Princeton Avenue\nADAMSTOWN HEIGHTS NSW 2289",
      "dateofbirth": "24-Dec-1970",
      "lastseen": "30-Jun-2023",
      "file_name": "Page 26.pdf"
    },
    {
      "first_name": "Maria",
      "last_name": "Tynan",
      "address": "17 Boronia Avenue\nADAMSTOWN HEIGHTS\nNSW 2289",
      "dateofbirth": "23-Nov1954-",
      "lastseen": "30-Jun-2023",
      "file_name": "Page 26.pdf"
    },
    {
      "first_name": "Elaine",
      "last_name": "Holdom",
      "address": "109 Princeton Avenue\nADAMSTOWN HEIGHTS\nNSW 2289",
      "dateofbirth": "10May--1945",
      "lastseen": "30-Jun-2023",
      "file_name": "Page 26.pdf"
    },
    {
      "first_name": "Christopher",
      "last_name": "McCarthy",
      "address": "1 South Street\nADAMSTOWN HEIGHTS NSW 2289",
      "dateofbirth": "06May--1971",
      "lastseen": "30-Jun-2023",
      "file_name": "Page 26.pdf"
    },
    {
      "first_name": "Grant",
      "last_name": "Davis",
      "address": "15 Caroona Close\nADAMSTOWN HEIGHTS\nNSW 2289",
      "dateofbirth": "01-\nSept1962-",
      "lastseen": "30-Jun-2023",
      "file_name": "Page 26.pdf"
    },
    {
      "first_name": "David",
      "last_name": "Ray",
      "address": "12 Ellerslie Road\nADAMSTOWN HEIGHTS\nNSW 2289",
      "dateofbirth": "20-Feb-1972",
      "lastseen": "30-Jun-\n2023",
      "file_name": "Page 26.pdf"
    },
    {
      "first_name": "Lawrence",
      "last_name": "D Burden",
      "address": "33 Fernleigh Loop ADAMSTOWN HEIGHTS NSW 2289",
      "dateofbirth": "03Aug-\n-1967",
      "lastseen": "30-Jun-2023",
      "file_name": "Page 26.pdf"
    },
    {
      "first_name": "M",
      "last_name": "Pagey\nJane",
      "address": "15 Boronia Avenue\nADAMSTOWN HEIGHTS NSW 2289",
      "dateofbirth": "20-Jan1969-",
      "lastseen": "30-Jun-2023",
      "file_name": "Page 26.pdf"
    },
    {
      "first_name": "J",
      "last_name": "Whitton\nDavid",
      "address": "15 Stayton Street\nADAMSTOWN HEIGHTS\nNSW 2289",
      "dateofbirth": "25-Mar-1943",
      "lastseen": "30-Jun-2023",
      "file_name": "Page 26.pdf"
    },
    {
      "first_name": "Glenn",
      "last_name": "Skelly",
      "address": "33 Corriston Crescent\nADAMSTOWN HEIGHTS\nNSW 2289",
      "dateofbirth": "12-Jan-1972",
      "lastseen": "30-Jun-2023",
      "file_name": "Page 26.pdf"
    },
    {
      "first_name": "Chloe",
      "last_name": "Morgan",
      "address": "24 Ellerslie Road\nADAMSTOWN HEIGHTS NSW 2289",
      "dateofbirth": "28-Mar-1947",
      "lastseen": "30-Jun-2023",
      "file_name": "Page 26.pdf"
    }
  ],
  "filtered_records": [
    {
      "first_name": "Jan",
      "last_name": "Christine Wallis",
      "mobile": "0431091688",
      "address": "97 Carolyn Street\nADAMSTOWN HEIGHTS NSW 2289",
      "email": "bernie.vicki.flynn@hotma...",
      "dateofbirth": "11-Sept-1950",
      "landline": "02 4943 0701",
      "lastseen": "30-Jun-2023",
      "file_name": "Page 27.pdf"
    },
    {
      "first_name": "Barbara",
      "last_name": "Sleishman",
      "mobile": "0458771006",
      "address": "32 Madison Drive\nADAMSTOWN HEIGHTS\nNSW 2289",
      "email": "dupont@aapt.net.au",
      "dateofbirth": "12-Mar1939-",
      "landline": "02 4942 2373",
      "lastseen": "30-Jun-2023",
      "file_name": "Page 27.pdf"
    },
    {
      "first_name": "Bernard",
      "last_name": "Flynn",
      "mobile": "0402436349",
      "address": "7 Lansbury Close\nADAMSTOWN HEIGHTS NSW 2289",
      "email": "fireflydesign@bigpond.com",
      "dateofbirth": "23-Mar-1953",
      "landline": "02 4943 6350",
      "lastseen": "30-Jun-2023",
      "file_name": "Page 27.pdf"
    },
    {
      "first_name": "Sandra",
      "last_name": "Dupont",
      "mobile": "0425292021",
      "address": "33A City Road\nADAMSTOWN HEIGHTS NSW 2289",
      "email": "steve@southleagues.co",
      "dateofbirth": "01Aug-1950-",
      "landline": "02 4957 9039",
      "lastseen": "30-Jun-2023",
      "file_name": "Page 27.pdf"
    },
    {
      "first_name": "Kristine",
      "last_name": "McAlpine",
      "mobile": "0422184258",
      "address": "9 Colarado Street\nADAMSTOWN HEIGHTS\nNSW 2289",
      "email": "sdevo@exemail.com.au",
      "dateofbirth": "16May--1973",
      "landline": "02 4920 8832",
      "lastseen": "30-Jun-2023",
      "file_name": "Page 27.pdf"
    },
    {
      "first_name": "Stephen",
      "last_name": "Pringle",
      "mobile": "0414431151",
      "address": "16 Kinross Avenue\nADAMSTOWN HEIGHTS NSW 2289",
      "email": "hdb@hotkey.net.au",
      "dateofbirth": "25May--1970",
      "landline": "02 4023 7526",
      "lastseen": "30-Jun-2023",
      "file_name": "Page 27.pdf"
    },
    {
      "first_name": "Stephen",
      "last_name": "Deveridge",
      "mobile": "0404842353",
      "address": "6 Banksia Close\nADAMSTOWN HEIGHTS\nNSW 2289",
      "email": "markandnatasha@bigpo",
      "dateofbirth": "04May--1952",
      "landline": "02 4920 6767",
      "lastseen": "30-Jun-2023",
      "file_name": "Page 27.pdf"
    },
    {
      "first_name": "Howard",
      "last_name": "Benson",
      "mobile": "0407786029",
      "address": "2 Madison Drive\nADAMSTOWN HEIGHTS\nNSW 2289",
      "email": "mcairns@kooee.com.au",
      "dateofbirth": "08Aug--1947",
      "landline": "02 4943 6043",
      "lastseen": "30-Jun-2023",
      "file_name": "Page 27.pdf"
    },
    {
      "first_name": "Mark",
      "last_name": "Andrei",
      "mobile": "0421756786",
      "address": "2 Claremont Avenue\nADAMSTOWN HEIGHTS NSW 2289",
      "email": "hilnric@gmail.com",
      "dateofbirth": "16-Feb-1972",
      "landline": "02 4952 6279",
      "lastseen": "30-Jun-2023",
      "file_name": "Page 27.pdf"
    },
    {
      "first_name": "Maxwell",
      "last_name": "Cairns",
      "mobile": "0425315063",
      "address": "20 Astor Street\nADAMSTOWN HEIGHTS\nNSW 2289",
      "email": "nerida_ian@bigpond.com",
      "dateofbirth": "28-Mar-1950",
      "landline": "02 4942 2577",
      "lastseen": "30-Jun-2023",
      "file_name": "Page 27.pdf"
    },
    {
      "first_name": "Hilary",
      "last_name": "Barbour",
      "mobile": "0439730526",
      "address": "26 Kempwood Close\nADAMSTOWN HEIGHTS\nNSW 2289",
      "email": "greg_corbett@bigfoot.com",
      "dateofbirth": "19-Sept1955-",
      "landline": "02 4943 3843",
      "lastseen": "30-Jun-2023",
      "file_name": "Page 27.pdf"
    },
    {
      "first_name": "Nerida",
      "last_name": "Miller",
      "mobile": "0402658741",
      "address": "154 Princeton Avenue\nADAMSTOWN HEIGHTS NSW 2289",
      "email": "nataliedaly@live.com",
      "dateofbirth": "13-Apr-1946",
      "landline": "02 4957 3883",
      "lastseen": "30-Jun-2023",
      "file_name": "Page 27.pdf"
    },
    {
      "first_name": "NA",
      "last_name": "Croese",
      "mobile": "0402406049",
      "address": "27 Dalvern Close\nADAMSTOWN HEIGHTS\nNSW 2289",
      "email": "tanjabronkhorst@hotmail...",
      "dateofbirth": "01Apr--1954",
      "landline": "02 4943 2850",
      "lastseen": "30-Jun-2023",
      "file_name": "Page 27.pdf"
    },
    {
      "first_name": "Greg",
      "last_name": "Corbett",
      "mobile": "0414654622",
      "address": "9 Faul Street\nADAMSTOWN HEIGHTS\nNSW 2289",
      "email": "76.antman@gmail.com",
      "dateofbirth": "06-Dec-1985",
      "landline": "02 4952 2680",
      "lastseen": "30-Jun-2023",
      "file_name": "Page 27.pdf"
    },
    {
      "first_name": "Natalie",
      "last_name": "Daly",
      "mobile": "0410486690",
      "address": "5 Randall Parade\nADAMSTOWN HEIGHTS\nNSW 2289",
      "email": "jenniferhopkins10@gmail...",
      "dateofbirth": "24-Apr-1965",
      "landline": "02 4920 8691",
      "lastseen": "30-Jun-2023",
      "file_name": "Page 27.pdf"
    },
    {
      "first_name": "Anskje",
      "last_name": "Bronkhorst",
      "mobile": "0438301281",
      "address": "18A Hillcrest Parade\nADAMSTOWN HEIGHTS\nNSW 2289",
      "email": "rebeccamarie1987@hot",
      "dateofbirth": "11-Jul-1938",
      "landline": "02 4942 5221",
      "lastseen": "30-Jun-2023",
      "file_name": "Page 27.pdf"
    },
    {
      "first_name": "Anthony",
      "last_name": "Walshe",
      "mobile": "0423900809",
      "address": "107 Madison Drive\nADAMSTOWN HEIGHTS\nNSW 2289",
      "email": "shannonkelly@outlook.c...",
      "dateofbirth": "01-Jan1980-",
      "landline": "02 4952 2286",
      "lastseen": "30-Jun-2023",
      "file_name": "Page 27.pdf"
    },
    {
      "first_name": "Jennifer",
      "last_name": "Claire Hopkins",
      "mobile": "0403997079",
      "address": "11 Edison Street\nADAMSTOWN HEIGHTS\nNSW 2289",
      "email": "marisproductions@bigpo...",
      "dateofbirth": "26May--1973",
      "landline": "02 4952 2351",
      "lastseen": "30-Jun-2023",
      "file_name": "Page 27.pdf"
    },
    {
      "first_name": "Patricia",
      "last_name": "Margaret Hardy",
      "mobile": "0410288907",
      "address": "13 Dalvern Close\nADAMSTOWN HEIGHTS\nNSW 2289",
      "email": "nath.eltis@exemail.com.au",
      "dateofbirth": "01May--1987",
      "landline": "02 4942 1581",
      "lastseen": "30-Jun-2023",
      "file_name": "Page 27.pdf"
    },
    {
      "first_name": "Ross",
      "last_name": "Cairns",
      "mobile": "0421288019",
      "address": "2 Murray Street\nADAMSTOWN HEIGHTS\nNSW 2289",
      "email": "monkeymyers1@optusn...",
      "dateofbirth": "11-Oct1976-",
      "landline": "02 4943 7026",
      "lastseen": "30-Jun-2023",
      "file_name": "Page 27.pdf"
    },
    {
      "first_name": "Rebecca",
      "last_name": "Blunt",
      "mobile": "0408657725",
      "address": "20 Rosemont Street\nADAMSTOWN HEIGHTS\nNSW 2289",
      "email": "ireland.robert@gmail.com",
      "dateofbirth": "30May--1981",
      "landline": "02 4942 2080",
      "lastseen": "30-Jun-2023",
      "file_name": "Page 27.pdf"
    },
    {
      "first_name": "Dinh",
      "last_name": "The",
      "mobile": "0421968774",
      "address": "103 Lexington Parade\nADAMSTOWN HEIGHTS\nNSW 2289",
      "email": "jhu850ghes@tassie.net.au",
      "dateofbirth": "02-Oct1978-",
      "landline": "02 4920 7072",
      "lastseen": "30-Jun-2023",
      "file_name": "Page 27.pdf"
    },
    {
      "first_name": "Xuan",
      "last_name": "Cao",
      "mobile": "0438534787",
      "address": "117 Lexington Parade\nADAMSTOWN HEIGHTS\nNSW 2289",
      "email": "pevekartejas@yahoo.com",
      "dateofbirth": "27-Mar-1980",
      "landline": "02 4943 8749",
      "lastseen": "30-Jun-2023",
      "file_name": "Page 27.pdf"
    },
    {
      "first_name": "Shannon",
      "last_name": "Kelly",
      "mobile": "0422155175",
      "address": "4 Muraban Street\nADAMSTOWN HEIGHTS\nNSW 2289",
      "email": "rigo@aanet.com.au",
      "dateofbirth": "12-Jul-1969",
      "landline": "02 4942 2448",
      "lastseen": "30-Jun-2023",
      "file_name": "Page 27.pdf"
    },
    {
      "first_name": "Chris",
      "last_name": "D Tester",
      "mobile": "0402703797",
      "address": "496 Brunker Road\nADAMSTOWN HEIGHTS NSW 2289",
      "email": "pranilpatel@hotmail.com",
      "dateofbirth": "11-Apr-1975",
      "landline": "02 4957 2629",
      "lastseen": "30-Jun-2023",
      "file_name": "Page 27.pdf"
    },
    {
      "first_name": "Malcolm",
      "last_name": "Crain",
      "mobile": "0408499717",
      "address": "87 Carolyn Street\nADAMSTOWN HEIGHTS\nNSW 2289",
      "email": "spyrdz@hotmail.com",
      "dateofbirth": "14-Sept1966-",
      "landline": "02 4943 7194",
      "lastseen": "30-Jun-2023",
      "file_name": "Page 27.pdf"
    },
    {
      "first_name": "NB",
      "last_name": "Bell",
      "mobile": "0416644005",
      "address": "193 Northcott Drive\nADAMSTOWN HEIGHTS NSW 2289",
      "email": "dangabe@iprimus.com.au",
      "dateofbirth": "04-Jul-1970",
      "landline": "02 4960 1707",
      "lastseen": "30-Jun-2023",
      "file_name": "Page 27.pdf"
    },
    {
      "first_name": "Nathan",
      "last_name": "Eltis",
      "mobile": "0438478802",
      "address": "17 Elton Close\nADAMSTOWN HEIGHTS\nNSW 2289",
      "email": "kellduff@hotmail.com",
      "dateofbirth": "25-Apr-1985",
      "landline": "",
      "lastseen": "30-Jun-2023",
      "file_name": "Page 27.pdf"
    },
    {
      "first_name": "Shane",
      "last_name": "Myers",
      "mobile": "0418282429",
      "address": "45 Lucas Crescent\nADAMSTOWN HEIGHTS\nNSW 2289",
      "email": "clint bec@hotmail.com",
      "dateofbirth": "01-Sept1982-",
      "landline": "",
      "lastseen": "30-Jun-2023",
      "file_name": "Page 27.pdf"
    },
    {
      "first_name": "Bitte",
      "last_name": "Single",
      "mobile": "0407952847",
      "address": "29 Lucas Crescent\nADAMSTOWN HEIGHTS\nNSW 2289",
      "email": "murreerussell@bigpond....",
      "dateofbirth": "21Jun-1943-",
      "landline": "",
      "lastseen": "30-Jun-2023",
      "file_name": "Page 27.pdf"
    },
    {
      "first_name": "HD",
      "last_name": "Benson",
      "mobile": "0418434215",
      "address": "2 Madison Drive\nADAMSTOWN HEIGHTS\nNSW 2289",
      "email": "hmbaines74@gmail.com",
      "dateofbirth": "10-May-1939",
      "landline": "",
      "lastseen": "30-Jun-2023",
      "file_name": "Page 27.pdf"
    },
    {
      "first_name": "Chad",
      "last_name": "Russell",
      "mobile": "0423255065",
      "address": "28 Clinton Avenue\nADAMSTOWN HEIGHTS\nNSW 2289",
      "email": "janice.norman24@bigpo...",
      "dateofbirth": "22Jul--1958",
      "landline": "",
      "lastseen": "30-Jun-2023",
      "file_name": "Page 27.pdf"
    },
    {
      "first_name": "Robert",
      "last_name": "Ireland",
      "mobile": "0455125555",
      "address": "20 Corriston Crescent\nADAMSTOWN HEIGHTS\nNSW 2289",
      "email": "the_blunts@hotmail.com",
      "dateofbirth": "23-Mar-1943",
      "landline": "",
      "lastseen": "30-Jun-2023",
      "file_name": "Page 27.pdf"
    },
    {
      "first_name": "PD",
      "last_name": "Passlow",
      "mobile": "0448949369",
      "address": "10 Wade Street\nADAMSTOWN HEIGHTS NSW 2289",
      "email": "aadraka@usa.net",
      "dateofbirth": "03-Jan-1986",
      "landline": "",
      "lastseen": "30-Jun-2023",
      "file_name": "Page 27.pdf"
    },
    {
      "first_name": "PJ",
      "last_name": "Mansfield",
      "mobile": "0407790159",
      "address": "124 Princeton Avenue\nADAMSTOWN HEIGHTS\nNSW 2289",
      "email": "sebeling23@gmail.com",
      "dateofbirth": "07-Nov-1971",
      "landline": "",
      "lastseen": "30-Jun-2023",
      "file_name": "Page 27.pdf"
    },
    {
      "first_name": "JR",
      "last_name": "Stuart",
      "mobile": "0404060345",
      "address": "10 Bolivia Close\nADAMSTOWN HEIGHTS\nNSW 2289",
      "email": "",
      "dateofbirth": "09-Jan-1941",
      "landline": "",
      "lastseen": "30-Jun-2023",
      "file_name": "Page 27.pdf"
    },
    {
      "first_name": "Sandra",
      "last_name": "Sherwin Craig",
      "mobile": "0407260689",
      "address": "NSW 2289 35 Madison Drive\nADAMSTOWN HEIGHTS",
      "email": "golden3@ms10.hinet.net",
      "dateofbirth": "30-Nov-1946",
      "landline": "02 4943 3349",
      "lastseen": "30-Jun-2023",
      "file_name": "Page 26.pdf"
    },
    {
      "first_name": "Jone",
      "last_name": "Laskovski",
      "mobile": "0458790381",
      "address": "18 Faul Street\nADAMSTOWN HEIGHTS NSW 2289",
      "email": "ghern@ncc.nsw.gov.au",
      "dateofbirth": "16-Dec-1952",
      "landline": "02 4943 3632",
      "lastseen": "30-Jun-2023",
      "file_name": "Page 26.pdf"
    },
    {
      "first_name": "Marjorie",
      "last_name": "Rosenbaum",
      "mobile": "0417123174",
      "address": "114 Northcott Drive\nADAMSTOWN HEIGHTS\nNSW 2289",
      "email": "epaint@bigpond.net.au",
      "dateofbirth": "10-Jul-1940",
      "landline": "02 4957 4705",
      "lastseen": "30-Jun-2023",
      "file_name": "Page 26.pdf"
    },
    {
      "first_name": "Betty",
      "last_name": "Louise Rich",
      "mobile": "0431542878",
      "address": "161 Northcott Drive\nADAMSTOWN HEIGHTS\nNSW 2289",
      "email": "nic.d.p@hotmail.com",
      "dateofbirth": "19-Dec-1935",
      "landline": "02 4957 4740",
      "lastseen": "30-Jun-2023",
      "file_name": "Page 26.pdf"
    },
    {
      "first_name": "Louise",
      "last_name": "Boyd",
      "mobile": "0431068202",
      "address": "24 Sheridan Avenue\nADAMSTOWN HEIGHTS\nNSW 2289",
      "email": "guzanne@optusnet.com.au",
      "dateofbirth": "29-Mar-1954",
      "landline": "02\n4943\n2260",
      "lastseen": "30-Jun-2023",
      "file_name": "Page 26.pdf"
    },
    {
      "first_name": "Susan",
      "last_name": "Maree Ebeling",
      "mobile": "0421783578",
      "address": "3 Myrtle Close ADAMSTOWN HEIGHTS\nNSW 2289",
      "email": "ktcarruthers@gmail.com",
      "dateofbirth": "05-Jan-1955",
      "landline": "02\n4943\n2838",
      "lastseen": "30-Jun-2023",
      "file_name": "Page 26.pdf"
    },
    {
      "first_name": "Jan",
      "last_name": "Elizabeth Edwards",
      "mobile": "0412382237",
      "address": "53 Sheridan Avenue\nADAMSTOWN HEIGHTS\nNSW 2289",
      "email": "jennyc@castlechem.com",
      "dateofbirth": "04-Jan1953-",
      "landline": "02 4947 8261",
      "lastseen": "30-Jun-2023",
      "file_name": "Page 26.pdf"
    },
    {
      "first_name": "Winifred",
      "last_name": "Joan MacFarlan",
      "mobile": "0422973277",
      "address": "4 Kara Street\nADAMSTOWN HEIGHTS\nNSW 2289",
      "email": "elise_mansfield@yahoo",
      "dateofbirth": "11-Mar-1946",
      "landline": "02\n4943 7277",
      "lastseen": "30-Jun-2023",
      "file_name": "Page 26.pdf"
    },
    {
      "first_name": "Peter",
      "last_name": "John Howlett",
      "mobile": "0416063055",
      "address": "75 Madison Drive\nADAMSTOWN HEIGHTS NSW 2289",
      "email": "carlamurphy7@hotmail.c",
      "dateofbirth": "20-Feb-1952",
      "landline": "02 4942 5080",
      "lastseen": "30-Jun-2023",
      "file_name": "Page 26.pdf"
    },
    {
      "first_name": "Gregory",
      "last_name": "Rex Hern",
      "mobile": "0412225045",
      "address": "125 Princeton Avenue\nADAMSTOWN HEIGHTS\nNSW 2289",
      "email": "gayle_lorraine@yahoo.com",
      "dateofbirth": "23-Sept-1952",
      "landline": "02 4943\n3067",
      "lastseen": "30-Jun-2023",
      "file_name": "Page 26.pdf"
    },
    {
      "first_name": "Ann",
      "last_name": "Christine Edser",
      "mobile": "0404047480",
      "address": "6 Boronia Avenue\nADAMSTOWN HEIGHTS\nNSW 2289",
      "email": "chrisfang24@gmail.com",
      "dateofbirth": "11-Aug1946-",
      "landline": "02\n4952\n5619",
      "lastseen": "30-Jun-2023",
      "file_name": "Page 26.pdf"
    },
    {
      "first_name": "Loretta",
      "last_name": "Nicholls",
      "mobile": "0403561841",
      "address": "94 Northcott Drive\nADAMSTOWN HEIGHTS NSW 2289",
      "email": "gkelaher@tycoint.com",
      "dateofbirth": "21-Mar-1949",
      "landline": "02\n4957 5209",
      "lastseen": "30-Jun-2023",
      "file_name": "Page 26.pdf"
    },
    {
      "first_name": "Maria",
      "last_name": "Drozdzewski",
      "mobile": "0423192414",
      "address": "27 Terence Street\nADAMSTOWN HEIGHTS\nNSW 2289",
      "email": "robertpatel56@gmail.com",
      "dateofbirth": "10-Apr-1937",
      "landline": "02 4952\n2929",
      "lastseen": "30-Jun-2023",
      "file_name": "Page 26.pdf"
    },
    {
      "first_name": "Peter",
      "last_name": "Anthony Lee",
      "mobile": "0412571741",
      "address": "44 Boronia Avenue\nADAMSTOWN HEIGHTS\nNSW 2289",
      "email": "glennchristin@yahoo.co...",
      "dateofbirth": "22-Dec-1939",
      "landline": "02 4957 2053",
      "lastseen": "30-Jun-2023",
      "file_name": "Page 26.pdf"
    },
    {
      "first_name": "William",
      "last_name": "Henry Wharton",
      "mobile": "0407451781",
      "address": "13 Crossland Street\nADAMSTOWN HEIGHTS\nNSW 2289",
      "email": "julieanne_marshall@hot...",
      "dateofbirth": "14-Nov-1939",
      "landline": "02 4943 5658",
      "lastseen": "30-Jun-2023",
      "file_name": "Page 26.pdf"
    },
    {
      "first_name": "Kathryn",
      "last_name": "Knott",
      "mobile": "0413915183",
      "address": "150 Princeton Avenue\nADAMSTOWN HEIGHTS\nNSW 2289",
      "email": "helen.grivas@bigpond.com",
      "dateofbirth": "02-Jun1953-",
      "landline": "02 4943\n6906",
      "lastseen": "30-Jun-2023",
      "file_name": "Page 26.pdf"
    },
    {
      "first_name": "Daphne",
      "last_name": "Jean Thomas",
      "mobile": "0425219796",
      "address": "16 Dalvern Close\nADAMSTOWN HEIGHTS\nNSW 2289",
      "email": "essie_frost@yahoo.com.au",
      "dateofbirth": "12May--1938",
      "landline": "02 4943\n6127",
      "lastseen": "30-Jun-2023",
      "file_name": "Page 26.pdf"
    },
    {
      "first_name": "Nicole\nPhillips",
      "last_name": "",
      "mobile": "0478070872",
      "address": "75 Carolyn Street\nADAMSTOWN HEIGHTS\nNSW 2289",
      "email": "auchterlonie@optusnet.c...",
      "dateofbirth": "26-Feb-1967",
      "landline": "02 4957 1446",
      "lastseen": "30-Jun-2023",
      "file_name": "Page 26.pdf"
    },
    {
      "first_name": "Grant",
      "last_name": "Davis",
      "mobile": "0419515281",
      "address": "15 Caroona Close\nADAMSTOWN HEIGHTS NSW 2289",
      "email": "isabellalikescats@gmail....",
      "dateofbirth": "24-Oct1971-",
      "landline": "02 4943 0762",
      "lastseen": "30-Jun-2023",
      "file_name": "Page 26.pdf"
    },
    {
      "first_name": "James",
      "last_name": "Senior",
      "mobile": "0401933093",
      "address": "83 Madison Drive\nADAMSTOWN HEIGHTS\nNSW 2289",
      "email": "jmurray@virginbroadban...",
      "dateofbirth": "14-May-1981",
      "landline": "02\n4952\n5492",
      "lastseen": "30-Jun-2023",
      "file_name": "Page 26.pdf"
    },
    {
      "first_name": "Howard",
      "last_name": "Bird",
      "mobile": "0406726097",
      "address": "25 Carolyn Street\nADAMSTOWN HEIGHTS\nNSW 2289",
      "email": "diane.hay@optusnet.co...",
      "dateofbirth": "17-Feb1970-",
      "landline": "02 4957 7854",
      "lastseen": "30-Jun-2023",
      "file_name": "Page 26.pdf"
    },
    {
      "first_name": "Genevieve",
      "last_name": "C Ferguson",
      "mobile": "0422864101",
      "address": "6 Westwood Avenue\nADAMSTOWN HEIGHTS\nNSW 2289",
      "email": "umah56@gmail.com",
      "dateofbirth": "02-Apr-1973",
      "landline": "02 4920 7213",
      "lastseen": "30-Jun-2023",
      "file_name": "Page 26.pdf"
    },
    {
      "first_name": "la",
      "last_name": "A McLeod",
      "mobile": "0421180839",
      "address": "13 Merinda Close\nADAMSTOWN HEIGHTS\nNSW 2289",
      "email": "juniorhawke@hotmail.com",
      "dateofbirth": "21-Aug1941-",
      "landline": "02 4957 7470",
      "lastseen": "30-Jun-2023",
      "file_name": "Page 26.pdf"
    },
    {
      "first_name": "Cheryl",
      "last_name": "Read",
      "mobile": "0413140871",
      "address": "430 Brunker Road\nADAMSTOWN HEIGHTS NSW 2289",
      "email": "olbu@mail.com",
      "dateofbirth": "08-Jul-1947",
      "landline": "02 4943 7277",
      "lastseen": "30-Jun-2023",
      "file_name": "Page 26.pdf"
    },
    {
      "first_name": "Katie",
      "last_name": "Bates",
      "mobile": "0413000883",
      "address": "2 Randall Parade\nADAMSTOWN HEIGHTS\nNSW 2289",
      "email": "monkeymyers1@optusn...",
      "dateofbirth": "08-Feb-1985",
      "landline": "02\n4023\n3587",
      "lastseen": "30-Jun-2023",
      "file_name": "Page 26.pdf"
    },
    {
      "first_name": "John",
      "last_name": "MacFarlane",
      "mobile": "0401106675",
      "address": "4 Kara Street\nADAMSTOWN HEIGHTS NSW 2289",
      "email": "sandra@topnutrition.com...",
      "dateofbirth": "21Aug--1940",
      "landline": "02 4920 8661",
      "lastseen": "30-Jun-2023",
      "file_name": "Page 26.pdf"
    },
    {
      "first_name": "Geoffrey",
      "last_name": "Roser",
      "mobile": "0403244080",
      "address": "Unit 2 54 Garden Grove\nParade\nADAMSTOWN HEIGHTS\nNSW 2289",
      "email": "ross.baines@metrolimet...",
      "dateofbirth": "29-Jun-1950",
      "landline": "02\n4943\n7064",
      "lastseen": "30-Jun-2023",
      "file_name": "Page 26.pdf"
    },
    {
      "first_name": "Jennifer",
      "last_name": "Carruthers",
      "mobile": "0425350734",
      "address": "8 Astor Street\nADAMSTOWN HEIGHTS\nNSW 2289",
      "email": "rita@dipcoss.com",
      "dateofbirth": "03-Jun1962-",
      "landline": "02 4943 0992",
      "lastseen": "30-Jun-2023",
      "file_name": "Page 26.pdf"
    },
    {
      "first_name": "Lorraine\nYvonne",
      "last_name": "Mullins",
      "mobile": "0400309282",
      "address": "9 Astor Street\nADAMSTOWN HEIGHTS NSW 2289",
      "email": "Icburden@bigpond.com",
      "dateofbirth": "02-Sept1937-",
      "landline": "02\n4943 8377",
      "lastseen": "30-Jun-2023",
      "file_name": "Page 26.pdf"
    },
    {
      "first_name": "Robyn",
      "last_name": "Ellen Pinkerton",
      "mobile": "0403041061",
      "address": "2 Caroona Close\nADAMSTOWN HEIGHTS\nNSW 2289",
      "email": "cabbagethecattledog@g...",
      "dateofbirth": "17-Dec-1952",
      "landline": "02\n4956 4150",
      "lastseen": "30-Jun-2023",
      "file_name": "Page 26.pdf"
    },
    {
      "first_name": "Robyn",
      "last_name": "Kenna",
      "mobile": "0413608001",
      "address": "13 Sheridan Avenue\nADAMSTOWN HEIGHTS\nNSW 2289",
      "email": "maria.tynan@hunterwate...",
      "dateofbirth": "16-Jun-1953",
      "landline": "02 4956 2978",
      "lastseen": "30-Jun-2023",
      "file_name": "Page 26.pdf"
    },
    {
      "first_name": "Tracy",
      "last_name": "Fitzsimmons",
      "mobile": "0439686114",
      "address": "Unit 6 54 Garden Grove\nParade\nADAMSTOWN HEIGHTS\nNSW 2289",
      "email": "ejholdom@hotmail.com",
      "dateofbirth": "24-Jan-1968",
      "landline": "02 4920 8442",
      "lastseen": "30-Jun-2023",
      "file_name": "Page 26.pdf"
    },
    {
      "first_name": "Matt",
      "last_name": "Clements",
      "mobile": "0413363285",
      "address": "Unit 5 102 Madison Drive\nADAMSTOWN HEIGHTS\nNSW 2289",
      "email": "dave.ray@vodafone.com",
      "dateofbirth": "14-Apr-1988",
      "landline": "02 4952 3519",
      "lastseen": "30-Jun-2023",
      "file_name": "Page 26.pdf"
    },
    {
      "first_name": "Carla",
      "last_name": "Van Der Wel",
      "mobile": "0421188074",
      "address": "57 Lucas Crescent\nADAMSTOWN HEIGHTS\nNSW 2289",
      "email": "c3164410@uon.edu.au",
      "dateofbirth": "16-Jun1981-",
      "landline": "02 4920 8153",
      "lastseen": "30-Jun-2023",
      "file_name": "Page 26.pdf"
    }
  ],
  "summary": {
    "total_raw_records": 161,
    "total_filtered_records": 70,
    "success_rate": "43.5%"
  }
}