{
  "processing_timestamp": "2025-10-26T12:51:10.393Z",
  "total_files": 1,
  "raw_records": [
    {
      "first_name": "Maurizio",
      "last_name": "Buttafuoco",
      "mobile": "0499\n996 696",
      "address": "6 Sibley Ramble\nBALDIVIS WA 6171",
      "email": "taipen@bigpond.com",
      "dateofbirth": "25Jul--1962",
      "landline": "08 9524\n2274",
      "lastseen": "30-Jun-2023",
      "file_name": "Page 101.pdf"
    },
    {
      "first_name": "Andrew",
      "last_name": "Williams",
      "mobile": "0499 960 999",
      "address": "17 Mallard Way\nBALDIVIS WA 6171",
      "email": "andrewwilliams6174@hotmail.com",
      "dateofbirth": "06-Jan-1974",
      "landline": "08 9524 2076",
      "lastseen": "30-Jun-2023",
      "file_name": "Page 101.pdf"
    },
    {
      "first_name": "Alison",
      "last_name": "Smith",
      "mobile": "0499 948 532",
      "address": "7 Marlberry Lane\nBALDIVIS WA 6171",
      "email": "salison037@icloud.com",
      "dateofbirth": "03-May-1976",
      "landline": "08 9523 6682",
      "lastseen": "30-Jun-2023",
      "file_name": "Page 101.pdf"
    },
    {
      "first_name": "Anthony",
      "last_name": "Vickers.",
      "mobile": "0499 871 898",
      "address": "26 Camelot Street\nBALDIVIS WA 6171",
      "email": "tony.vickers@live.com.au",
      "dateofbirth": "26Jul--1971",
      "landline": "08 9523 1248",
      "lastseen": "15Aug--2022",
      "file_name": "Page 101.pdf"
    },
    {
      "first_name": "Anthony",
      "last_name": "Vickers",
      "mobile": "0499 871 898",
      "address": "47 Karridale Loop\nBALDIVIS WA 6171",
      "email": "tony.vickers@live.com.au",
      "dateofbirth": "26-Jul-1971",
      "landline": "08 9523 1248",
      "lastseen": "15Aug--2022",
      "file_name": "Page 101.pdf"
    },
    {
      "first_name": "Susan",
      "last_name": "Dunham･･･",
      "mobile": "0499 844 981",
      "address": "19 Solis Boulevard\nBALDIVIS WA 6171",
      "email": "dawson669@gmail.com",
      "dateofbirth": "17-Jun-1970",
      "landline": "08 9524 3630",
      "lastseen": "07Aug-2019-",
      "file_name": "Page 101.pdf"
    },
    {
      "first_name": "Sarah",
      "last_name": "Goodby",
      "mobile": "0499 819 969",
      "address": "36 Kendall Boulevard\nBALDIVIS WA 6171",
      "email": "sarah.goodby@live.co.uk",
      "dateofbirth": "09-Jun1974-",
      "landline": "08 9524 1960",
      "lastseen": "13-Feb-2021",
      "file_name": "Page 101.pdf"
    },
    {
      "first_name": "Ross",
      "last_name": "Wellstead",
      "mobile": "0499 818 144",
      "address": "11 Galena Brace\nBALDIVIS WA 6171",
      "email": "ross.wellstead@hotmail.com",
      "dateofbirth": "14-Dec-1966",
      "landline": "08\n9524 1960",
      "lastseen": "30-Jun-2023",
      "file_name": "Page 101.pdf"
    },
    {
      "first_name": "Jeremy",
      "last_name": "Michael Deaned...",
      "mobile": "0499 777 249",
      "address": "23 Rivette Road\nBALDIVIS WA 6171",
      "email": "jk.deane1@gmail.com",
      "dateofbirth": "08Aug-1973-",
      "landline": "08 9523 1846",
      "lastseen": "30-Jun-2023",
      "file_name": "Page 101.pdf"
    },
    {
      "first_name": "Richard",
      "last_name": "Sticklando...",
      "mobile": "0499 774 284",
      "address": "30 Oak Way\nBALDIVIS WA 6171",
      "email": "Icstickland@hotmail.com",
      "dateofbirth": "26-Jan-1967",
      "landline": "08 9523 1846",
      "lastseen": "30-Jun-2023",
      "file_name": "Page 101.pdf"
    },
    {
      "first_name": "Bradley",
      "last_name": "Morris ...",
      "mobile": "0499 773 863",
      "address": "58 Vernon Gough Drive\nBALDIVIS WA 6171",
      "email": "beefman@inet.net.au",
      "dateofbirth": "20-Jan-1976",
      "landline": "08 9523 6680",
      "lastseen": "30-Jun-2023",
      "file_name": "Page 101.pdf"
    },
    {
      "first_name": "Roberto",
      "last_name": "Antonio Barrero Gumiel",
      "mobile": "0499 771 588",
      "address": "45 Monument Boulevard\nBALDIVIS WA 6171",
      "email": "roberto.antonio.barrero@gmail.com",
      "dateofbirth": "10-Mar-1970",
      "landline": "08\n9523\n8332",
      "lastseen": "22-Nov-2017",
      "file_name": "Page 101.pdf"
    },
    {
      "first_name": "Aaron",
      "last_name": "Burrows...",
      "mobile": "0499 770 211",
      "address": "100 Kendall Boulevard\nBALDIVIS WA 6171",
      "email": "jacb@iinet.net.au",
      "dateofbirth": "02-Mar-1968",
      "landline": "08\n9523\n8602",
      "lastseen": "30-Jun-2023",
      "file_name": "Page 101.pdf"
    },
    {
      "first_name": "Aaron",
      "last_name": "Burrows...",
      "mobile": "0499 770 211",
      "address": "100 Kendall Boulevard\nBALDIVIS WA 6171",
      "email": "66atb@iinet.net.au",
      "dateofbirth": "10-Oct1966-",
      "landline": "08\n9524 1756",
      "lastseen": "30-Jun-2023",
      "file_name": "Page 101.pdf"
    },
    {
      "first_name": "Kirsti",
      "last_name": "Jeggo...",
      "mobile": "0499 759 979",
      "address": "13 Cousins Turn\nBALDIVIS WA 6171",
      "email": "jeggs@hotmail.co.uk",
      "dateofbirth": "15-Jul1971-",
      "landline": "08\n9523\n1142",
      "lastseen": "15Aug--2022",
      "file_name": "Page 101.pdf"
    },
    {
      "first_name": "Sean",
      "last_name": "Scadden",
      "mobile": "0499\n719\n384",
      "address": "20 Lionel Parade\nBALDIVIS WA 6171",
      "email": "seanchefscadden@hotmail.com",
      "dateofbirth": "20Nov-1971-",
      "landline": "08 9529 0494",
      "lastseen": "30Jun--2023",
      "file_name": "Page 101.pdf"
    },
    {
      "first_name": "Ben",
      "last_name": "Kent...",
      "mobile": "0499 718 828",
      "address": "54 Brennan Promenade BALDIVIS WA 6171",
      "email": "benjkent1@gmail.com",
      "dateofbirth": "18-Jan-1976",
      "landline": "08\n9529\n0391",
      "lastseen": "15Aug--2022",
      "file_name": "Page 101.pdf"
    },
    {
      "first_name": "Carmen",
      "last_name": "Simion...",
      "mobile": "0499\n714 919",
      "address": "2 Indoon Way\nBALDIVIS WA 6171",
      "email": "cazz9656@gmail.com",
      "dateofbirth": "Aug-1977-\n09",
      "landline": "08 9591 8040",
      "lastseen": "15Aug--2022",
      "file_name": "Page 101.pdf"
    },
    {
      "first_name": "Cheryl",
      "last_name": "Khosravi",
      "mobile": "0499\n653 793",
      "address": "14 Marginata Gate\nBALDIVIS WA 6171",
      "email": "lataya17@icloud.com",
      "dateofbirth": "Aug-1968- 30",
      "landline": "08\n9524 2481",
      "lastseen": "30-Jun-2023",
      "file_name": "Page 101.pdf"
    },
    {
      "first_name": "C",
      "last_name": "Khosravi",
      "mobile": "0499\n653 793",
      "address": "14 Marginata Gate\nBALDIVIS WA 6171",
      "email": "tanika.cardoso@gmail.com",
      "dateofbirth": "08Jun-1970-",
      "landline": "08 9524 2481",
      "lastseen": "30-Jun-2023",
      "file_name": "Page 101.pdf"
    },
    {
      "first_name": "Patricia",
      "last_name": "Quinn?...",
      "mobile": "0499\n649\n242",
      "address": "53 Rivergums Boulevard\nBALDIVIS WA 6171",
      "email": "quinnpatricia@rocketmail.com",
      "dateofbirth": "01-Jun-1973",
      "landline": "08 9524 2542",
      "lastseen": "15Aug--2022",
      "file_name": "Page 101.pdf"
    },
    {
      "first_name": "Patricia",
      "last_name": "Quinn...",
      "mobile": "0499 649 242",
      "address": "53 Rivergums Boulevard\nBALDIVIS WA 6171",
      "email": "quinnpatricia@rocketmail.com",
      "dateofbirth": "01-Jun-1973",
      "landline": "08\n9523\n6830",
      "lastseen": "15Aug--2022",
      "file_name": "Page 101.pdf"
    },
    {
      "first_name": "John",
      "last_name": "Arangio",
      "mobile": "0499\n646 474",
      "address": "65 Bristlebird Approach\nBALDIVIS WA 6171",
      "email": "johnarangio@bigpond.com",
      "dateofbirth": "26-Feb-1962",
      "landline": "08 9591\n8882",
      "lastseen": "30-Jun-2023",
      "file_name": "Page 101.pdf"
    },
    {
      "first_name": "Chelsea",
      "last_name": "Opie",
      "mobile": "0499 630 616",
      "address": "41 Diogenes Court\nBALDIVIS WA 6171",
      "email": "chelsea.opie@iinet.net.au",
      "dateofbirth": "Oct-1965\n14",
      "landline": "08 9523 8977",
      "lastseen": "15Aug--2022",
      "file_name": "Page 101.pdf"
    },
    {
      "first_name": "Chika",
      "last_name": "Ritchie",
      "mobile": "0499 621 227",
      "address": "15 Gladstonbury Parade\nBALDIVIS WA 6171",
      "email": "ritchiechika@gmail.com",
      "dateofbirth": "28May--1976",
      "landline": "08 9524 3854",
      "lastseen": "01-Feb-2021",
      "file_name": "Page 101.pdf"
    },
    {
      "first_name": "Stewart",
      "last_name": "Ritchie",
      "mobile": "0499\n621 200",
      "address": "5 Flame Tree Loop\nBALDIVIS WA 6171",
      "email": "ritchiestewarta@gmail.com",
      "dateofbirth": "13Aug-1970-",
      "landline": "08\n9523 8680",
      "lastseen": "15Aug--2022",
      "file_name": "Page 101.pdf"
    },
    {
      "first_name": "Stewart",
      "last_name": "Ritchie ...",
      "mobile": "0499 621 200",
      "address": "15 Gladstonbury Parade\nBALDIVIS WA 6171",
      "email": "starbros42@yahoo.com",
      "dateofbirth": "13Aug-1970-",
      "landline": "08 9523\n2696",
      "lastseen": "01-Feb-2021",
      "file_name": "Page 101.pdf"
    },
    {
      "first_name": "Samuel",
      "last_name": "Henderson",
      "mobile": "0499 599 654",
      "address": "4 Hearth Way\nBALDIVIS WA 6171",
      "email": "starbros42@yahoo.com",
      "dateofbirth": "21-Jan-1977",
      "landline": "08\n9523\n1663",
      "lastseen": "15-Aug-2022",
      "file_name": "Page 101.pdf"
    },
    {
      "first_name": "Samuel",
      "last_name": "Henderson ...",
      "mobile": "0499 599 654",
      "address": "4 Hearth Way\nBALDIVIS WA 6171",
      "email": "raquelydean@hotmail.com",
      "dateofbirth": "21-Jan-1977",
      "landline": "08\n9523\n8854",
      "lastseen": "15Aug--2022",
      "file_name": "Page 101.pdf"
    },
    {
      "first_name": "Dean",
      "last_name": "Delvalle...",
      "mobile": "0499 599 162",
      "address": "50 Bonnington Way\nBALDIVIS WA 6171",
      "email": "heidetaylor@live.com.au",
      "dateofbirth": "Apr-1973 27-",
      "landline": "08\n9524 6876",
      "lastseen": "30-Jun-2023",
      "file_name": "Page 101.pdf"
    },
    {
      "first_name": "Heide",
      "last_name": "Taylor",
      "mobile": "0499\n588 677",
      "address": "10 Sibley Ramble\nBALDIVIS WA 6171",
      "email": "r_vanderlande@hotmail.com",
      "dateofbirth": "22-Jul-1969",
      "lastseen": "30-Jun-2023",
      "file_name": "Page 101.pdf"
    },
    {
      "first_name": "Richard",
      "last_name": "Vanderlande...",
      "mobile": "0499 580 131",
      "address": "18 Fifty Road\nBALDIVIS WA 6171",
      "email": "r_vanderlande@hotmail.com",
      "dateofbirth": "27-Jun1976-",
      "lastseen": "31May--2018",
      "file_name": "Page 101.pdf"
    },
    {
      "first_name": "Richard",
      "last_name": "Vanderlande",
      "mobile": "0499 580\n131",
      "address": "13 Fifty Road\nBALDIVIS WA 6171",
      "email": "adrianedwards71@hotmail.com",
      "dateofbirth": "27-Jun1976-",
      "lastseen": "30May--2018",
      "file_name": "Page 101.pdf"
    },
    {
      "first_name": "Adrian",
      "last_name": "Edwards.",
      "mobile": "0499 577 546",
      "address": "32 Ardea Way\nBALDIVIS WA 6171",
      "email": "adrianedwards71@hotmail.com",
      "dateofbirth": "09-Jan-1962",
      "lastseen": "15-Aug-2022",
      "file_name": "Page 101.pdf"
    },
    {
      "first_name": "Adrian",
      "last_name": "Edwards",
      "mobile": "0499\n577 546",
      "address": "32 Ardea Way\nBALDIVIS WA 6171",
      "email": "alco44100@yahoo.com",
      "dateofbirth": "09-Jan-1962",
      "lastseen": "15-Aug-2022",
      "file_name": "Page 101.pdf"
    },
    {
      "first_name": "Paul",
      "last_name": "Moss",
      "mobile": "0499 572 401",
      "address": "23 Chilvers Street\nBALDIVIS WA 6171",
      "email": "boosis@bigpond.com",
      "dateofbirth": "09Aug-1966-",
      "lastseen": "30-Jun-2023",
      "file_name": "Page 101.pdf"
    },
    {
      "first_name": "Chantel",
      "last_name": "Greer",
      "mobile": "0499 570 130",
      "address": "3 Burlington Drive\nBALDIVIS WA 6171",
      "email": "gnkwilling69@bigpond.com",
      "dateofbirth": "26-Oct1975-",
      "lastseen": "15Aug--2022",
      "file_name": "Page 101.pdf"
    },
    {
      "first_name": "Kathy",
      "last_name": "Willing",
      "mobile": "0499 529 091",
      "address": "12 Rivette Road\nBALDIVIS WA 6171",
      "email": "johanna.byrne@icloud.com",
      "dateofbirth": "04-Dec-1969",
      "lastseen": "15Aug--2022",
      "file_name": "Page 101.pdf"
    },
    {
      "first_name": "Johanna",
      "last_name": "Byrne",
      "mobile": "0499 512 536",
      "address": "21 Stame Turn\nBALDIVIS WA 6171",
      "email": "johanna.byrne@icloud.com",
      "dateofbirth": "26-Jan-1972",
      "lastseen": "15-Aug-2022",
      "file_name": "Page 101.pdf"
    },
    {
      "first_name": "Johanna",
      "last_name": "Byrne",
      "mobile": "0499\n512 536",
      "address": "21 Stame Turn\nBALDIVIS WA 6171",
      "email": "johanna.byrne@icloud.com",
      "dateofbirth": "26-Jan-1972",
      "lastseen": "15Aug--2022",
      "file_name": "Page 101.pdf"
    },
    {
      "first_name": "Johanna",
      "last_name": "Byrne",
      "mobile": "0499 512 536",
      "address": "21 Stame Turn\nBALDIVIS WA 6171",
      "email": "wreeve@hotmail.com",
      "dateofbirth": "26-Jan-1972",
      "lastseen": "15-Aug-2022",
      "file_name": "Page 101.pdf"
    },
    {
      "first_name": "Johana",
      "last_name": "Byrne",
      "mobile": "0499\n512 536",
      "address": "21 Stame Turn\nBALDIVIS WA 6171",
      "email": "donnadunmill@outlook.com",
      "dateofbirth": "26-Jan-1972",
      "lastseen": "30-Jun-2023",
      "file_name": "Page 101.pdf"
    },
    {
      "first_name": "Wayne",
      "last_name": "Reeve･･･",
      "mobile": "0499 499 128",
      "address": "32 Blaxland Terrace\nBALDIVIS WA 6171",
      "email": "brent.harvey@hotmail.com",
      "dateofbirth": "01-Oct1973-",
      "lastseen": "15Aug--2022",
      "file_name": "Page 101.pdf"
    },
    {
      "first_name": "Donna",
      "last_name": "Dunmill",
      "mobile": "0499\n382\n637",
      "address": "22 Kingsdale Lane\nBALDIVIS WA 6171",
      "email": "brent.harvey@hotmail.com",
      "dateofbirth": "20Aug-1971-",
      "lastseen": "28-Jan-2019",
      "file_name": "Page 101.pdf"
    },
    {
      "first_name": "Brent",
      "last_name": "Harvey",
      "mobile": "0499 363 568",
      "address": "6 Correa Way\nBALDIVIS WA 6171",
      "email": "brent.harvey@hotmail.com",
      "dateofbirth": "02-Feb-1966",
      "lastseen": "15Aug--2022",
      "file_name": "Page 101.pdf"
    },
    {
      "first_name": "Brent",
      "last_name": "Harvey･･",
      "mobile": "0499 363 568",
      "address": "3 Correa Way\nBALDIVIS WA 6171",
      "email": "brent.harvey@hotmail.com",
      "dateofbirth": "01-Jan-1966",
      "lastseen": "15Aug--2022",
      "file_name": "Page 101.pdf"
    },
    {
      "first_name": "Brent",
      "last_name": "Harvey･･",
      "mobile": "0499 363 568",
      "address": "3 Correa Way\nBALDIVIS WA 6171",
      "email": "johandupreez@live.com.au",
      "dateofbirth": "01-Jan-1966",
      "lastseen": "15Aug--2022",
      "file_name": "Page 101.pdf"
    },
    {
      "first_name": "Brent",
      "last_name": "Harvey",
      "mobile": "0499 353 668",
      "address": "3 Correa Way\nBALDIVIS WA 6171",
      "email": "hope_mkabaya@yahoo.co.uk",
      "dateofbirth": "01-Jan-1966",
      "lastseen": "07Apr--2025",
      "file_name": "Page 101.pdf"
    },
    {
      "first_name": "Johan",
      "last_name": "Du Preez",
      "mobile": "0499 341 999",
      "address": "10 Litton Street\nBALDIVIS WA 6171",
      "email": "davidkickstart40@gmail.com",
      "dateofbirth": "03May--1975",
      "lastseen": "28-Feb-2021",
      "file_name": "Page 101.pdf"
    },
    {
      "first_name": "Marladasan",
      "last_name": "Thoppil Nick",
      "mobile": "0499 303 015",
      "address": "45 Wanderer Parkway\nBALDIVIS WA 6171",
      "email": "natclarkson76@gmail.com",
      "dateofbirth": "12Aug-1972-",
      "lastseen": "18-Jan-2021",
      "file_name": "Page 101.pdf"
    },
    {
      "first_name": "Hopewell",
      "last_name": "Kabaya",
      "mobile": "0499 303 013",
      "address": "17 Baystone Road\nBALDIVIS WA 6171",
      "email": "clarksonv12@gmail.com",
      "dateofbirth": "13Apr--1969",
      "lastseen": "02Jul--2020",
      "file_name": "Page 101.pdf"
    },
    {
      "first_name": "David",
      "last_name": "Topping...",
      "mobile": "0499 294 557",
      "address": "8 Corbin Lane\nBALDIVIS WA 6171",
      "email": "skyegoodall2002@icloud.com",
      "dateofbirth": "03-May-1973",
      "lastseen": "30-Jun-2023",
      "file_name": "Page 101.pdf"
    },
    {
      "first_name": "Natalie",
      "last_name": "Michelle Clarkson",
      "mobile": "0499 261 895",
      "address": "11 Maidwell Lane\nBALDIVIS WA 6171",
      "email": "sue.bob@westnet.com.au",
      "dateofbirth": "08-Nov1976-",
      "lastseen": "11Apr--2018",
      "file_name": "Page 101.pdf"
    },
    {
      "first_name": "Natalie",
      "last_name": "Clarkson?",
      "mobile": "0499 261 895",
      "address": "15 Austral Vista\nBALDIVIS WA 6171",
      "email": "marietboshoff25@gmail.com",
      "dateofbirth": "08-Nov1976-",
      "lastseen": "30-Jun-2023",
      "file_name": "Page 101.pdf"
    },
    {
      "first_name": "Skye",
      "last_name": "Goodall",
      "mobile": "0499 259 029",
      "address": "50 Kendall Boulevard\nBALDIVIS WA 6171",
      "email": "ray.jones@live.com.au",
      "dateofbirth": "30-Sept-1964",
      "lastseen": "30-Jun-2023",
      "file_name": "Page 101.pdf"
    },
    {
      "first_name": "Sue",
      "last_name": "McDermott...",
      "mobile": "0499 267 822",
      "address": "14 Buffalo Street BALDIVIS WA 6171",
      "email": "gerbarry2012@me.com",
      "dateofbirth": "28-Mar1961-",
      "lastseen": "11Jan--2020",
      "file_name": "Page 101.pdf"
    },
    {
      "first_name": "Mariet",
      "last_name": "Boshoff",
      "mobile": "0499 242 508",
      "address": "3 Hiscox Crescent\nBALDIVIS WA 6171",
      "email": "cliffdixon65@gmail.com",
      "dateofbirth": "25-Nov-1967",
      "lastseen": "13Apr--2019",
      "file_name": "Page 101.pdf"
    },
    {
      "first_name": "Ray",
      "last_name": "Jones",
      "mobile": "0499 230 643",
      "address": "51 Bonnington Way\nBALDIVIS WA 6171",
      "email": "hughesmark966@gmail.com",
      "dateofbirth": "04May--1964",
      "lastseen": "25-Jun-2020",
      "file_name": "Page 101.pdf"
    },
    {
      "first_name": "Gerard",
      "last_name": "Barry",
      "mobile": "0499 215 534",
      "address": "Unit 7 1 Cottonwood Drive\nBALDIVIS WA 6171",
      "email": "nightwheels@clear.net.nz",
      "dateofbirth": "20-Oct1964-",
      "lastseen": "30-Jun-2023",
      "file_name": "Page 101.pdf"
    },
    {
      "first_name": "Cliff",
      "last_name": "Dixon ...",
      "mobile": "0499 201 808",
      "address": "22 Edgecumbe Terrace\nBALDIVIS WA 6171",
      "email": "natalieladner14@gmail.com",
      "dateofbirth": "11-Nov1965-",
      "lastseen": "15-Aug-2022",
      "file_name": "Page 101.pdf"
    },
    {
      "first_name": "Mark",
      "last_name": "Hughes ...",
      "mobile": "0499 200 073",
      "address": "3 Japoon Vista\nBALDIVIS WA 6171",
      "email": "natalieladner14@gmail.com",
      "dateofbirth": "24Aug-1971-",
      "lastseen": "30-Jun-2023",
      "file_name": "Page 101.pdf"
    },
    {
      "first_name": "Wayne",
      "last_name": "Imlay ...",
      "mobile": "0499 188 067",
      "address": "26 Wibberley Loop\nBALDIVIS WA 6171",
      "email": "natalieladner14@gmail.com",
      "dateofbirth": "26Mar--1963",
      "lastseen": "15Aug--2022",
      "file_name": "Page 101.pdf"
    },
    {
      "first_name": "Natalie",
      "last_name": "Ladner...",
      "mobile": "0499 183 569",
      "address": "6 Abington Avenue\nBALDIVIS WA 6171",
      "email": "kelly.a.wescombe@gmail.com",
      "dateofbirth": "16-Jan-1977",
      "lastseen": "15Aug--2022",
      "file_name": "Page 101.pdf"
    },
    {
      "first_name": "Natalie",
      "last_name": "Ladner?...",
      "mobile": "0499 183 569",
      "address": "6 Abington Avenue\nBALDIVIS WA 6171",
      "email": "bronwyn.neal@gmail.com",
      "dateofbirth": "15-Jan-1977",
      "lastseen": "15Aug--2022",
      "file_name": "Page 101.pdf"
    },
    {
      "first_name": "Natalie",
      "last_name": "Ladner",
      "mobile": "0499 183 539",
      "address": "6 Abington Avenue\nBALDIVIS WA 6171",
      "email": "rrvenu@gmail.com",
      "dateofbirth": "16-Jan-1977",
      "lastseen": "26-Jul-2017",
      "file_name": "Page 101.pdf"
    },
    {
      "first_name": "Kelly",
      "last_name": "Wescombe...",
      "mobile": "0499\n170 001",
      "address": "5 Branchton Loop\nBALDIVIS WA 6171",
      "email": "hope4bigfish@gmail.com",
      "dateofbirth": "26-Jul-1971",
      "lastseen": "15Aug--2022",
      "file_name": "Page 101.pdf"
    },
    {
      "first_name": "Bronwyn",
      "last_name": "Neal..",
      "mobile": "0499 168 162",
      "address": "7 Yate Court\nBALDIVIS WA 6171",
      "email": "sandymills61@yahoo.co.nz",
      "dateofbirth": "01-Jul1972-",
      "lastseen": "30-Jun-2023",
      "file_name": "Page 101.pdf"
    },
    {
      "first_name": "Venu",
      "last_name": "Ramakrishnan ...",
      "mobile": "0499 106 077",
      "address": "16 Wodalla Street\nBALDIVIS WA 6171",
      "email": "yviale67@gmail.com",
      "dateofbirth": "30-Jun-1972",
      "lastseen": "15Aug--2022",
      "file_name": "Page 101.pdf"
    },
    {
      "first_name": "Stephen",
      "last_name": "Jongeling",
      "mobile": "0499 102 608",
      "address": "40 Arrino Parade\nBALDIVIS WA 6171",
      "email": "james.ratu2011@gmail.com",
      "dateofbirth": "01-Sept-1966",
      "lastseen": "15Aug--2022",
      "file_name": "Page 101.pdf"
    },
    {
      "first_name": "Sandra",
      "last_name": "Mills",
      "mobile": "0499\n090 560",
      "address": "37 Camelot Street\nBALDIVIS WA 6171",
      "email": "harrijag1 @bigpond.com",
      "dateofbirth": "03-Oct1961-",
      "lastseen": "03-Jun-2020",
      "file_name": "Page 101.pdf"
    },
    {
      "first_name": "Yannick",
      "last_name": "Viale",
      "mobile": "0499\n076 949",
      "address": "33 Climber Concourse\nBALDIVIS WA 6171",
      "email": "matthewhodge@outlook.com.au",
      "dateofbirth": "08Jun--1973",
      "lastseen": "15Aug--2022",
      "file_name": "Page 101.pdf"
    },
    {
      "first_name": "James",
      "last_name": "Ratu...",
      "mobile": "0499 072 737",
      "address": "27 Avena Gardens\nBALDIVIS WA 6171",
      "email": "tonyprince78@outlook.com",
      "dateofbirth": "18-Feb-1978",
      "lastseen": "12-Nov-2017",
      "file_name": "Page 101.pdf"
    },
    {
      "first_name": "Sharon",
      "last_name": "Brown.",
      "mobile": "0499 071 283",
      "address": "108 Kendall Boulevard\nBALDIVIS WA 6171",
      "email": "sethsterboy@gmail.com",
      "dateofbirth": "24-Oct-1971",
      "lastseen": "30-Jun-2023",
      "file_name": "Page 101.pdf"
    },
    {
      "first_name": "Julie",
      "last_name": "Harris",
      "mobile": "0499 035 075",
      "address": "8 Archer Close\nBALDIVIS WA 6171",
      "email": "npleiter@bigpond.net.au",
      "dateofbirth": "23-Oct1962-",
      "lastseen": "30-Jun-2023",
      "file_name": "Page 101.pdf"
    },
    {
      "first_name": "Matthew",
      "last_name": "Hodged",
      "mobile": "0499 017 799",
      "address": "28 Angerton Mews\nBALDIVIS WA 6171",
      "email": "npleiter@bigpond.net.au",
      "dateofbirth": "08-Oct1971-",
      "lastseen": "01-Feb-2021",
      "file_name": "Page 101.pdf"
    },
    {
      "first_name": "S",
      "last_name": "Wells",
      "mobile": "0499 017 551",
      "address": "Unit 18 1 Cottonwood Drive\nBALDIVIS WA 6171",
      "email": "john.buchan07@bigpond",
      "dateofbirth": "16-Dec1976-",
      "lastseen": "30Aug--2021",
      "file_name": "Page 101.pdf"
    },
    {
      "first_name": "Tony",
      "last_name": "Prince d...",
      "mobile": "0499 016 609",
      "address": "507 Eighty Road\nBALDIVIS WA 6171",
      "email": "samanthawilliams76@hotmail.com",
      "dateofbirth": "21-Feb-1978",
      "lastseen": "30Jun--2023",
      "file_name": "Page 101.pdf"
    },
    {
      "first_name": "Seth",
      "last_name": "Pleiter",
      "mobile": "0499 001 343",
      "address": "1 Fawkes Way\nBALDIVIS WA 6171",
      "email": "info@ausstarplumbing.com.au",
      "dateofbirth": "05-Feb-1978",
      "lastseen": "15Aug--2022",
      "file_name": "Page 101.pdf"
    },
    {
      "first_name": "Natalie",
      "last_name": "Pleiter",
      "mobile": "0499 001 342",
      "address": "1 Fawkes Way\nBALDIVIS WA 6171",
      "email": "teztink77@gmail.com",
      "dateofbirth": "09-Feb1971-",
      "lastseen": "15Aug--2022",
      "file_name": "Page 101.pdf"
    },
    {
      "first_name": "Natalie",
      "last_name": "Pleiter",
      "mobile": "0499 001 342",
      "address": "16 Scoparia Way\nBALDIVIS WA 6171",
      "email": "jtearly@wn.com.au",
      "dateofbirth": "Feb1971- 09-",
      "lastseen": "30-Jun-2023",
      "file_name": "Page 101.pdf"
    },
    {
      "first_name": "Joe-Anne",
      "last_name": "L Buchan",
      "mobile": "0499 000 245",
      "address": "16 Goulburn Road\nBALDIVIS WA 6171",
      "email": "teinat15@gmail.com",
      "dateofbirth": "26-Jan-1974",
      "lastseen": "13-Nov-2016",
      "file_name": "Page 101.pdf"
    },
    {
      "first_name": "Samantha",
      "last_name": "Williams",
      "mobile": "0498 996 474",
      "address": "28 Amos Drive\nBALDIVIS WA 6171",
      "email": "dcau.andrew.holyman@gmail.com",
      "dateofbirth": "19-Mar-1976",
      "lastseen": "30-Jun-2023",
      "file_name": "Page 101.pdf"
    },
    {
      "first_name": "Bradley",
      "last_name": "Byrne",
      "mobile": "0498 982 723",
      "address": "24 Tenterden Way\nBALDIVIS WA 6171",
      "email": "nickoturner@bigpond.com.au",
      "dateofbirth": "07-Mar-1978",
      "lastseen": "30-Jun-2023",
      "file_name": "Page 101.pdf"
    },
    {
      "first_name": "Jordan",
      "last_name": "Wegwermer",
      "mobile": "0498 975 616",
      "address": "8 Dressage Green\nBALDIVIS WA 6171",
      "email": "alet.swarts@gmail.com",
      "dateofbirth": "Sept-1977 16",
      "lastseen": "12-Oct-2021",
      "file_name": "Page 101.pdf"
    },
    {
      "first_name": "Jacqui",
      "last_name": "Early",
      "mobile": "0498 811 017",
      "address": "20 Lanagan Drive\nBALDIVIS WA 6171",
      "email": "aczmarsden@gmail.com",
      "dateofbirth": "07Aug-1963-",
      "lastseen": "16-\nJan-2018",
      "file_name": "Page 101.pdf"
    },
    {
      "first_name": "Teinakore",
      "last_name": "Tautu",
      "mobile": "0498 810 496",
      "address": "19 Lemon Gum Drive\nBALDIVIS WA 6171",
      "email": "shammylatu@gmail.com",
      "dateofbirth": "15-Jan-1968",
      "lastseen": "30-Jun-2023",
      "file_name": "Page 101.pdf"
    },
    {
      "first_name": "Andrew",
      "last_name": "Holyman...",
      "mobile": "0498 802 743",
      "address": "46 Furioso Green\nBALDIVIS WA 6171",
      "email": "shammylatu@gmail.com",
      "dateofbirth": "28-Feb-1964",
      "lastseen": "30Jun--2023",
      "file_name": "Page 101.pdf"
    },
    {
      "first_name": "Nicholas",
      "last_name": "Turner...",
      "mobile": "0498\n800 204",
      "address": "91 Huxtable Terrace\nBALDIVIS WA 6171",
      "email": "auto1968@yahoo.co.nz",
      "dateofbirth": "08-Jun-1966",
      "lastseen": "15-\nAug-2022",
      "file_name": "Page 101.pdf"
    },
    {
      "first_name": "Alet",
      "last_name": "Swarts?",
      "mobile": "0498\n739 307",
      "address": "19 Arkle Street\nBALDIVIS WA 6171",
      "email": "mllyjlly6@outlook.com",
      "dateofbirth": "Mar1972- 05-",
      "lastseen": "30Jun--2023",
      "file_name": "Page 101.pdf"
    },
    {
      "first_name": "Adam",
      "last_name": "Marsden",
      "mobile": "0498 666 827",
      "address": "44 Dunning Street\nBALDIVIS WA 6171",
      "email": "cybernetica24@hotmail.com",
      "dateofbirth": "01Jan--1977",
      "lastseen": "15Aug--2022",
      "file_name": "Page 101.pdf"
    },
    {
      "first_name": "Sharon",
      "last_name": "Fay Melissa Niwa?",
      "mobile": "0498\n666 292",
      "address": "44 Dunning Street\nBALDIVIS WA 6171",
      "email": "michealmccormack22@yahoo.com",
      "dateofbirth": "30-Aug1975-",
      "lastseen": "15Aug--2022",
      "file_name": "Page 101.pdf"
    },
    {
      "first_name": "Sharon",
      "last_name": "Niwa...",
      "mobile": "0498 666 292",
      "address": "24 McDougal Way\nBALDIVIS WA 6171",
      "email": "beetonni@gmail.com",
      "dateofbirth": "24-Oct-1973",
      "lastseen": "30 - Jun-2023",
      "file_name": "Page 101.pdf"
    },
    {
      "first_name": "Cornelis",
      "last_name": "Pretorius",
      "mobile": "0498 653 523",
      "address": "183 Clyde Avenue BALDIVIS WA 6171",
      "email": "beetonni@gmail.com",
      "dateofbirth": "06-Sept-1964",
      "lastseen": "15Aug--2022",
      "file_name": "Page 101.pdf"
    },
    {
      "first_name": "Lisa",
      "last_name": "Kepa",
      "mobile": "0498 646 384",
      "address": "14 Sistene Street\nBALDIVIS WA 6171",
      "email": "1968@yahoo.co.nz",
      "dateofbirth": "02-Oct-1968",
      "lastseen": "15Aug--2022",
      "file_name": "Page 101.pdf"
    },
    {
      "first_name": "Lisa",
      "last_name": "Joanne Kepa?",
      "mobile": "0498 646 384",
      "address": "5 Caroona Street\nBALDIVIS WA 6171",
      "dateofbirth": "02-Oct1968-",
      "lastseen": "15Aug-2022-",
      "file_name": "Page 101.pdf"
    },
    {
      "first_name": "Kylie",
      "last_name": "Ingram",
      "mobile": "0498 632 058",
      "address": "17 Arpenteur Drive\nBALDIVIS WA 6171",
      "dateofbirth": "04-Mar-1976",
      "lastseen": "15Aug--2022",
      "file_name": "Page 101.pdf"
    },
    {
      "first_name": "Troy",
      "last_name": "Michael O'Donnell ...",
      "mobile": "0498 622 404",
      "address": "36 Pemberton Boulevard\nBALDIVIS WA 6171",
      "dateofbirth": "01Apr--1978",
      "lastseen": "15Aug--2022",
      "file_name": "Page 101.pdf"
    },
    {
      "first_name": "Micheal",
      "last_name": "McCormack ...",
      "mobile": "0498 608 165",
      "address": "30 Ruskin Brace\nBALDIVIS WA 6171",
      "dateofbirth": "07-Jul1973-",
      "lastseen": "08Aug-2021-",
      "file_name": "Page 101.pdf"
    },
    {
      "first_name": "Noeleen",
      "last_name": "Beeton",
      "mobile": "0498 572 892",
      "address": "30 Ruskin Brace BALDIVIS WA 6171",
      "dateofbirth": "08-Oct-1965",
      "lastseen": "02-Jul-2021",
      "file_name": "Page 101.pdf"
    },
    {
      "first_name": "Noeleen",
      "last_name": "Beeton",
      "mobile": "0498 572 892",
      "dateofbirth": "08-Oct-1965",
      "file_name": "Page 101.pdf"
    }
  ],
  "filtered_records": [
    {
      "first_name": "Maurizio",
      "last_name": "Buttafuoco",
      "mobile": "0499996696",
      "address": "6 Sibley Ramble\nBALDIVIS WA 6171",
      "email": "taipen@bigpond.com",
      "dateofbirth": "25Jul--1962",
      "landline": "08 9524\n2274",
      "lastseen": "30-Jun-2023",
      "file_name": "Page 101.pdf"
    },
    {
      "first_name": "Andrew",
      "last_name": "Williams",
      "mobile": "0499960999",
      "address": "17 Mallard Way\nBALDIVIS WA 6171",
      "email": "andrewwilliams6174@hotmail.com",
      "dateofbirth": "06-Jan-1974",
      "landline": "08 9524 2076",
      "lastseen": "30-Jun-2023",
      "file_name": "Page 101.pdf"
    },
    {
      "first_name": "Alison",
      "last_name": "Smith",
      "mobile": "0499948532",
      "address": "7 Marlberry Lane\nBALDIVIS WA 6171",
      "email": "salison037@icloud.com",
      "dateofbirth": "03-May-1976",
      "landline": "08 9523 6682",
      "lastseen": "30-Jun-2023",
      "file_name": "Page 101.pdf"
    },
    {
      "first_name": "Anthony",
      "last_name": "Vickers.",
      "mobile": "0499871898",
      "address": "26 Camelot Street\nBALDIVIS WA 6171",
      "email": "tony.vickers@live.com.au",
      "dateofbirth": "26Jul--1971",
      "landline": "08 9523 1248",
      "lastseen": "15Aug--2022",
      "file_name": "Page 101.pdf"
    },
    {
      "first_name": "Susan",
      "last_name": "Dunham･･･",
      "mobile": "0499844981",
      "address": "19 Solis Boulevard\nBALDIVIS WA 6171",
      "email": "dawson669@gmail.com",
      "dateofbirth": "17-Jun-1970",
      "landline": "08 9524 3630",
      "lastseen": "07Aug-2019-",
      "file_name": "Page 101.pdf"
    },
    {
      "first_name": "Sarah",
      "last_name": "Goodby",
      "mobile": "0499819969",
      "address": "36 Kendall Boulevard\nBALDIVIS WA 6171",
      "email": "sarah.goodby@live.co.uk",
      "dateofbirth": "09-Jun1974-",
      "landline": "08 9524 1960",
      "lastseen": "13-Feb-2021",
      "file_name": "Page 101.pdf"
    },
    {
      "first_name": "Ross",
      "last_name": "Wellstead",
      "mobile": "0499818144",
      "address": "11 Galena Brace\nBALDIVIS WA 6171",
      "email": "ross.wellstead@hotmail.com",
      "dateofbirth": "14-Dec-1966",
      "landline": "08\n9524 1960",
      "lastseen": "30-Jun-2023",
      "file_name": "Page 101.pdf"
    },
    {
      "first_name": "Jeremy",
      "last_name": "Michael Deaned...",
      "mobile": "0499777249",
      "address": "23 Rivette Road\nBALDIVIS WA 6171",
      "email": "jk.deane1@gmail.com",
      "dateofbirth": "08Aug-1973-",
      "landline": "08 9523 1846",
      "lastseen": "30-Jun-2023",
      "file_name": "Page 101.pdf"
    },
    {
      "first_name": "Richard",
      "last_name": "Sticklando...",
      "mobile": "0499774284",
      "address": "30 Oak Way\nBALDIVIS WA 6171",
      "email": "Icstickland@hotmail.com",
      "dateofbirth": "26-Jan-1967",
      "landline": "08 9523 1846",
      "lastseen": "30-Jun-2023",
      "file_name": "Page 101.pdf"
    },
    {
      "first_name": "Bradley",
      "last_name": "Morris ...",
      "mobile": "0499773863",
      "address": "58 Vernon Gough Drive\nBALDIVIS WA 6171",
      "email": "beefman@inet.net.au",
      "dateofbirth": "20-Jan-1976",
      "landline": "08 9523 6680",
      "lastseen": "30-Jun-2023",
      "file_name": "Page 101.pdf"
    },
    {
      "first_name": "Roberto",
      "last_name": "Antonio Barrero Gumiel",
      "mobile": "0499771588",
      "address": "45 Monument Boulevard\nBALDIVIS WA 6171",
      "email": "roberto.antonio.barrero@gmail.com",
      "dateofbirth": "10-Mar-1970",
      "landline": "08\n9523\n8332",
      "lastseen": "22-Nov-2017",
      "file_name": "Page 101.pdf"
    },
    {
      "first_name": "Aaron",
      "last_name": "Burrows...",
      "mobile": "0499770211",
      "address": "100 Kendall Boulevard\nBALDIVIS WA 6171",
      "email": "jacb@iinet.net.au",
      "dateofbirth": "02-Mar-1968",
      "landline": "08\n9523\n8602",
      "lastseen": "30-Jun-2023",
      "file_name": "Page 101.pdf"
    },
    {
      "first_name": "Kirsti",
      "last_name": "Jeggo...",
      "mobile": "0499759979",
      "address": "13 Cousins Turn\nBALDIVIS WA 6171",
      "email": "jeggs@hotmail.co.uk",
      "dateofbirth": "15-Jul1971-",
      "landline": "08\n9523\n1142",
      "lastseen": "15Aug--2022",
      "file_name": "Page 101.pdf"
    },
    {
      "first_name": "Sean",
      "last_name": "Scadden",
      "mobile": "0499719384",
      "address": "20 Lionel Parade\nBALDIVIS WA 6171",
      "email": "seanchefscadden@hotmail.com",
      "dateofbirth": "20Nov-1971-",
      "landline": "08 9529 0494",
      "lastseen": "30Jun--2023",
      "file_name": "Page 101.pdf"
    },
    {
      "first_name": "Ben",
      "last_name": "Kent...",
      "mobile": "0499718828",
      "address": "54 Brennan Promenade BALDIVIS WA 6171",
      "email": "benjkent1@gmail.com",
      "dateofbirth": "18-Jan-1976",
      "landline": "08\n9529\n0391",
      "lastseen": "15Aug--2022",
      "file_name": "Page 101.pdf"
    },
    {
      "first_name": "Carmen",
      "last_name": "Simion...",
      "mobile": "0499714919",
      "address": "2 Indoon Way\nBALDIVIS WA 6171",
      "email": "cazz9656@gmail.com",
      "dateofbirth": "Aug-1977-\n09",
      "landline": "08 9591 8040",
      "lastseen": "15Aug--2022",
      "file_name": "Page 101.pdf"
    },
    {
      "first_name": "Cheryl",
      "last_name": "Khosravi",
      "mobile": "0499653793",
      "address": "14 Marginata Gate\nBALDIVIS WA 6171",
      "email": "lataya17@icloud.com",
      "dateofbirth": "Aug-1968- 30",
      "landline": "08\n9524 2481",
      "lastseen": "30-Jun-2023",
      "file_name": "Page 101.pdf"
    },
    {
      "first_name": "Patricia",
      "last_name": "Quinn?...",
      "mobile": "0499649242",
      "address": "53 Rivergums Boulevard\nBALDIVIS WA 6171",
      "email": "quinnpatricia@rocketmail.com",
      "dateofbirth": "01-Jun-1973",
      "landline": "08 9524 2542",
      "lastseen": "15Aug--2022",
      "file_name": "Page 101.pdf"
    },
    {
      "first_name": "John",
      "last_name": "Arangio",
      "mobile": "0499646474",
      "address": "65 Bristlebird Approach\nBALDIVIS WA 6171",
      "email": "johnarangio@bigpond.com",
      "dateofbirth": "26-Feb-1962",
      "landline": "08 9591\n8882",
      "lastseen": "30-Jun-2023",
      "file_name": "Page 101.pdf"
    },
    {
      "first_name": "Chelsea",
      "last_name": "Opie",
      "mobile": "0499630616",
      "address": "41 Diogenes Court\nBALDIVIS WA 6171",
      "email": "chelsea.opie@iinet.net.au",
      "dateofbirth": "Oct-1965\n14",
      "landline": "08 9523 8977",
      "lastseen": "15Aug--2022",
      "file_name": "Page 101.pdf"
    },
    {
      "first_name": "Chika",
      "last_name": "Ritchie",
      "mobile": "0499621227",
      "address": "15 Gladstonbury Parade\nBALDIVIS WA 6171",
      "email": "ritchiechika@gmail.com",
      "dateofbirth": "28May--1976",
      "landline": "08 9524 3854",
      "lastseen": "01-Feb-2021",
      "file_name": "Page 101.pdf"
    },
    {
      "first_name": "Stewart",
      "last_name": "Ritchie",
      "mobile": "0499621200",
      "address": "5 Flame Tree Loop\nBALDIVIS WA 6171",
      "email": "ritchiestewarta@gmail.com",
      "dateofbirth": "13Aug-1970-",
      "landline": "08\n9523 8680",
      "lastseen": "15Aug--2022",
      "file_name": "Page 101.pdf"
    },
    {
      "first_name": "Samuel",
      "last_name": "Henderson",
      "mobile": "0499599654",
      "address": "4 Hearth Way\nBALDIVIS WA 6171",
      "email": "starbros42@yahoo.com",
      "dateofbirth": "21-Jan-1977",
      "landline": "08\n9523\n1663",
      "lastseen": "15-Aug-2022",
      "file_name": "Page 101.pdf"
    },
    {
      "first_name": "Dean",
      "last_name": "Delvalle...",
      "mobile": "0499599162",
      "address": "50 Bonnington Way\nBALDIVIS WA 6171",
      "email": "heidetaylor@live.com.au",
      "dateofbirth": "Apr-1973 27-",
      "landline": "08\n9524 6876",
      "lastseen": "30-Jun-2023",
      "file_name": "Page 101.pdf"
    },
    {
      "first_name": "Heide",
      "last_name": "Taylor",
      "mobile": "0499588677",
      "address": "10 Sibley Ramble\nBALDIVIS WA 6171",
      "email": "r_vanderlande@hotmail.com",
      "dateofbirth": "22-Jul-1969",
      "landline": "",
      "lastseen": "30-Jun-2023",
      "file_name": "Page 101.pdf"
    },
    {
      "first_name": "Richard",
      "last_name": "Vanderlande...",
      "mobile": "0499580131",
      "address": "18 Fifty Road\nBALDIVIS WA 6171",
      "email": "r_vanderlande@hotmail.com",
      "dateofbirth": "27-Jun1976-",
      "landline": "",
      "lastseen": "31May--2018",
      "file_name": "Page 101.pdf"
    },
    {
      "first_name": "Adrian",
      "last_name": "Edwards.",
      "mobile": "0499577546",
      "address": "32 Ardea Way\nBALDIVIS WA 6171",
      "email": "adrianedwards71@hotmail.com",
      "dateofbirth": "09-Jan-1962",
      "landline": "",
      "lastseen": "15-Aug-2022",
      "file_name": "Page 101.pdf"
    },
    {
      "first_name": "Paul",
      "last_name": "Moss",
      "mobile": "0499572401",
      "address": "23 Chilvers Street\nBALDIVIS WA 6171",
      "email": "boosis@bigpond.com",
      "dateofbirth": "09Aug-1966-",
      "landline": "",
      "lastseen": "30-Jun-2023",
      "file_name": "Page 101.pdf"
    },
    {
      "first_name": "Chantel",
      "last_name": "Greer",
      "mobile": "0499570130",
      "address": "3 Burlington Drive\nBALDIVIS WA 6171",
      "email": "gnkwilling69@bigpond.com",
      "dateofbirth": "26-Oct1975-",
      "landline": "",
      "lastseen": "15Aug--2022",
      "file_name": "Page 101.pdf"
    },
    {
      "first_name": "Kathy",
      "last_name": "Willing",
      "mobile": "0499529091",
      "address": "12 Rivette Road\nBALDIVIS WA 6171",
      "email": "johanna.byrne@icloud.com",
      "dateofbirth": "04-Dec-1969",
      "landline": "",
      "lastseen": "15Aug--2022",
      "file_name": "Page 101.pdf"
    },
    {
      "first_name": "Johanna",
      "last_name": "Byrne",
      "mobile": "0499512536",
      "address": "21 Stame Turn\nBALDIVIS WA 6171",
      "email": "johanna.byrne@icloud.com",
      "dateofbirth": "26-Jan-1972",
      "landline": "",
      "lastseen": "15-Aug-2022",
      "file_name": "Page 101.pdf"
    },
    {
      "first_name": "Wayne",
      "last_name": "Reeve･･･",
      "mobile": "0499499128",
      "address": "32 Blaxland Terrace\nBALDIVIS WA 6171",
      "email": "brent.harvey@hotmail.com",
      "dateofbirth": "01-Oct1973-",
      "landline": "",
      "lastseen": "15Aug--2022",
      "file_name": "Page 101.pdf"
    },
    {
      "first_name": "Donna",
      "last_name": "Dunmill",
      "mobile": "0499382637",
      "address": "22 Kingsdale Lane\nBALDIVIS WA 6171",
      "email": "brent.harvey@hotmail.com",
      "dateofbirth": "20Aug-1971-",
      "landline": "",
      "lastseen": "28-Jan-2019",
      "file_name": "Page 101.pdf"
    },
    {
      "first_name": "Brent",
      "last_name": "Harvey",
      "mobile": "0499363568",
      "address": "6 Correa Way\nBALDIVIS WA 6171",
      "email": "brent.harvey@hotmail.com",
      "dateofbirth": "02-Feb-1966",
      "landline": "",
      "lastseen": "15Aug--2022",
      "file_name": "Page 101.pdf"
    },
    {
      "first_name": "Brent",
      "last_name": "Harvey",
      "mobile": "0499353668",
      "address": "3 Correa Way\nBALDIVIS WA 6171",
      "email": "hope_mkabaya@yahoo.co.uk",
      "dateofbirth": "01-Jan-1966",
      "landline": "",
      "lastseen": "07Apr--2025",
      "file_name": "Page 101.pdf"
    },
    {
      "first_name": "Johan",
      "last_name": "Du Preez",
      "mobile": "0499341999",
      "address": "10 Litton Street\nBALDIVIS WA 6171",
      "email": "davidkickstart40@gmail.com",
      "dateofbirth": "03May--1975",
      "landline": "",
      "lastseen": "28-Feb-2021",
      "file_name": "Page 101.pdf"
    },
    {
      "first_name": "Marladasan",
      "last_name": "Thoppil Nick",
      "mobile": "0499303015",
      "address": "45 Wanderer Parkway\nBALDIVIS WA 6171",
      "email": "natclarkson76@gmail.com",
      "dateofbirth": "12Aug-1972-",
      "landline": "",
      "lastseen": "18-Jan-2021",
      "file_name": "Page 101.pdf"
    },
    {
      "first_name": "Hopewell",
      "last_name": "Kabaya",
      "mobile": "0499303013",
      "address": "17 Baystone Road\nBALDIVIS WA 6171",
      "email": "clarksonv12@gmail.com",
      "dateofbirth": "13Apr--1969",
      "landline": "",
      "lastseen": "02Jul--2020",
      "file_name": "Page 101.pdf"
    },
    {
      "first_name": "David",
      "last_name": "Topping...",
      "mobile": "0499294557",
      "address": "8 Corbin Lane\nBALDIVIS WA 6171",
      "email": "skyegoodall2002@icloud.com",
      "dateofbirth": "03-May-1973",
      "landline": "",
      "lastseen": "30-Jun-2023",
      "file_name": "Page 101.pdf"
    },
    {
      "first_name": "Natalie",
      "last_name": "Michelle Clarkson",
      "mobile": "0499261895",
      "address": "11 Maidwell Lane\nBALDIVIS WA 6171",
      "email": "sue.bob@westnet.com.au",
      "dateofbirth": "08-Nov1976-",
      "landline": "",
      "lastseen": "11Apr--2018",
      "file_name": "Page 101.pdf"
    },
    {
      "first_name": "Skye",
      "last_name": "Goodall",
      "mobile": "0499259029",
      "address": "50 Kendall Boulevard\nBALDIVIS WA 6171",
      "email": "ray.jones@live.com.au",
      "dateofbirth": "30-Sept-1964",
      "landline": "",
      "lastseen": "30-Jun-2023",
      "file_name": "Page 101.pdf"
    },
    {
      "first_name": "Sue",
      "last_name": "McDermott...",
      "mobile": "0499267822",
      "address": "14 Buffalo Street BALDIVIS WA 6171",
      "email": "gerbarry2012@me.com",
      "dateofbirth": "28-Mar1961-",
      "landline": "",
      "lastseen": "11Jan--2020",
      "file_name": "Page 101.pdf"
    },
    {
      "first_name": "Mariet",
      "last_name": "Boshoff",
      "mobile": "0499242508",
      "address": "3 Hiscox Crescent\nBALDIVIS WA 6171",
      "email": "cliffdixon65@gmail.com",
      "dateofbirth": "25-Nov-1967",
      "landline": "",
      "lastseen": "13Apr--2019",
      "file_name": "Page 101.pdf"
    },
    {
      "first_name": "Ray",
      "last_name": "Jones",
      "mobile": "0499230643",
      "address": "51 Bonnington Way\nBALDIVIS WA 6171",
      "email": "hughesmark966@gmail.com",
      "dateofbirth": "04May--1964",
      "landline": "",
      "lastseen": "25-Jun-2020",
      "file_name": "Page 101.pdf"
    },
    {
      "first_name": "Gerard",
      "last_name": "Barry",
      "mobile": "0499215534",
      "address": "Unit 7 1 Cottonwood Drive\nBALDIVIS WA 6171",
      "email": "nightwheels@clear.net.nz",
      "dateofbirth": "20-Oct1964-",
      "landline": "",
      "lastseen": "30-Jun-2023",
      "file_name": "Page 101.pdf"
    },
    {
      "first_name": "Cliff",
      "last_name": "Dixon ...",
      "mobile": "0499201808",
      "address": "22 Edgecumbe Terrace\nBALDIVIS WA 6171",
      "email": "natalieladner14@gmail.com",
      "dateofbirth": "11-Nov1965-",
      "landline": "",
      "lastseen": "15-Aug-2022",
      "file_name": "Page 101.pdf"
    },
    {
      "first_name": "Mark",
      "last_name": "Hughes ...",
      "mobile": "0499200073",
      "address": "3 Japoon Vista\nBALDIVIS WA 6171",
      "email": "natalieladner14@gmail.com",
      "dateofbirth": "24Aug-1971-",
      "landline": "",
      "lastseen": "30-Jun-2023",
      "file_name": "Page 101.pdf"
    },
    {
      "first_name": "Wayne",
      "last_name": "Imlay ...",
      "mobile": "0499188067",
      "address": "26 Wibberley Loop\nBALDIVIS WA 6171",
      "email": "natalieladner14@gmail.com",
      "dateofbirth": "26Mar--1963",
      "landline": "",
      "lastseen": "15Aug--2022",
      "file_name": "Page 101.pdf"
    },
    {
      "first_name": "Natalie",
      "last_name": "Ladner...",
      "mobile": "0499183569",
      "address": "6 Abington Avenue\nBALDIVIS WA 6171",
      "email": "kelly.a.wescombe@gmail.com",
      "dateofbirth": "16-Jan-1977",
      "landline": "",
      "lastseen": "15Aug--2022",
      "file_name": "Page 101.pdf"
    },
    {
      "first_name": "Natalie",
      "last_name": "Ladner",
      "mobile": "0499183539",
      "address": "6 Abington Avenue\nBALDIVIS WA 6171",
      "email": "rrvenu@gmail.com",
      "dateofbirth": "16-Jan-1977",
      "landline": "",
      "lastseen": "26-Jul-2017",
      "file_name": "Page 101.pdf"
    },
    {
      "first_name": "Kelly",
      "last_name": "Wescombe...",
      "mobile": "0499170001",
      "address": "5 Branchton Loop\nBALDIVIS WA 6171",
      "email": "hope4bigfish@gmail.com",
      "dateofbirth": "26-Jul-1971",
      "landline": "",
      "lastseen": "15Aug--2022",
      "file_name": "Page 101.pdf"
    },
    {
      "first_name": "Bronwyn",
      "last_name": "Neal..",
      "mobile": "0499168162",
      "address": "7 Yate Court\nBALDIVIS WA 6171",
      "email": "sandymills61@yahoo.co.nz",
      "dateofbirth": "01-Jul1972-",
      "landline": "",
      "lastseen": "30-Jun-2023",
      "file_name": "Page 101.pdf"
    },
    {
      "first_name": "Venu",
      "last_name": "Ramakrishnan ...",
      "mobile": "0499106077",
      "address": "16 Wodalla Street\nBALDIVIS WA 6171",
      "email": "yviale67@gmail.com",
      "dateofbirth": "30-Jun-1972",
      "landline": "",
      "lastseen": "15Aug--2022",
      "file_name": "Page 101.pdf"
    },
    {
      "first_name": "Stephen",
      "last_name": "Jongeling",
      "mobile": "0499102608",
      "address": "40 Arrino Parade\nBALDIVIS WA 6171",
      "email": "james.ratu2011@gmail.com",
      "dateofbirth": "01-Sept-1966",
      "landline": "",
      "lastseen": "15Aug--2022",
      "file_name": "Page 101.pdf"
    },
    {
      "first_name": "Sandra",
      "last_name": "Mills",
      "mobile": "0499090560",
      "address": "37 Camelot Street\nBALDIVIS WA 6171",
      "email": "harrijag1 @bigpond.com",
      "dateofbirth": "03-Oct1961-",
      "landline": "",
      "lastseen": "03-Jun-2020",
      "file_name": "Page 101.pdf"
    },
    {
      "first_name": "Yannick",
      "last_name": "Viale",
      "mobile": "0499076949",
      "address": "33 Climber Concourse\nBALDIVIS WA 6171",
      "email": "matthewhodge@outlook.com.au",
      "dateofbirth": "08Jun--1973",
      "landline": "",
      "lastseen": "15Aug--2022",
      "file_name": "Page 101.pdf"
    },
    {
      "first_name": "James",
      "last_name": "Ratu...",
      "mobile": "0499072737",
      "address": "27 Avena Gardens\nBALDIVIS WA 6171",
      "email": "tonyprince78@outlook.com",
      "dateofbirth": "18-Feb-1978",
      "landline": "",
      "lastseen": "12-Nov-2017",
      "file_name": "Page 101.pdf"
    },
    {
      "first_name": "Sharon",
      "last_name": "Brown.",
      "mobile": "0499071283",
      "address": "108 Kendall Boulevard\nBALDIVIS WA 6171",
      "email": "sethsterboy@gmail.com",
      "dateofbirth": "24-Oct-1971",
      "landline": "",
      "lastseen": "30-Jun-2023",
      "file_name": "Page 101.pdf"
    },
    {
      "first_name": "Julie",
      "last_name": "Harris",
      "mobile": "0499035075",
      "address": "8 Archer Close\nBALDIVIS WA 6171",
      "email": "npleiter@bigpond.net.au",
      "dateofbirth": "23-Oct1962-",
      "landline": "",
      "lastseen": "30-Jun-2023",
      "file_name": "Page 101.pdf"
    },
    {
      "first_name": "Matthew",
      "last_name": "Hodged",
      "mobile": "0499017799",
      "address": "28 Angerton Mews\nBALDIVIS WA 6171",
      "email": "npleiter@bigpond.net.au",
      "dateofbirth": "08-Oct1971-",
      "landline": "",
      "lastseen": "01-Feb-2021",
      "file_name": "Page 101.pdf"
    },
    {
      "first_name": "Tony",
      "last_name": "Prince d...",
      "mobile": "0499016609",
      "address": "507 Eighty Road\nBALDIVIS WA 6171",
      "email": "samanthawilliams76@hotmail.com",
      "dateofbirth": "21-Feb-1978",
      "landline": "",
      "lastseen": "30Jun--2023",
      "file_name": "Page 101.pdf"
    },
    {
      "first_name": "Seth",
      "last_name": "Pleiter",
      "mobile": "0499001343",
      "address": "1 Fawkes Way\nBALDIVIS WA 6171",
      "email": "info@ausstarplumbing.com.au",
      "dateofbirth": "05-Feb-1978",
      "landline": "",
      "lastseen": "15Aug--2022",
      "file_name": "Page 101.pdf"
    },
    {
      "first_name": "Natalie",
      "last_name": "Pleiter",
      "mobile": "0499001342",
      "address": "1 Fawkes Way\nBALDIVIS WA 6171",
      "email": "teztink77@gmail.com",
      "dateofbirth": "09-Feb1971-",
      "landline": "",
      "lastseen": "15Aug--2022",
      "file_name": "Page 101.pdf"
    },
    {
      "first_name": "Joe-Anne",
      "last_name": "L Buchan",
      "mobile": "0499000245",
      "address": "16 Goulburn Road\nBALDIVIS WA 6171",
      "email": "teinat15@gmail.com",
      "dateofbirth": "26-Jan-1974",
      "landline": "",
      "lastseen": "13-Nov-2016",
      "file_name": "Page 101.pdf"
    },
    {
      "first_name": "Samantha",
      "last_name": "Williams",
      "mobile": "0498996474",
      "address": "28 Amos Drive\nBALDIVIS WA 6171",
      "email": "dcau.andrew.holyman@gmail.com",
      "dateofbirth": "19-Mar-1976",
      "landline": "",
      "lastseen": "30-Jun-2023",
      "file_name": "Page 101.pdf"
    },
    {
      "first_name": "Bradley",
      "last_name": "Byrne",
      "mobile": "0498982723",
      "address": "24 Tenterden Way\nBALDIVIS WA 6171",
      "email": "nickoturner@bigpond.com.au",
      "dateofbirth": "07-Mar-1978",
      "landline": "",
      "lastseen": "30-Jun-2023",
      "file_name": "Page 101.pdf"
    },
    {
      "first_name": "Jordan",
      "last_name": "Wegwermer",
      "mobile": "0498975616",
      "address": "8 Dressage Green\nBALDIVIS WA 6171",
      "email": "alet.swarts@gmail.com",
      "dateofbirth": "Sept-1977 16",
      "landline": "",
      "lastseen": "12-Oct-2021",
      "file_name": "Page 101.pdf"
    },
    {
      "first_name": "Jacqui",
      "last_name": "Early",
      "mobile": "0498811017",
      "address": "20 Lanagan Drive\nBALDIVIS WA 6171",
      "email": "aczmarsden@gmail.com",
      "dateofbirth": "07Aug-1963-",
      "landline": "",
      "lastseen": "16-\nJan-2018",
      "file_name": "Page 101.pdf"
    },
    {
      "first_name": "Teinakore",
      "last_name": "Tautu",
      "mobile": "0498810496",
      "address": "19 Lemon Gum Drive\nBALDIVIS WA 6171",
      "email": "shammylatu@gmail.com",
      "dateofbirth": "15-Jan-1968",
      "landline": "",
      "lastseen": "30-Jun-2023",
      "file_name": "Page 101.pdf"
    },
    {
      "first_name": "Andrew",
      "last_name": "Holyman...",
      "mobile": "0498802743",
      "address": "46 Furioso Green\nBALDIVIS WA 6171",
      "email": "shammylatu@gmail.com",
      "dateofbirth": "28-Feb-1964",
      "landline": "",
      "lastseen": "30Jun--2023",
      "file_name": "Page 101.pdf"
    },
    {
      "first_name": "Nicholas",
      "last_name": "Turner...",
      "mobile": "0498800204",
      "address": "91 Huxtable Terrace\nBALDIVIS WA 6171",
      "email": "auto1968@yahoo.co.nz",
      "dateofbirth": "08-Jun-1966",
      "landline": "",
      "lastseen": "15-\nAug-2022",
      "file_name": "Page 101.pdf"
    },
    {
      "first_name": "Alet",
      "last_name": "Swarts?",
      "mobile": "0498739307",
      "address": "19 Arkle Street\nBALDIVIS WA 6171",
      "email": "mllyjlly6@outlook.com",
      "dateofbirth": "Mar1972- 05-",
      "landline": "",
      "lastseen": "30Jun--2023",
      "file_name": "Page 101.pdf"
    },
    {
      "first_name": "Adam",
      "last_name": "Marsden",
      "mobile": "0498666827",
      "address": "44 Dunning Street\nBALDIVIS WA 6171",
      "email": "cybernetica24@hotmail.com",
      "dateofbirth": "01Jan--1977",
      "landline": "",
      "lastseen": "15Aug--2022",
      "file_name": "Page 101.pdf"
    },
    {
      "first_name": "Sharon",
      "last_name": "Fay Melissa Niwa?",
      "mobile": "0498666292",
      "address": "44 Dunning Street\nBALDIVIS WA 6171",
      "email": "michealmccormack22@yahoo.com",
      "dateofbirth": "30-Aug1975-",
      "landline": "",
      "lastseen": "15Aug--2022",
      "file_name": "Page 101.pdf"
    },
    {
      "first_name": "Cornelis",
      "last_name": "Pretorius",
      "mobile": "0498653523",
      "address": "183 Clyde Avenue BALDIVIS WA 6171",
      "email": "beetonni@gmail.com",
      "dateofbirth": "06-Sept-1964",
      "landline": "",
      "lastseen": "15Aug--2022",
      "file_name": "Page 101.pdf"
    },
    {
      "first_name": "Lisa",
      "last_name": "Kepa",
      "mobile": "0498646384",
      "address": "14 Sistene Street\nBALDIVIS WA 6171",
      "email": "1968@yahoo.co.nz",
      "dateofbirth": "02-Oct-1968",
      "landline": "",
      "lastseen": "15Aug--2022",
      "file_name": "Page 101.pdf"
    },
    {
      "first_name": "Kylie",
      "last_name": "Ingram",
      "mobile": "0498632058",
      "address": "17 Arpenteur Drive\nBALDIVIS WA 6171",
      "email": "",
      "dateofbirth": "04-Mar-1976",
      "landline": "",
      "lastseen": "15Aug--2022",
      "file_name": "Page 101.pdf"
    },
    {
      "first_name": "Troy",
      "last_name": "Michael O'Donnell ...",
      "mobile": "0498622404",
      "address": "36 Pemberton Boulevard\nBALDIVIS WA 6171",
      "email": "",
      "dateofbirth": "01Apr--1978",
      "landline": "",
      "lastseen": "15Aug--2022",
      "file_name": "Page 101.pdf"
    },
    {
      "first_name": "Micheal",
      "last_name": "McCormack ...",
      "mobile": "0498608165",
      "address": "30 Ruskin Brace\nBALDIVIS WA 6171",
      "email": "",
      "dateofbirth": "07-Jul1973-",
      "landline": "",
      "lastseen": "08Aug-2021-",
      "file_name": "Page 101.pdf"
    },
    {
      "first_name": "Noeleen",
      "last_name": "Beeton",
      "mobile": "0498572892",
      "address": "30 Ruskin Brace BALDIVIS WA 6171",
      "email": "",
      "dateofbirth": "08-Oct-1965",
      "landline": "",
      "lastseen": "02-Jul-2021",
      "file_name": "Page 101.pdf"
    }
  ],
  "summary": {
    "total_raw_records": 100,
    "total_filtered_records": 80,
    "success_rate": "80.0%"
  }
}