{
  "processing_timestamp": "2025-10-23T03:31:31.182Z",
  "total_files": 1,
  "raw_records": [
    {
      "first_name": "Sandra",
      "last_name": "Sherwin Craig",
      "mobile": "0407 260 689",
      "address": "NSW 2289 35 Madison Drive\nADAMSTOWN HEIGHTS",
      "email": "golden3@ms10.hinet.net",
      "dateofbirth": "30-Nov-1946",
      "landline": "02 4943 3349",
      "lastseen": "30-Jun-2023",
      "file_name": "Page 26.pdf"
    },
    {
      "first_name": "Jone",
      "last_name": "Laskovski",
      "mobile": "0458 790 381",
      "address": "18 Faul Street\nADAMSTOWN HEIGHTS NSW 2289",
      "email": "ghern@ncc.nsw.gov.au",
      "dateofbirth": "16-Dec-1952",
      "landline": "02 4943 3632",
      "lastseen": "30-Jun-2023",
      "file_name": "Page 26.pdf"
    },
    {
      "first_name": "Marjorie",
      "last_name": "Rosenbaum",
      "mobile": "0417 123 174",
      "address": "114 Northcott Drive\nADAMSTOWN HEIGHTS\nNSW 2289",
      "email": "epaint@bigpond.net.au",
      "dateofbirth": "10-Jul-1940",
      "landline": "02 4957 4705",
      "lastseen": "30-Jun-2023",
      "file_name": "Page 26.pdf"
    },
    {
      "first_name": "Betty",
      "last_name": "Louise Rich",
      "mobile": "0431 542 878",
      "address": "161 Northcott Drive\nADAMSTOWN HEIGHTS\nNSW 2289",
      "email": "nic.d.p@hotmail.com",
      "dateofbirth": "19-Dec-1935",
      "landline": "02 4957 4740",
      "lastseen": "30-Jun-2023",
      "file_name": "Page 26.pdf"
    },
    {
      "first_name": "Louise",
      "last_name": "Boyd",
      "mobile": "0431 068 202",
      "address": "24 Sheridan Avenue\nADAMSTOWN HEIGHTS\nNSW 2289",
      "email": "guzanne@optusnet.com.au",
      "dateofbirth": "29-Mar-1954",
      "landline": "02\n4943\n2260",
      "lastseen": "30-Jun-2023",
      "file_name": "Page 26.pdf"
    },
    {
      "first_name": "Susan",
      "last_name": "Maree Ebeling",
      "mobile": "0421 783 578",
      "address": "3 Myrtle Close ADAMSTOWN HEIGHTS\nNSW 2289",
      "email": "ktcarruthers@gmail.com",
      "dateofbirth": "05-Jan-1955",
      "landline": "02\n4943\n2838",
      "lastseen": "30-Jun-2023",
      "file_name": "Page 26.pdf"
    },
    {
      "first_name": "Jan",
      "last_name": "Elizabeth Edwards",
      "mobile": "0412 382 237",
      "address": "53 Sheridan Avenue\nADAMSTOWN HEIGHTS\nNSW 2289",
      "email": "jennyc@castlechem.com",
      "dateofbirth": "04-Jan1953-",
      "landline": "02 4947 8261",
      "lastseen": "30-Jun-2023",
      "file_name": "Page 26.pdf"
    },
    {
      "first_name": "Winifred",
      "last_name": "Joan MacFarlan",
      "mobile": "0422 973 277",
      "address": "4 Kara Street\nADAMSTOWN HEIGHTS\nNSW 2289",
      "email": "elise_mansfield@yahoo",
      "dateofbirth": "11-Mar-1946",
      "landline": "02\n4943 7277",
      "lastseen": "30-Jun-2023",
      "file_name": "Page 26.pdf"
    },
    {
      "first_name": "Peter",
      "last_name": "John Howlett",
      "mobile": "0416 063 055",
      "address": "75 Madison Drive\nADAMSTOWN HEIGHTS NSW 2289",
      "email": "carlamurphy7@hotmail.c",
      "dateofbirth": "20-Feb-1952",
      "landline": "02 4942 5080",
      "lastseen": "30-Jun-2023",
      "file_name": "Page 26.pdf"
    },
    {
      "first_name": "Gregory",
      "last_name": "Rex Hern",
      "mobile": "0412 225 045",
      "address": "125 Princeton Avenue\nADAMSTOWN HEIGHTS\nNSW 2289",
      "email": "gayle_lorraine@yahoo.com",
      "dateofbirth": "23-Sept-1952",
      "landline": "02 4943\n3067",
      "lastseen": "30-Jun-2023",
      "file_name": "Page 26.pdf"
    },
    {
      "first_name": "Ann",
      "last_name": "Christine Edser",
      "mobile": "0404 047 480",
      "address": "6 Boronia Avenue\nADAMSTOWN HEIGHTS\nNSW 2289",
      "email": "chrisfang24@gmail.com",
      "dateofbirth": "11-Aug1946-",
      "landline": "02\n4952\n5619",
      "lastseen": "30-Jun-2023",
      "file_name": "Page 26.pdf"
    },
    {
      "first_name": "Loretta",
      "last_name": "Nicholls",
      "mobile": "0403 561 841",
      "address": "94 Northcott Drive\nADAMSTOWN HEIGHTS NSW 2289",
      "email": "gkelaher@tycoint.com",
      "dateofbirth": "21-Mar-1949",
      "landline": "02\n4957 5209",
      "lastseen": "30-Jun-2023",
      "file_name": "Page 26.pdf"
    },
    {
      "first_name": "Maria",
      "last_name": "Drozdzewski",
      "mobile": "0423\n192\n414",
      "address": "27 Terence Street\nADAMSTOWN HEIGHTS\nNSW 2289",
      "email": "robertpatel56@gmail.com",
      "dateofbirth": "10-Apr-1937",
      "landline": "02 4952\n2929",
      "lastseen": "30-Jun-2023",
      "file_name": "Page 26.pdf"
    },
    {
      "first_name": "Peter",
      "last_name": "Anthony Lee",
      "mobile": "0412\n571 741",
      "address": "44 Boronia Avenue\nADAMSTOWN HEIGHTS\nNSW 2289",
      "email": "glennchristin@yahoo.co...",
      "dateofbirth": "22-Dec-1939",
      "landline": "02 4957 2053",
      "lastseen": "30-Jun-2023",
      "file_name": "Page 26.pdf"
    },
    {
      "first_name": "William",
      "last_name": "Henry Wharton",
      "mobile": "0407\n451 781",
      "address": "13 Crossland Street\nADAMSTOWN HEIGHTS\nNSW 2289",
      "email": "julieanne_marshall@hot...",
      "dateofbirth": "14-Nov-1939",
      "landline": "02 4943 5658",
      "lastseen": "30-Jun-2023",
      "file_name": "Page 26.pdf"
    },
    {
      "first_name": "Kathryn",
      "last_name": "Knott",
      "mobile": "0413 915 183",
      "address": "150 Princeton Avenue\nADAMSTOWN HEIGHTS\nNSW 2289",
      "email": "helen.grivas@bigpond.com",
      "dateofbirth": "02-Jun1953-",
      "landline": "02 4943\n6906",
      "lastseen": "30-Jun-2023",
      "file_name": "Page 26.pdf"
    },
    {
      "first_name": "Daphne",
      "last_name": "Jean Thomas",
      "mobile": "0425 219 796",
      "address": "16 Dalvern Close\nADAMSTOWN HEIGHTS\nNSW 2289",
      "email": "essie_frost@yahoo.com.au",
      "dateofbirth": "12May--1938",
      "landline": "02 4943\n6127",
      "lastseen": "30-Jun-2023",
      "file_name": "Page 26.pdf"
    },
    {
      "first_name": "Nicole\nPhillips",
      "last_name": "",
      "mobile": "0478 070 872",
      "address": "75 Carolyn Street\nADAMSTOWN HEIGHTS\nNSW 2289",
      "email": "auchterlonie@optusnet.c...",
      "dateofbirth": "26-Feb-1967",
      "landline": "02 4957 1446",
      "lastseen": "30-Jun-2023",
      "file_name": "Page 26.pdf"
    },
    {
      "first_name": "Grant",
      "last_name": "Davis",
      "mobile": "0419 515 281",
      "address": "15 Caroona Close NSW 2289 ADAMSTOWN HEIGHTS",
      "email": "isabellalikescats@gmail....",
      "dateofbirth": "24-Oct1971-",
      "landline": "02 4943 0762",
      "lastseen": "30-Jun-2023",
      "file_name": "Page 26.pdf"
    },
    {
      "first_name": "James",
      "last_name": "Senior",
      "mobile": "0401 933 093",
      "address": "83 Madison Drive\nADAMSTOWN HEIGHTS\nNSW 2289",
      "email": "jmurray@virginbroadban...",
      "dateofbirth": "14-May-1981",
      "landline": "02\n4952\n5492",
      "lastseen": "30-Jun-2023",
      "file_name": "Page 26.pdf"
    },
    {
      "first_name": "Howard",
      "last_name": "Bird",
      "mobile": "0406 726 097",
      "address": "25 Carolyn Street\nADAMSTOWN HEIGHTS\nNSW 2289",
      "email": "diane.hay@optusnet.co...",
      "dateofbirth": "17-Feb1970-",
      "landline": "02 4957 7854",
      "lastseen": "30-Jun-2023",
      "file_name": "Page 26.pdf"
    },
    {
      "first_name": "Genevieve",
      "last_name": "C Ferguson",
      "mobile": "0422 864 101",
      "address": "6 Westwood Avenue\nADAMSTOWN HEIGHTS\nNSW 2289",
      "email": "umah56@gmail.com",
      "dateofbirth": "02-Apr-1973",
      "landline": "02 4920 7213",
      "lastseen": "30-Jun-2023",
      "file_name": "Page 26.pdf"
    },
    {
      "first_name": "la",
      "last_name": "A McLeod",
      "mobile": "0421 180 839",
      "address": "13 Merinda Close\nADAMSTOWN HEIGHTS\nNSW 2289",
      "email": "juniorhawke@hotmail.com",
      "dateofbirth": "21-Aug1941-",
      "landline": "02 4957 7470",
      "lastseen": "30-Jun-2023",
      "file_name": "Page 26.pdf"
    },
    {
      "first_name": "Cheryl",
      "last_name": "Read",
      "mobile": "0413 140 871",
      "address": "430 Brunker Road\nADAMSTOWN HEIGHTS NSW 2289",
      "email": "olbu@mail.com",
      "dateofbirth": "08-Jul-1947",
      "landline": "02 4943 7277",
      "lastseen": "30-Jun-2023",
      "file_name": "Page 26.pdf"
    },
    {
      "first_name": "Katie",
      "last_name": "Bates",
      "mobile": "0413 000 883",
      "address": "2 Randall Parade\nADAMSTOWN HEIGHTS\nNSW 2289",
      "email": "monkeymyers1@optusn...",
      "dateofbirth": "08-Feb-1985",
      "landline": "02\n4023\n3587",
      "lastseen": "30-Jun-2023",
      "file_name": "Page 26.pdf"
    },
    {
      "first_name": "John",
      "last_name": "MacFarlane",
      "mobile": "0401 106 675",
      "address": "4 Kara Street\nADAMSTOWN HEIGHTS NSW 2289",
      "email": "sandra@topnutrition.com...",
      "dateofbirth": "21Aug--1940",
      "landline": "02 4920 8661",
      "lastseen": "30-Jun-2023",
      "file_name": "Page 26.pdf"
    },
    {
      "first_name": "Geoffrey",
      "last_name": "Roser",
      "mobile": "0403 244 080",
      "address": "Unit 2 54 Garden Grove\nParade\nADAMSTOWN HEIGHTS\nNSW 2289",
      "email": "ross.baines@metrolimet...",
      "dateofbirth": "29-Jun-1950",
      "landline": "02\n4943\n7064",
      "lastseen": "30-Jun-2023",
      "file_name": "Page 26.pdf"
    },
    {
      "first_name": "Jennifer",
      "last_name": "Carruthers",
      "mobile": "0425 350 734",
      "address": "8 Astor Street\nADAMSTOWN HEIGHTS\nNSW 2289",
      "email": "rita@dipcoss.com",
      "dateofbirth": "03-Jun1962-",
      "landline": "02 4943 0992",
      "lastseen": "30-Jun-2023",
      "file_name": "Page 26.pdf"
    },
    {
      "first_name": "Lorraine\nYvonne",
      "last_name": "Mullins",
      "mobile": "0400 309 282",
      "address": "9 Astor Street\nADAMSTOWN HEIGHTS NSW 2289",
      "email": "Icburden@bigpond.com",
      "dateofbirth": "02-Sept1937-",
      "landline": "02\n4943 8377",
      "lastseen": "30-Jun-2023",
      "file_name": "Page 26.pdf"
    },
    {
      "first_name": "Robyn",
      "last_name": "Ellen Pinkerton",
      "mobile": "0403 041 061",
      "address": "2 Caroona Close\nADAMSTOWN HEIGHTS\nNSW 2289",
      "email": "cabbagethecattledog@g...",
      "dateofbirth": "17-Dec-1952",
      "landline": "02\n4956 4150",
      "lastseen": "30-Jun-2023",
      "file_name": "Page 26.pdf"
    },
    {
      "first_name": "Robyn",
      "last_name": "Kenna",
      "mobile": "0413 608 001",
      "address": "13 Sheridan Avenue\nADAMSTOWN HEIGHTS\nNSW 2289",
      "email": "maria.tynan@hunterwate...",
      "dateofbirth": "16-Jun-1953",
      "landline": "02 4956 2978",
      "lastseen": "30-Jun-2023",
      "file_name": "Page 26.pdf"
    },
    {
      "first_name": "Tracy",
      "last_name": "Fitzsimmons",
      "mobile": "0439 686 114",
      "address": "Unit 6 54 Garden Grove\nParade\nADAMSTOWN HEIGHTS\nNSW 2289",
      "email": "ejholdom@hotmail.com",
      "dateofbirth": "24-Jan-1968",
      "landline": "02 4920 8442",
      "lastseen": "30-Jun-2023",
      "file_name": "Page 26.pdf"
    },
    {
      "first_name": "J",
      "last_name": "Dalton",
      "mobile": "0417 123 174",
      "address": "20 Bulkara Street\nADAMSTOWN HEIGHTS\nNSW 2289",
      "email": "vetboy001@optusnet.co...",
      "dateofbirth": "18-Dec-1970",
      "landline": "02 4943 2849",
      "lastseen": "30-Jun-2023",
      "file_name": "Page 26.pdf"
    },
    {
      "first_name": "E",
      "last_name": "Mansfield",
      "mobile": "0420\n403\n144",
      "address": "Unit 19 102 Madison Drive\nADAMSTOWN HEIGHTS NSW 2289",
      "email": "guzanne@optusnet.com.au",
      "dateofbirth": "30-Mar-1986",
      "landline": "02 4947 8272",
      "lastseen": "30-Jun-2023",
      "file_name": "Page 26.pdf"
    },
    {
      "first_name": "Matt",
      "last_name": "Clements",
      "mobile": "0413 363 285",
      "address": "Unit 5 102 Madison Drive\nADAMSTOWN HEIGHTS\nNSW 2289",
      "email": "dave.ray@vodafone.com",
      "dateofbirth": "14-Apr-1988",
      "landline": "02 4952 3519",
      "lastseen": "30-Jun-2023",
      "file_name": "Page 26.pdf"
    },
    {
      "first_name": "Carla",
      "last_name": "Van Der Wel",
      "mobile": "0421\n188 074",
      "address": "57 Lucas Crescent\nADAMSTOWN HEIGHTS\nNSW 2289",
      "email": "c3164410@uon.edu.au",
      "dateofbirth": "16-Jun1981-",
      "landline": "02 4920 8153",
      "lastseen": "30-Jun-2023",
      "file_name": "Page 26.pdf"
    },
    {
      "first_name": "J",
      "last_name": "Wheeler",
      "address": "22 Astor Street\nADAMSTOWN HEIGHTS\nNSW 2289",
      "dateofbirth": "29Aug--1984",
      "landline": "02 4920 8397",
      "lastseen": "30-Jun-2023",
      "file_name": "Page 26.pdf"
    },
    {
      "first_name": "Gayle",
      "last_name": "Hopwood",
      "address": "3 Bulkara Street\nADAMSTOWN HEIGHTS\nNSW 2289",
      "dateofbirth": "28May--1954",
      "landline": "02 4952 7455",
      "lastseen": "30-Jun-2023",
      "file_name": "Page 26.pdf"
    },
    {
      "first_name": "Kent",
      "last_name": "Alexander Dwyer",
      "address": "28 Lexington Parade\nADAMSTOWN HEIGHTS\nNSW 2289",
      "dateofbirth": "29-Dec-1960",
      "landline": "02 4920 6406",
      "lastseen": "30-Jun-2023",
      "file_name": "Page 26.pdf"
    },
    {
      "first_name": "Chris",
      "last_name": "Heinjus",
      "address": "15 Edison Street\nADAMSTOWN HEIGHTS\nNSW 2289",
      "dateofbirth": "22-Sept1964-",
      "landline": "02 4943 5760",
      "lastseen": "30-Jun-2023",
      "file_name": "Page 26.pdf"
    },
    {
      "first_name": "Gemma",
      "last_name": "Kelaher",
      "address": "43 Faul Street\nADAMSTOWN HEIGHTS\nNSW 2289",
      "dateofbirth": "06-Mar1960-",
      "landline": "02\n4920\n6771",
      "lastseen": "30-Jun-2023",
      "file_name": "Page 26.pdf"
    },
    {
      "first_name": "Robert",
      "last_name": "Patel",
      "address": "25 Wade Street\nADAMSTOWN HEIGHTS\nNSW 2289",
      "dateofbirth": "23May--1956",
      "landline": "02 4942 1229",
      "lastseen": "30-Jun-2023",
      "file_name": "Page 26.pdf"
    },
    {
      "first_name": "Christina",
      "last_name": "See",
      "address": "82 Carolyn Street\nADAMSTOWN HEIGHTS\nNSW 2289",
      "dateofbirth": "07May--1962",
      "landline": "02 4943 3041",
      "lastseen": "30-Jun-2023",
      "file_name": "Page 26.pdf"
    },
    {
      "first_name": "Julie-Anne",
      "last_name": "Marshall",
      "address": "13 Northwood Street\nADAMSTOWN HEIGHTS",
      "dateofbirth": "15-Nov-1982",
      "landline": "02 4943 1995",
      "lastseen": "30-Jun-2023",
      "file_name": "Page 26.pdf"
    },
    {
      "first_name": "George",
      "last_name": "Grivas",
      "address": "1 Garden Grove Parade\nADAMSTOWN HEIGHTS\nNSW 2289",
      "dateofbirth": "19-Nov-1935",
      "landline": "02 4920 6767",
      "lastseen": "30-Jun-2023",
      "file_name": "Page 26.pdf"
    },
    {
      "first_name": "Esyrahlyn",
      "last_name": "Frost",
      "address": "5 Edison Street\nADAMSTOWN HEIGHTS\nNSW 2289",
      "dateofbirth": "03-Dec-1979",
      "landline": "06 1254 5799",
      "lastseen": "30-Jun-2023",
      "file_name": "Page 26.pdf"
    },
    {
      "first_name": "Michelle",
      "last_name": "Fairfull우",
      "address": "119 Lexington Parade\nADAMSTOWN HEIGHTS\nNSW 2289",
      "dateofbirth": "21-Jun1962-",
      "landline": "02 4943 5178",
      "lastseen": "30-Jun-2023",
      "file_name": "Page 26.pdf"
    },
    {
      "first_name": "Melanie",
      "last_name": "Gibson",
      "address": "40 Faul Street\nADAMSTOWN HEIGHTS\nNSW 2289",
      "dateofbirth": "25-Nov1972-",
      "landline": "02 4943 9699",
      "lastseen": "30-Jun-2023",
      "file_name": "Page 26.pdf"
    },
    {
      "first_name": "John",
      "last_name": "Murray",
      "address": "14 Fernleigh Loop\nADAMSTOWN HEIGHTS NSW 2289",
      "dateofbirth": "07Jun-1950-",
      "landline": "02 4943 9699",
      "lastseen": "30-Jun-2023",
      "file_name": "Page 26.pdf"
    },
    {
      "first_name": "Diane",
      "last_name": "Hay",
      "address": "Unit 2 7A Madera Close\nADAMSTOWN HEIGHTS\nNSW 2289",
      "dateofbirth": "06-Jul1942-",
      "landline": "02 4957 5674",
      "lastseen": "30-Jun-2023",
      "file_name": "Page 26.pdf"
    },
    {
      "first_name": "Umahdevi",
      "last_name": "Nagamuthu",
      "address": "16 Hillcrest Parade\nADAMSTOWN HEIGHTS\nNSW 2289",
      "dateofbirth": "15-Nov-1956",
      "landline": "02 4943\n8284",
      "lastseen": "30-Jun-2023",
      "file_name": "Page 26.pdf"
    },
    {
      "first_name": "Matthew",
      "last_name": "Hawked",
      "address": "1 Randall Parade\nADAMSTOWN HEIGHTS\nNSW 2289",
      "dateofbirth": "14-Apr-1977",
      "landline": "02 4943 8284",
      "lastseen": "30-Jun-2023",
      "file_name": "Page 26.pdf"
    },
    {
      "first_name": "Natpatsorn",
      "last_name": "Oliver",
      "address": "53 Lucas Crescent\nADAMSTOWN HEIGHTS\nNSW 2289",
      "dateofbirth": "30Aug--1956",
      "landline": "02\n4942\n2444",
      "lastseen": "30-Jun-2023",
      "file_name": "Page 26.pdf"
    },
    {
      "first_name": "Kathleen",
      "last_name": "KennedyMyers-",
      "address": "45 Lucas Crescent\nADAMSTOWN HEIGHTS\nNSW 2289",
      "dateofbirth": "29-Jun1974-",
      "landline": "02\n4952\n2492",
      "lastseen": "30-Jun-2023",
      "file_name": "Page 26.pdf"
    },
    {
      "first_name": "Sandra",
      "last_name": "Hartono",
      "address": "167 Princeton Avenue\nADAMSTOWN HEIGHTS\nNSW 2289",
      "dateofbirth": "05May--1963",
      "landline": "02 4943 8303",
      "lastseen": "30-Jun2023-",
      "file_name": "Page 26.pdf"
    },
    {
      "first_name": "Ross",
      "last_name": "Baines",
      "address": "74 Madison Drive\nADAMSTOWN HEIGHTS\nNSW 2289",
      "dateofbirth": "06May--1966",
      "landline": "02\n4943\n4013",
      "lastseen": "30-Jun-2023",
      "file_name": "Page 26.pdf"
    },
    {
      "first_name": "Rita",
      "last_name": "Di Prinzio",
      "address": "4 Montana Close\nADAMSTOWN HEIGHTS\nNSW 2289",
      "dateofbirth": "11-Aug1955-",
      "landline": "02\n4942\n4039",
      "lastseen": "30-Jun-2023",
      "file_name": "Page 26.pdf"
    },
    {
      "first_name": "Anne",
      "last_name": "Brogan",
      "address": "44 Madison Drive\nADAMSTOWN HEIGHTS\nNSW 2289",
      "dateofbirth": "16-Sept1940-",
      "landline": "02 4920\n6356",
      "lastseen": "30-Jun-2023",
      "file_name": "Page 26.pdf"
    },
    {
      "first_name": "Daniel",
      "last_name": "Anthony Brogan",
      "address": "44 Madison Drive\nADAMSTOWN HEIGHTS\nNSW 2289",
      "dateofbirth": "24Aug--1937",
      "landline": "02 4942\n4406",
      "lastseen": "30-Jun-2023",
      "file_name": "Page 26.pdf"
    },
    {
      "first_name": "John",
      "last_name": "Robert Litchfield",
      "address": "101 Garden Grove Parade\nADAMSTOWN HEIGHTS\nNSW 2289",
      "dateofbirth": "14-Nov-1937",
      "landline": "02 4942\n4406",
      "lastseen": "30-Jun-2023",
      "file_name": "Page 26.pdf"
    },
    {
      "first_name": "Ann",
      "last_name": "Maree Keating",
      "address": "26 Melissa Avenue\nADAMSTOWN HEIGHTS\nNSW 2289",
      "dateofbirth": "24-Sept1959-",
      "landline": "02 4957 7062",
      "lastseen": "30-Jun-2023",
      "file_name": "Page 26.pdf"
    },
    {
      "first_name": "David",
      "last_name": "James Keating",
      "address": "26 Melissa Avenue\nADAMSTOWN HEIGHTS\nNSW 2289",
      "dateofbirth": "15-Sept-1984",
      "landline": "02\n4943\n9086",
      "lastseen": "30-Jun-2023",
      "file_name": "Page 26.pdf"
    },
    {
      "first_name": "Beverley",
      "last_name": "Ann Medlicott",
      "address": "122 Princeton Avenue\nADAMSTOWN HEIGHTS\nNSW 2289",
      "dateofbirth": "18Jun-1942-",
      "landline": "02\n4943\n4434",
      "lastseen": "30-Jun-2023",
      "file_name": "Page 26.pdf"
    },
    {
      "first_name": "William",
      "last_name": "Norman Giles",
      "address": "22 Wade Street\nADAMSTOWN HEIGHTS\nNSW 2289",
      "dateofbirth": "08-Dec-1938",
      "landline": "02\n4943 0087",
      "lastseen": "30-Jun-2023",
      "file_name": "Page 26.pdf"
    },
    {
      "first_name": "Keffa\nLouise",
      "last_name": "Heaney",
      "address": "24 Montrose Avenue\nADAMSTOWN HEIGHTS\nNSW 2289",
      "dateofbirth": "17-Jan-1983",
      "lastseen": "30-Jun-2023",
      "file_name": "Page 26.pdf"
    },
    {
      "first_name": "Niki",
      "last_name": "Georgiou",
      "address": "11 Melissa Avenue\nADAMSTOWN HEIGHTS\nNSW 2289",
      "dateofbirth": "16-\nMay-1941",
      "lastseen": "30-Jun-2023",
      "file_name": "Page 26.pdf"
    },
    {
      "first_name": "Gary",
      "last_name": "Brian Watkins",
      "address": "40 Montrose Avenue\nADAMSTOWN HEIGHTS\nNSW 2289",
      "dateofbirth": "25-Nov-1948",
      "lastseen": "30-Jun-2023",
      "file_name": "Page 26.pdf"
    },
    {
      "first_name": "Wallace",
      "last_name": "Allen Johnston",
      "address": "15 Ashbury Street\nADAMSTOWN HEIGHTS\nNSW 2289",
      "dateofbirth": "19-Apr-1957",
      "lastseen": "30-Jun-2023",
      "file_name": "Page 26.pdf"
    },
    {
      "first_name": "Cath",
      "last_name": "Burden",
      "address": "33 Fernleigh Loop\nADAMSTOWN HEIGHTS\nNSW 2289",
      "dateofbirth": "17-Dec-1968",
      "lastseen": "30-Jun-2023",
      "file_name": "Page 26.pdf"
    },
    {
      "first_name": "Michael",
      "last_name": "Addisonở",
      "address": "129 Princeton Avenue\nADAMSTOWN HEIGHTS NSW 2289",
      "dateofbirth": "24-Dec-1970",
      "lastseen": "30-Jun-2023",
      "file_name": "Page 26.pdf"
    },
    {
      "first_name": "Maria",
      "last_name": "Tynan",
      "address": "17 Boronia Avenue\nADAMSTOWN HEIGHTS\nNSW 2289",
      "dateofbirth": "23-Nov1954-",
      "lastseen": "30-Jun-2023",
      "file_name": "Page 26.pdf"
    },
    {
      "first_name": "Elaine",
      "last_name": "Holdom",
      "address": "109 Princeton Avenue\nADAMSTOWN HEIGHTS\nNSW 2289",
      "dateofbirth": "10May--1945",
      "lastseen": "30-Jun-2023",
      "file_name": "Page 26.pdf"
    },
    {
      "first_name": "Christopher",
      "last_name": "McCarthy",
      "address": "1 South Street\nADAMSTOWN HEIGHTS NSW 2289",
      "dateofbirth": "06May--1971",
      "lastseen": "30-Jun-2023",
      "file_name": "Page 26.pdf"
    },
    {
      "first_name": "Grant",
      "last_name": "Davis",
      "address": "15 Caroona Close\nADAMSTOWN HEIGHTS\nNSW 2289",
      "dateofbirth": "01-\nSept1962-",
      "lastseen": "30-Jun-2023",
      "file_name": "Page 26.pdf"
    },
    {
      "first_name": "David",
      "last_name": "Ray",
      "address": "12 Ellerslie Road\nADAMSTOWN HEIGHTS\nNSW 2289",
      "dateofbirth": "20-Feb-1972",
      "lastseen": "30-Jun-\n2023",
      "file_name": "Page 26.pdf"
    },
    {
      "first_name": "Lawrence",
      "last_name": "D Burden",
      "address": "33 Fernleigh Loop ADAMSTOWN HEIGHTS NSW 2289",
      "dateofbirth": "03Aug-\n-1967",
      "lastseen": "30-Jun-2023",
      "file_name": "Page 26.pdf"
    },
    {
      "first_name": "M",
      "last_name": "Pagey\nJane",
      "address": "15 Boronia Avenue\nADAMSTOWN HEIGHTS NSW 2289",
      "dateofbirth": "20-Jan1969-",
      "lastseen": "30-Jun-2023",
      "file_name": "Page 26.pdf"
    },
    {
      "first_name": "J",
      "last_name": "Whitton\nDavid",
      "address": "15 Stayton Street\nADAMSTOWN HEIGHTS\nNSW 2289",
      "dateofbirth": "25-Mar-1943",
      "lastseen": "30-Jun-2023",
      "file_name": "Page 26.pdf"
    },
    {
      "first_name": "Glenn",
      "last_name": "Skelly",
      "address": "33 Corriston Crescent\nADAMSTOWN HEIGHTS\nNSW 2289",
      "dateofbirth": "12-Jan-1972",
      "lastseen": "30-Jun-2023",
      "file_name": "Page 26.pdf"
    },
    {
      "first_name": "Chloe",
      "last_name": "Morgan",
      "address": "24 Ellerslie Road\nADAMSTOWN HEIGHTS NSW 2289",
      "dateofbirth": "28-Mar-1947",
      "lastseen": "30-Jun-2023",
      "file_name": "Page 26.pdf"
    }
  ],
  "filtered_records": [
    {
      "first_name": "Sandra",
      "last_name": "Sherwin Craig",
      "mobile": "0407260689",
      "address": "NSW 2289 35 Madison Drive\nADAMSTOWN HEIGHTS",
      "email": "golden3@ms10.hinet.net",
      "dateofbirth": "30-Nov-1946",
      "landline": "02 4943 3349",
      "lastseen": "30-Jun-2023",
      "file_name": "Page 26.pdf"
    },
    {
      "first_name": "Jone",
      "last_name": "Laskovski",
      "mobile": "0458790381",
      "address": "18 Faul Street\nADAMSTOWN HEIGHTS NSW 2289",
      "email": "ghern@ncc.nsw.gov.au",
      "dateofbirth": "16-Dec-1952",
      "landline": "02 4943 3632",
      "lastseen": "30-Jun-2023",
      "file_name": "Page 26.pdf"
    },
    {
      "first_name": "Marjorie",
      "last_name": "Rosenbaum",
      "mobile": "0417123174",
      "address": "114 Northcott Drive\nADAMSTOWN HEIGHTS\nNSW 2289",
      "email": "epaint@bigpond.net.au",
      "dateofbirth": "10-Jul-1940",
      "landline": "02 4957 4705",
      "lastseen": "30-Jun-2023",
      "file_name": "Page 26.pdf"
    },
    {
      "first_name": "Betty",
      "last_name": "Louise Rich",
      "mobile": "0431542878",
      "address": "161 Northcott Drive\nADAMSTOWN HEIGHTS\nNSW 2289",
      "email": "nic.d.p@hotmail.com",
      "dateofbirth": "19-Dec-1935",
      "landline": "02 4957 4740",
      "lastseen": "30-Jun-2023",
      "file_name": "Page 26.pdf"
    },
    {
      "first_name": "Louise",
      "last_name": "Boyd",
      "mobile": "0431068202",
      "address": "24 Sheridan Avenue\nADAMSTOWN HEIGHTS\nNSW 2289",
      "email": "guzanne@optusnet.com.au",
      "dateofbirth": "29-Mar-1954",
      "landline": "02\n4943\n2260",
      "lastseen": "30-Jun-2023",
      "file_name": "Page 26.pdf"
    },
    {
      "first_name": "Susan",
      "last_name": "Maree Ebeling",
      "mobile": "0421783578",
      "address": "3 Myrtle Close ADAMSTOWN HEIGHTS\nNSW 2289",
      "email": "ktcarruthers@gmail.com",
      "dateofbirth": "05-Jan-1955",
      "landline": "02\n4943\n2838",
      "lastseen": "30-Jun-2023",
      "file_name": "Page 26.pdf"
    },
    {
      "first_name": "Jan",
      "last_name": "Elizabeth Edwards",
      "mobile": "0412382237",
      "address": "53 Sheridan Avenue\nADAMSTOWN HEIGHTS\nNSW 2289",
      "email": "jennyc@castlechem.com",
      "dateofbirth": "04-Jan1953-",
      "landline": "02 4947 8261",
      "lastseen": "30-Jun-2023",
      "file_name": "Page 26.pdf"
    },
    {
      "first_name": "Winifred",
      "last_name": "Joan MacFarlan",
      "mobile": "0422973277",
      "address": "4 Kara Street\nADAMSTOWN HEIGHTS\nNSW 2289",
      "email": "elise_mansfield@yahoo",
      "dateofbirth": "11-Mar-1946",
      "landline": "02\n4943 7277",
      "lastseen": "30-Jun-2023",
      "file_name": "Page 26.pdf"
    },
    {
      "first_name": "Peter",
      "last_name": "John Howlett",
      "mobile": "0416063055",
      "address": "75 Madison Drive\nADAMSTOWN HEIGHTS NSW 2289",
      "email": "carlamurphy7@hotmail.c",
      "dateofbirth": "20-Feb-1952",
      "landline": "02 4942 5080",
      "lastseen": "30-Jun-2023",
      "file_name": "Page 26.pdf"
    },
    {
      "first_name": "Gregory",
      "last_name": "Rex Hern",
      "mobile": "0412225045",
      "address": "125 Princeton Avenue\nADAMSTOWN HEIGHTS\nNSW 2289",
      "email": "gayle_lorraine@yahoo.com",
      "dateofbirth": "23-Sept-1952",
      "landline": "02 4943\n3067",
      "lastseen": "30-Jun-2023",
      "file_name": "Page 26.pdf"
    },
    {
      "first_name": "Ann",
      "last_name": "Christine Edser",
      "mobile": "0404047480",
      "address": "6 Boronia Avenue\nADAMSTOWN HEIGHTS\nNSW 2289",
      "email": "chrisfang24@gmail.com",
      "dateofbirth": "11-Aug1946-",
      "landline": "02\n4952\n5619",
      "lastseen": "30-Jun-2023",
      "file_name": "Page 26.pdf"
    },
    {
      "first_name": "Loretta",
      "last_name": "Nicholls",
      "mobile": "0403561841",
      "address": "94 Northcott Drive\nADAMSTOWN HEIGHTS NSW 2289",
      "email": "gkelaher@tycoint.com",
      "dateofbirth": "21-Mar-1949",
      "landline": "02\n4957 5209",
      "lastseen": "30-Jun-2023",
      "file_name": "Page 26.pdf"
    },
    {
      "first_name": "Maria",
      "last_name": "Drozdzewski",
      "mobile": "0423192414",
      "address": "27 Terence Street\nADAMSTOWN HEIGHTS\nNSW 2289",
      "email": "robertpatel56@gmail.com",
      "dateofbirth": "10-Apr-1937",
      "landline": "02 4952\n2929",
      "lastseen": "30-Jun-2023",
      "file_name": "Page 26.pdf"
    },
    {
      "first_name": "Peter",
      "last_name": "Anthony Lee",
      "mobile": "0412571741",
      "address": "44 Boronia Avenue\nADAMSTOWN HEIGHTS\nNSW 2289",
      "email": "glennchristin@yahoo.co...",
      "dateofbirth": "22-Dec-1939",
      "landline": "02 4957 2053",
      "lastseen": "30-Jun-2023",
      "file_name": "Page 26.pdf"
    },
    {
      "first_name": "William",
      "last_name": "Henry Wharton",
      "mobile": "0407451781",
      "address": "13 Crossland Street\nADAMSTOWN HEIGHTS\nNSW 2289",
      "email": "julieanne_marshall@hot...",
      "dateofbirth": "14-Nov-1939",
      "landline": "02 4943 5658",
      "lastseen": "30-Jun-2023",
      "file_name": "Page 26.pdf"
    },
    {
      "first_name": "Kathryn",
      "last_name": "Knott",
      "mobile": "0413915183",
      "address": "150 Princeton Avenue\nADAMSTOWN HEIGHTS\nNSW 2289",
      "email": "helen.grivas@bigpond.com",
      "dateofbirth": "02-Jun1953-",
      "landline": "02 4943\n6906",
      "lastseen": "30-Jun-2023",
      "file_name": "Page 26.pdf"
    },
    {
      "first_name": "Daphne",
      "last_name": "Jean Thomas",
      "mobile": "0425219796",
      "address": "16 Dalvern Close\nADAMSTOWN HEIGHTS\nNSW 2289",
      "email": "essie_frost@yahoo.com.au",
      "dateofbirth": "12May--1938",
      "landline": "02 4943\n6127",
      "lastseen": "30-Jun-2023",
      "file_name": "Page 26.pdf"
    },
    {
      "first_name": "Nicole\nPhillips",
      "last_name": "",
      "mobile": "0478070872",
      "address": "75 Carolyn Street\nADAMSTOWN HEIGHTS\nNSW 2289",
      "email": "auchterlonie@optusnet.c...",
      "dateofbirth": "26-Feb-1967",
      "landline": "02 4957 1446",
      "lastseen": "30-Jun-2023",
      "file_name": "Page 26.pdf"
    },
    {
      "first_name": "Grant",
      "last_name": "Davis",
      "mobile": "0419515281",
      "address": "15 Caroona Close ADAMSTOWN HEIGHTS NSW 2289",
      "email": "isabellalikescats@gmail....",
      "dateofbirth": "24-Oct1971-",
      "landline": "02 4943 0762",
      "lastseen": "30-Jun-2023",
      "file_name": "Page 26.pdf"
    },
    {
      "first_name": "James",
      "last_name": "Senior",
      "mobile": "0401933093",
      "address": "83 Madison Drive\nADAMSTOWN HEIGHTS\nNSW 2289",
      "email": "jmurray@virginbroadban...",
      "dateofbirth": "14-May-1981",
      "landline": "02\n4952\n5492",
      "lastseen": "30-Jun-2023",
      "file_name": "Page 26.pdf"
    },
    {
      "first_name": "Howard",
      "last_name": "Bird",
      "mobile": "0406726097",
      "address": "25 Carolyn Street\nADAMSTOWN HEIGHTS\nNSW 2289",
      "email": "diane.hay@optusnet.co...",
      "dateofbirth": "17-Feb1970-",
      "landline": "02 4957 7854",
      "lastseen": "30-Jun-2023",
      "file_name": "Page 26.pdf"
    },
    {
      "first_name": "Genevieve",
      "last_name": "C Ferguson",
      "mobile": "0422864101",
      "address": "6 Westwood Avenue\nADAMSTOWN HEIGHTS\nNSW 2289",
      "email": "umah56@gmail.com",
      "dateofbirth": "02-Apr-1973",
      "landline": "02 4920 7213",
      "lastseen": "30-Jun-2023",
      "file_name": "Page 26.pdf"
    },
    {
      "first_name": "la",
      "last_name": "A McLeod",
      "mobile": "0421180839",
      "address": "13 Merinda Close\nADAMSTOWN HEIGHTS\nNSW 2289",
      "email": "juniorhawke@hotmail.com",
      "dateofbirth": "21-Aug1941-",
      "landline": "02 4957 7470",
      "lastseen": "30-Jun-2023",
      "file_name": "Page 26.pdf"
    },
    {
      "first_name": "Cheryl",
      "last_name": "Read",
      "mobile": "0413140871",
      "address": "430 Brunker Road\nADAMSTOWN HEIGHTS NSW 2289",
      "email": "olbu@mail.com",
      "dateofbirth": "08-Jul-1947",
      "landline": "02 4943 7277",
      "lastseen": "30-Jun-2023",
      "file_name": "Page 26.pdf"
    },
    {
      "first_name": "Katie",
      "last_name": "Bates",
      "mobile": "0413000883",
      "address": "2 Randall Parade\nADAMSTOWN HEIGHTS\nNSW 2289",
      "email": "monkeymyers1@optusn...",
      "dateofbirth": "08-Feb-1985",
      "landline": "02\n4023\n3587",
      "lastseen": "30-Jun-2023",
      "file_name": "Page 26.pdf"
    },
    {
      "first_name": "John",
      "last_name": "MacFarlane",
      "mobile": "0401106675",
      "address": "4 Kara Street\nADAMSTOWN HEIGHTS NSW 2289",
      "email": "sandra@topnutrition.com...",
      "dateofbirth": "21Aug--1940",
      "landline": "02 4920 8661",
      "lastseen": "30-Jun-2023",
      "file_name": "Page 26.pdf"
    },
    {
      "first_name": "Geoffrey",
      "last_name": "Roser",
      "mobile": "0403244080",
      "address": "Unit 2 54 Garden Grove\nParade\nADAMSTOWN HEIGHTS\nNSW 2289",
      "email": "ross.baines@metrolimet...",
      "dateofbirth": "29-Jun-1950",
      "landline": "02\n4943\n7064",
      "lastseen": "30-Jun-2023",
      "file_name": "Page 26.pdf"
    },
    {
      "first_name": "Jennifer",
      "last_name": "Carruthers",
      "mobile": "0425350734",
      "address": "8 Astor Street\nADAMSTOWN HEIGHTS\nNSW 2289",
      "email": "rita@dipcoss.com",
      "dateofbirth": "03-Jun1962-",
      "landline": "02 4943 0992",
      "lastseen": "30-Jun-2023",
      "file_name": "Page 26.pdf"
    },
    {
      "first_name": "Lorraine\nYvonne",
      "last_name": "Mullins",
      "mobile": "0400309282",
      "address": "9 Astor Street\nADAMSTOWN HEIGHTS NSW 2289",
      "email": "Icburden@bigpond.com",
      "dateofbirth": "02-Sept1937-",
      "landline": "02\n4943 8377",
      "lastseen": "30-Jun-2023",
      "file_name": "Page 26.pdf"
    },
    {
      "first_name": "Robyn",
      "last_name": "Ellen Pinkerton",
      "mobile": "0403041061",
      "address": "2 Caroona Close\nADAMSTOWN HEIGHTS\nNSW 2289",
      "email": "cabbagethecattledog@g...",
      "dateofbirth": "17-Dec-1952",
      "landline": "02\n4956 4150",
      "lastseen": "30-Jun-2023",
      "file_name": "Page 26.pdf"
    },
    {
      "first_name": "Robyn",
      "last_name": "Kenna",
      "mobile": "0413608001",
      "address": "13 Sheridan Avenue\nADAMSTOWN HEIGHTS\nNSW 2289",
      "email": "maria.tynan@hunterwate...",
      "dateofbirth": "16-Jun-1953",
      "landline": "02 4956 2978",
      "lastseen": "30-Jun-2023",
      "file_name": "Page 26.pdf"
    },
    {
      "first_name": "Tracy",
      "last_name": "Fitzsimmons",
      "mobile": "0439686114",
      "address": "Unit 6 54 Garden Grove\nParade\nADAMSTOWN HEIGHTS\nNSW 2289",
      "email": "ejholdom@hotmail.com",
      "dateofbirth": "24-Jan-1968",
      "landline": "02 4920 8442",
      "lastseen": "30-Jun-2023",
      "file_name": "Page 26.pdf"
    },
    {
      "first_name": "Matt",
      "last_name": "Clements",
      "mobile": "0413363285",
      "address": "Unit 5 102 Madison Drive\nADAMSTOWN HEIGHTS\nNSW 2289",
      "email": "dave.ray@vodafone.com",
      "dateofbirth": "14-Apr-1988",
      "landline": "02 4952 3519",
      "lastseen": "30-Jun-2023",
      "file_name": "Page 26.pdf"
    },
    {
      "first_name": "Carla",
      "last_name": "Van Der Wel",
      "mobile": "0421188074",
      "address": "57 Lucas Crescent\nADAMSTOWN HEIGHTS\nNSW 2289",
      "email": "c3164410@uon.edu.au",
      "dateofbirth": "16-Jun1981-",
      "landline": "02 4920 8153",
      "lastseen": "30-Jun-2023",
      "file_name": "Page 26.pdf"
    }
  ],
  "summary": {
    "total_raw_records": 80,
    "total_filtered_records": 34,
    "success_rate": "42.5%"
  }
}