{
  "processing_timestamp": "2025-10-23T19:24:36.721Z",
  "total_files": 1,
  "raw_records": [
    {
      "first_name": "R",
      "last_name": "Crotty",
      "mobile": "0438 801 907",
      "address": "21 Rachael Avenue\nADAMSTOWN HEIGHTS\nNSW 2289",
      "email": "candscoleman@gmail.com",
      "dateofbirth": "03-Sept-1962",
      "landline": "02 4009 1859",
      "lastseen": "30-Jun-2023",
      "file_name": "Page 28.pdf"
    },
    {
      "first_name": "R",
      "last_name": "Crotty",
      "mobile": "0412 731 112",
      "address": "21 Rachael Avenue\nADAMSTOWN HEIGHTS\nNSW 2289",
      "email": "rochelle@mcgeemail.net",
      "dateofbirth": "03-Sept-1962",
      "landline": "02 4950 9934",
      "lastseen": "30-Jun-2023",
      "file_name": "Page 28.pdf"
    },
    {
      "first_name": "Chris",
      "last_name": "Coleman",
      "mobile": "0429 460 081",
      "address": "27 Elton Close\nADAMSTOWN HEIGHTS\nNSW 2289",
      "email": "ffs@westnet.com.au",
      "dateofbirth": "20-Sept-1962",
      "landline": "02 4943 0806",
      "lastseen": "30-Jun-2023",
      "file_name": "Page 28.pdf"
    },
    {
      "first_name": "Rochelle",
      "last_name": "McGee",
      "mobile": "0408 684 842",
      "address": "10 Ragan Close\nADAMSTOWN HEIGHTS\nNSW 2289",
      "email": "tolmak@exemail.com.au",
      "dateofbirth": "22-Feb-1976",
      "landline": "02 4943 1691",
      "lastseen": "30-Jun-2023",
      "file_name": "Page 28.pdf"
    },
    {
      "first_name": "Roslyn",
      "last_name": "Corney",
      "mobile": "0414 983 912",
      "address": "23 Stayton Street\nADAMSTOWN HEIGHTS\nNSW 2289",
      "email": "bibliofriend@hotmail.com",
      "dateofbirth": "09-Apr-1965",
      "landline": "02 4947 8843",
      "lastseen": "30-Jun-2023",
      "file_name": "Page 28.pdf"
    },
    {
      "first_name": "Josie",
      "last_name": "Van Der Starre",
      "mobile": "0425 376 397",
      "address": "8 Mears Street\nADAMSTOWN HEIGHTS\nNSW 2289",
      "email": "darrenfletcherd@optusne...",
      "dateofbirth": "04-Jul-1948",
      "landline": "02 4943 5545",
      "lastseen": "30-Jun-2023",
      "file_name": "Page 28.pdf"
    },
    {
      "first_name": "...",
      "last_name": "Michael John Murray",
      "mobile": "0414 983 912",
      "address": "51 Sheridan Avenue\nADAMSTOWN HEIGHTS\nNSW 2289",
      "email": "jandjcondon@yahoo.com...",
      "dateofbirth": "10-Jul-1961",
      "landline": "02 4952 3978",
      "lastseen": "30-Jun-2023",
      "file_name": "Page 28.pdf"
    },
    {
      "first_name": "R",
      "last_name": "Hardy",
      "mobile": "0438 443 983",
      "address": "13 Dalvern Close\nADAMSTOWN HEIGHTS\nNSW 2289",
      "email": "jandjcondon@yahoo.com...",
      "dateofbirth": "09-Sept-1936",
      "landline": "02 4942 5127",
      "lastseen": "30-Jun-2023",
      "file_name": "Page 28.pdf"
    },
    {
      "first_name": "P",
      "last_name": "Wallis",
      "mobile": "0411 282 798",
      "address": "97 Carolyn Street\nADAMSTOWN HEIGHTS\nNSW 2289",
      "email": "gmurdoch@aapt.net.au",
      "dateofbirth": "01-Mar-1940",
      "landline": "02 4943 2708",
      "lastseen": "30-Jun-2023",
      "file_name": "Page 28.pdf"
    },
    {
      "first_name": "T",
      "last_name": "Dinh",
      "mobile": "0412 912 605",
      "address": "103 Lexington Parade\nADAMSTOWN HEIGHTS\nNSW 2289",
      "email": "mvallone@bigpond.net.au",
      "dateofbirth": "15-Jun-1987",
      "landline": "02 4943 1619",
      "lastseen": "30-Jun-2023",
      "file_name": "Page 28.pdf"
    },
    {
      "first_name": "Sofija",
      "last_name": "Mitrevski",
      "mobile": "0412 756 315",
      "address": "22 Elton Close\nADAMSTOWN HEIGHTS\nNSW 2289",
      "email": "gregbelindamoore@telstr...",
      "dateofbirth": "09-Jun-1943",
      "landline": "02 4942 4406",
      "lastseen": "30-Jun-2023",
      "file_name": "Page 28.pdf"
    },
    {
      "first_name": "...",
      "last_name": "David Christopher Tollard",
      "mobile": "0404 465 337",
      "address": "27 Ellerslie Road\nADAMSTOWN HEIGHTS\nNSW 2289",
      "email": "mariatynan@bigpond.com",
      "dateofbirth": "26-Oct-1965",
      "landline": "02 4952 2267",
      "lastseen": "30-Jun-2023",
      "file_name": "Page 28.pdf"
    },
    {
      "first_name": "Andonis",
      "last_name": "Chakos",
      "mobile": "0404 075 090",
      "address": "85 Madison Drive\nADAMSTOWN HEIGHTS\nNSW 2289",
      "email": "nicholas.s.bates@gmail....",
      "dateofbirth": "28-Oct-1941",
      "landline": "02 4943 2708",
      "lastseen": "30-Jun-2023",
      "file_name": "Page 28.pdf"
    },
    {
      "first_name": "C",
      "last_name": "A Burden",
      "mobile": "0429 902 200",
      "address": "33 Fernleigh Loop\nADAMSTOWN HEIGHTS\nNSW 2289",
      "email": "macbeth@exemail.com.au",
      "dateofbirth": "17-Dec-1968",
      "landline": "02 4943 0039",
      "lastseen": "30-Jun-2023",
      "file_name": "Page 28.pdf"
    },
    {
      "first_name": "Graham",
      "last_name": "Charles Whitton",
      "mobile": "0425 256 374",
      "address": "153 Northcott Drive\nADAMSTOWN HEIGHTS\nNSW 2289",
      "email": "mat.sharman@newcastle...",
      "dateofbirth": "28-Sept-1937",
      "landline": "02 4957 5499",
      "lastseen": "30-Jun-2023",
      "file_name": "Page 28.pdf"
    },
    {
      "first_name": "D",
      "last_name": "Tollard",
      "mobile": "0416 673 723",
      "address": "27 Ellerslie Road\nADAMSTOWN HEIGHTS\nNSW 2289",
      "email": "janice.norman24@bigpo...",
      "dateofbirth": "26-Oct-1965",
      "landline": "02 4942 1929",
      "lastseen": "30-Jun-2023",
      "file_name": "Page 28.pdf"
    },
    {
      "first_name": "Romana",
      "last_name": "Katrina Peristy",
      "mobile": "0427 302 679",
      "address": "24 Lucas Crescent\nADAMSTOWN HEIGHTS\nNSW 2289",
      "email": "john.knezevic@hotmail.c...",
      "dateofbirth": "11-Aug-1953",
      "landline": "02 4942 2778",
      "lastseen": "30-Jun-2023",
      "file_name": "Page 28.pdf"
    },
    {
      "first_name": "Christopher",
      "last_name": "Ho",
      "mobile": "0497 530 993",
      "address": "8 Carolyn Street\nADAMSTOWN HEIGHTS\nNSW 2289",
      "email": "dj_kao5@hotmail.com",
      "dateofbirth": "22-Mar-1989",
      "landline": "02 4952 7455",
      "lastseen": "30-Jun-2023",
      "file_name": "Page 28.pdf"
    },
    {
      "first_name": "LS",
      "last_name": "Tiernan",
      "mobile": "0400 197 159",
      "address": "6 Marconi Close\nADAMSTOWN HEIGHTS\nNSW 2289",
      "email": "gtparker11@hotmail.com",
      "dateofbirth": "13-May-1951",
      "landline": "02 4943 5051",
      "lastseen": "30-Jun-2023",
      "file_name": "Page 28.pdf"
    },
    {
      "first_name": "Margaret",
      "last_name": "Burton",
      "mobile": "0431 027 315",
      "address": "157 Princeton Avenue\nADAMSTOWN HEIGHTS\nNSW 2289",
      "email": "janina.maszluck@hotmai...",
      "dateofbirth": "13-May-1948",
      "landline": "02 4957 3360",
      "lastseen": "30-Jun-2023",
      "file_name": "Page 28.pdf"
    },
    {
      "first_name": "Rejeni",
      "last_name": "Patel",
      "mobile": "0412 432 296",
      "address": "25 Wade Street\nADAMSTOWN HEIGHTS\nNSW 2289",
      "email": "jennifer.l.richards@bigpo...",
      "dateofbirth": "23-May-1956",
      "landline": "02 4952 9085",
      "lastseen": "30-Jun-2023",
      "file_name": "Page 28.pdf"
    },
    {
      "first_name": "g",
      "last_name": "Wendy Denise Armstron",
      "mobile": "0403 041 061",
      "address": "5 Kempwood Close\nADAMSTOWN HEIGHTS\nNSW 2289",
      "email": "csjlonergan@gmail.com",
      "dateofbirth": "31-Dec-1944",
      "landline": "02 4943 2118",
      "lastseen": "30-Jun-2023",
      "file_name": "Page 28.pdf"
    },
    {
      "first_name": "Roy",
      "last_name": "Vernon Adamsơ",
      "mobile": "0402 945 953",
      "address": "13 Carolyn Street\nADAMSTOWN HEIGHTS\nNSW 2289",
      "email": "caer27@tpg.com.au",
      "dateofbirth": "24-Feb-1936",
      "landline": "02 4943 2118",
      "lastseen": "30-Jun-2023",
      "file_name": "Page 28.pdf"
    },
    {
      "first_name": "Trent",
      "last_name": "Green",
      "mobile": "0437 133 778",
      "address": "9 Madison Drive ADAMSTOWN HEIGHTS\nNSW 2289",
      "email": "trudijordancarr@gmail.com",
      "dateofbirth": "05-Apr-1982",
      "landline": "02 4943 1699",
      "lastseen": "30-Jun-2023",
      "file_name": "Page 28.pdf"
    },
    {
      "first_name": "Laraine",
      "last_name": "Ann New",
      "mobile": "0435 570 044",
      "address": "32 Ashbury Street\nADAMSTOWN HEIGHTS\nNSW 2289",
      "dateofbirth": "12-Apr-1944",
      "landline": "02 4915 6729",
      "lastseen": "30-Jun-2023",
      "file_name": "Page 28.pdf"
    },
    {
      "first_name": "Brian",
      "last_name": "Neville New",
      "mobile": "0407 566 871",
      "address": "32 Ashbury Street\nADAMSTOWN HEIGHTS\nNSW 2289",
      "dateofbirth": "25-Oct-1940",
      "landline": "02 4957 0337",
      "lastseen": "30-Jun-2023",
      "file_name": "Page 28.pdf"
    },
    {
      "first_name": "Mark",
      "last_name": "Fitzmaurice",
      "mobile": "0402 421 883",
      "address": "10 Northwood Street\nADAMSTOWN HEIGHTS\nNSW 2289",
      "dateofbirth": "22-May-1959",
      "landline": "02 4942 5127",
      "lastseen": "30-Jun-2023",
      "file_name": "Page 28.pdf"
    },
    {
      "first_name": "Susan",
      "last_name": "Coleman",
      "mobile": "0418 282 429",
      "address": "27 Elton Close\nADAMSTOWN HEIGHTS\nNSW 2289",
      "dateofbirth": "30-Oct-1961",
      "landline": "02 4943 5693",
      "lastseen": "30-Jun-2023",
      "file_name": "Page 28.pdf"
    },
    {
      "first_name": "Neale",
      "last_name": "Parker",
      "mobile": "0450 202 480",
      "address": "14 Toohey Crescent\nADAMSTOWN HEIGHTS\nNSW 2289",
      "dateofbirth": "18-Nov-1938",
      "landline": "02 4957 0500",
      "lastseen": "30-Jun-2023",
      "file_name": "Page 28.pdf"
    },
    {
      "first_name": "Kire",
      "last_name": "Mitrevski",
      "mobile": "0401 787 997",
      "address": "22 Elton Close ADAMSTOWN HEIGHTS\nNSW 2289",
      "dateofbirth": "16-Apr-1938",
      "landline": "02 4956 2558",
      "lastseen": "30-Jun-2023",
      "file_name": "Page 28.pdf"
    },
    {
      "first_name": "Megan",
      "last_name": "Louise Hamilton",
      "mobile": "0422 076 268",
      "address": "38 Merinda Close\nADAMSTOWN HEIGHTS\nNSW 2289",
      "dateofbirth": "04-Jul-1980",
      "landline": "02 4942 3374",
      "lastseen": "30-Jun-2023",
      "file_name": "Page 28.pdf"
    },
    {
      "first_name": "Ellenor",
      "last_name": "Dawn Murray",
      "mobile": "0400 796 573",
      "address": "8 Kinross Avenue\nADAMSTOWN HEIGHTS\nNSW 2289",
      "dateofbirth": "03-Nov-1942",
      "landline": "02 4957 9484",
      "lastseen": "30-Jun-2023",
      "file_name": "Page 28.pdf"
    },
    {
      "first_name": "Robyn",
      "last_name": "Ayaz",
      "mobile": "0409 527 429",
      "address": "66 Princeton Avenue\nADAMSTOWN HEIGHTS\nNSW 2289",
      "dateofbirth": "24-Apr-1950",
      "landline": "02 4920 8127",
      "lastseen": "30-Jun-2023",
      "file_name": "Page 28.pdf"
    },
    {
      "first_name": "J",
      "last_name": "Wynn",
      "mobile": "0422 854 024",
      "address": "2 Kara Street\nADAMSTOWN HEIGHTS\nNSW 2289",
      "dateofbirth": "18-Jan-1982",
      "landline": "02 4943 2130",
      "lastseen": "30-Jun-2023",
      "file_name": "Page 28.pdf"
    },
    {
      "first_name": "Darren",
      "last_name": "Fletcher",
      "mobile": "0499 688 068",
      "address": "11 Tremont Avenue\nADAMSTOWN HEIGHTS\nNSW 2289",
      "dateofbirth": "17-Oct-1965",
      "landline": "03 6268 0462",
      "lastseen": "30-Jun-2023",
      "file_name": "Page 28.pdf"
    },
    {
      "first_name": "Jenny",
      "last_name": "Condon",
      "mobile": "0417 260 472",
      "address": "2A Ellerslie Road\nADAMSTOWN HEIGHTS\nNSW 2289",
      "dateofbirth": "20-Jul-1959",
      "landline": "02 4942 2577",
      "lastseen": "30-Jun-2023",
      "file_name": "Page 28.pdf"
    },
    {
      "first_name": "Jeffrey",
      "last_name": "Condon",
      "mobile": "0403 504 348",
      "address": "2A Ellerslie Road ADAMSTOWN HEIGHTS\nNSW 2289",
      "dateofbirth": "04-Sept-1955",
      "landline": "02 4942 5127",
      "lastseen": "30-Jun-2023",
      "file_name": "Page 28.pdf"
    },
    {
      "first_name": "Geoff",
      "last_name": "Murdoch",
      "address": "45 Kinross Avenue\nADAMSTOWN HEIGHTS\nNSW 2289",
      "dateofbirth": "16-Mar-1965",
      "landline": "02 4943 2708",
      "lastseen": "30-Jun-2023",
      "file_name": "Page 28.pdf"
    },
    {
      "first_name": "Mark",
      "last_name": "Vallone",
      "address": "55 Merinda Close\nADAMSTOWN HEIGHTS\nNSW 2289",
      "dateofbirth": "15-Mar-1961",
      "landline": "02 4952 1437",
      "lastseen": "30-Jun-2023",
      "file_name": "Page 28.pdf"
    },
    {
      "first_name": "Belinda",
      "last_name": "Moore",
      "address": "43 Ashbury Street\nADAMSTOWN HEIGHTS\nNSW 2289",
      "dateofbirth": "18-Jan-1972",
      "landline": "02 4943 2296",
      "lastseen": "30-Jun-2023",
      "file_name": "Page 28.pdf"
    },
    {
      "first_name": "Alan",
      "last_name": "Peter Baker",
      "address": "103 Carolyn Street\nADAMSTOWN HEIGHTS\nNSW 2289",
      "dateofbirth": "15-Jul-1942",
      "landline": "02 4953 9583",
      "lastseen": "30-Jun-2023",
      "file_name": "Page 28.pdf"
    },
    {
      "first_name": "Dale",
      "last_name": "McCallum",
      "address": "29 Ashbury Street\nADAMSTOWN HEIGHTS\nNSW 2289",
      "dateofbirth": "05-Nov-1938",
      "landline": "02 4023 0598",
      "lastseen": "30-Jun-2023",
      "file_name": "Page 28.pdf"
    },
    {
      "first_name": "Ludmilla",
      "last_name": "Ireland",
      "address": "20 Corriston Crescent\nADAMSTOWN HEIGHTS\nNSW 2289",
      "dateofbirth": "05-Sept-1942",
      "landline": "02 4952 4447",
      "lastseen": "30-Jun-2023",
      "file_name": "Page 28.pdf"
    },
    {
      "first_name": "...",
      "last_name": "Robert Steven Mitrevski",
      "address": "22 Elton Close\nADAMSTOWN HEIGHTS\nNSW 2289",
      "dateofbirth": "19-Nov-1971",
      "landline": "02 4009 1000",
      "lastseen": "30-Jun-2023",
      "file_name": "Page 28.pdf"
    },
    {
      "first_name": "Lee-Anne",
      "last_name": "Judith Tollard",
      "address": "27 Ellerslie Road\nADAMSTOWN HEIGHTS\nNSW 2289",
      "dateofbirth": "15-Sept-1966",
      "landline": "02 4942 3639",
      "lastseen": "30-Jun-2023",
      "file_name": "Page 28.pdf"
    },
    {
      "first_name": "George",
      "last_name": "Temelkovski",
      "address": "8 Caroona Close\nADAMSTOWN HEIGHTS\nNSW 2289",
      "dateofbirth": "14-Apr-1967",
      "landline": "03 6432 3206",
      "lastseen": "30-Jun-2023",
      "file_name": "Page 28.pdf"
    },
    {
      "first_name": "Yvonne",
      "last_name": "Dawn Pink",
      "address": "7 Claremont Avenue\nADAMSTOWN HEIGHTS\nNSW 2289",
      "dateofbirth": "28-Dec-1938",
      "landline": "03 9585 8174",
      "lastseen": "30-Jun-2023",
      "file_name": "Page 28.pdf"
    },
    {
      "first_name": "Margaret",
      "last_name": "Rose Sinclair",
      "address": "15 Rachael Avenue\nADAMSTOWN HEIGHTS\nNSW 2289",
      "dateofbirth": "17-Jan-1937",
      "landline": "03 6382 1968",
      "lastseen": "30-Jun-2023",
      "file_name": "Page 28.pdf"
    },
    {
      "first_name": "P",
      "last_name": "Princehorn",
      "address": "8 Lansbury Close\nADAMSTOWN HEIGHTS\nNSW 2289",
      "dateofbirth": "26-Jul-1944",
      "landline": "02 9417 0202",
      "lastseen": "30-Jun-2023",
      "file_name": "Page 28.pdf"
    },
    {
      "first_name": "Maria",
      "last_name": "Tynan",
      "address": "17 Boronia Avenue\nADAMSTOWN HEIGHTS\nNSW 2289",
      "dateofbirth": "23-Nov-1954",
      "landline": "02 4943 4249",
      "lastseen": "30-Jun-2023",
      "file_name": "Page 28.pdf"
    },
    {
      "first_name": "Susan",
      "last_name": "Jean Sinclair",
      "address": "29 Fernleigh Loop\nADAMSTOWN HEIGHTS\nNSW 2289",
      "dateofbirth": "30-Apr-1951",
      "landline": "02 4957 4484",
      "lastseen": "30-Jun-2023",
      "file_name": "Page 28.pdf"
    },
    {
      "first_name": "Scott",
      "last_name": "William Farley",
      "address": "45 Merinda Close\nADAMSTOWN HEIGHTS\nNSW 2289",
      "dateofbirth": "07-Jan-1972",
      "landline": "02 4957 7470",
      "lastseen": "30-Jun-2023",
      "file_name": "Page 28.pdf"
    },
    {
      "first_name": "Nicholas",
      "last_name": "Bates",
      "address": "2 Randall Parade\nADAMSTOWN HEIGHTS\nNSW 2289",
      "dateofbirth": "25-Mar-1985",
      "landline": "02 4943 0739",
      "lastseen": "30-Jun-2023",
      "file_name": "Page 28.pdf"
    },
    {
      "first_name": "Kevin",
      "last_name": "McNamara",
      "address": "452 Brunker Road\nADAMSTOWN HEIGHTS\nNSW 2289",
      "dateofbirth": "08-May-1941",
      "landline": "02 4942 4572",
      "lastseen": "30-Jun-2023",
      "file_name": "Page 28.pdf"
    },
    {
      "first_name": "Zoe",
      "last_name": "Parsons",
      "address": "8 Clinton Avenue ADAMSTOWN HEIGHTS\nNSW 2289",
      "dateofbirth": "12-Apr-1984",
      "landline": "07 4099 3893",
      "lastseen": "30-Jun-2023",
      "file_name": "Page 28.pdf"
    },
    {
      "first_name": "Steven",
      "last_name": "Rowse",
      "address": "28A Sheridan Avenue ADAMSTOWN HEIGHTS\nNSW 2289",
      "dateofbirth": "23-Nov-1955",
      "landline": "02 4943 9078",
      "lastseen": "30-Jun-2023",
      "file_name": "Page 28.pdf"
    },
    {
      "first_name": "Carla",
      "last_name": "Keegan-",
      "address": "34 Clinton Avenue ADAMSTOWN HEIGHTS\nNSW 2289",
      "dateofbirth": "29-Mar-1959",
      "landline": "03 9878 8490",
      "lastseen": "30-Jun-2023",
      "file_name": "Page 28.pdf"
    },
    {
      "first_name": "Jarrod",
      "last_name": "Wynn",
      "address": "2 Kara Street\nADAMSTOWN HEIGHTS\nNSW 2289",
      "dateofbirth": "18-Jan-1982",
      "landline": "02 4943 2732",
      "lastseen": "30-Jun-2023",
      "file_name": "Page 28.pdf"
    },
    {
      "first_name": "GE",
      "last_name": "Keegan",
      "address": "34 Clinton Avenue\nADAMSTOWN HEIGHTS\nNSW 2289",
      "dateofbirth": "11-Mar-1959",
      "landline": "02 4957 1738",
      "lastseen": "30-Jun-2023",
      "file_name": "Page 28.pdf"
    },
    {
      "first_name": "Sarah",
      "last_name": "Granger",
      "address": "6 Lolita Close\nADAMSTOWN HEIGHTS\nNSW 2289",
      "dateofbirth": "05-Sept-1979",
      "landline": "02 4947 8841",
      "lastseen": "30-Jun-2023",
      "file_name": "Page 28.pdf"
    },
    {
      "first_name": "Lynn",
      "last_name": "Birchill",
      "address": "6 Hillcrest Parade\nADAMSTOWN HEIGHTS\nNSW 2289",
      "dateofbirth": "16-Oct-1964",
      "landline": "02 4957 3787",
      "lastseen": "30-Jun-2023",
      "file_name": "Page 28.pdf"
    },
    {
      "first_name": "Mathew",
      "last_name": "Sharman",
      "address": "43 Boronia Avenue\nADAMSTOWN HEIGHTS\nNSW 2289",
      "dateofbirth": "26-Sept-1969",
      "landline": "02 6496 1490",
      "lastseen": "30-Jun-2023",
      "file_name": "Page 28.pdf"
    },
    {
      "first_name": "Michael",
      "last_name": "Stuart Read",
      "address": "430 Brunker Road\nADAMSTOWN HEIGHTS\nNSW 2289",
      "dateofbirth": "24-Oct-1946",
      "landline": "02 4957 6636",
      "lastseen": "30-Jun-2023",
      "file_name": "Page 28.pdf"
    },
    {
      "first_name": "Janice",
      "last_name": "Norman",
      "address": "12 Madera Close\nADAMSTOWN HEIGHTS\nNSW 2289",
      "dateofbirth": "24-Oct-1952",
      "landline": "02 4942 5221",
      "lastseen": "30-Jun-2023",
      "file_name": "Page 28.pdf"
    },
    {
      "first_name": "John",
      "last_name": "Knezevic",
      "address": "50 Lexington Parade\nADAMSTOWN HEIGHTS\nNSW 2289",
      "dateofbirth": "02-Feb-1970",
      "lastseen": "30-Jun-2023",
      "file_name": "Page 28.pdf"
    },
    {
      "first_name": "Kim",
      "last_name": "Brent",
      "address": "10 Stayton Street\nADAMSTOWN HEIGHTS\nNSW 2289",
      "dateofbirth": "20-Dec-1981",
      "lastseen": "30-Jun-2023",
      "file_name": "Page 28.pdf"
    },
    {
      "first_name": "y",
      "last_name": "... Dominic George Shamle",
      "address": "20 Merinda Close\nADAMSTOWN HEIGHTS\nNSW 2289",
      "dateofbirth": "06-May-1982",
      "lastseen": "30-Jun-2023",
      "file_name": "Page 28.pdf"
    },
    {
      "first_name": "Aemon",
      "last_name": "Rhys Beech",
      "address": "158 Northcott Drive\nADAMSTOWN HEIGHTS\nNSW 2289",
      "dateofbirth": "31-Mar-1985",
      "lastseen": "30-Jun-2023",
      "file_name": "Page 28.pdf"
    },
    {
      "first_name": "Glen",
      "last_name": "Parker",
      "address": "40 Faul Street\nADAMSTOWN HEIGHTS\nNSW 2289",
      "dateofbirth": "25-Jul-1966",
      "lastseen": "30-Jun-2023",
      "file_name": "Page 28.pdf"
    },
    {
      "first_name": "Janina",
      "last_name": "Maszluck",
      "address": "26A Faul Street\nADAMSTOWN HEIGHTS\nNSW 2289",
      "dateofbirth": "08-Feb-1946",
      "lastseen": "30-Jun-2023",
      "file_name": "Page 28.pdf"
    },
    {
      "first_name": "Brad",
      "last_name": "Johns",
      "address": "406 Brunker Road ADAMSTOWN HEIGHTS NSW 2289",
      "dateofbirth": "31-May-1968",
      "lastseen": "30-Jun-2023",
      "file_name": "Page 28.pdf"
    },
    {
      "first_name": "C",
      "last_name": "Horton",
      "address": "11 Ellerslie Road ADAMSTOWN HEIGHTS NSW 2289",
      "dateofbirth": "22-Mar-1975",
      "lastseen": "30-Jun-2023",
      "file_name": "Page 28.pdf"
    },
    {
      "first_name": "Maureen",
      "last_name": "Pippen",
      "address": "17 Lucas Crescent ADAMSTOWN HEIGHTS NSW 2289",
      "dateofbirth": "22-Oct-1937",
      "lastseen": "30-Jun-2023",
      "file_name": "Page 28.pdf"
    },
    {
      "first_name": "Jennifer",
      "last_name": "Richards",
      "address": "30 Claremont Avenue ADAMSTOWN HEIGHTS NSW 2289",
      "dateofbirth": "24-Apr-1957",
      "lastseen": "30-Jun-2023",
      "file_name": "Page 28.pdf"
    },
    {
      "first_name": "Ronn",
      "last_name": "Wood",
      "address": "9 Corriston Crescent ADAMSTOWN HEIGHTS NSW 2289",
      "dateofbirth": "08-Mar-1956",
      "lastseen": "30-Jun-2023",
      "file_name": "Page 28.pdf"
    },
    {
      "first_name": "Alexandra",
      "last_name": "Mulconry",
      "address": "9 Randall Parade ADAMSTOWN HEIGHTS NSW 2289",
      "dateofbirth": "04-Sept-1960",
      "lastseen": "30-Jun-2023",
      "file_name": "Page 28.pdf"
    },
    {
      "first_name": "Chris",
      "last_name": "Lonergan",
      "address": "29 Clinton Avenue ADAMSTOWN HEIGHTS NSW 2289",
      "dateofbirth": "01-May-1988",
      "lastseen": "30-Jun-2023",
      "file_name": "Page 28.pdf"
    },
    {
      "first_name": "L",
      "last_name": "Bergqvist",
      "address": "46 Kinross Avenue ADAMSTOWN HEIGHTS NSW 2289",
      "dateofbirth": "09-Apr-1972",
      "lastseen": "30-Jun-2023",
      "file_name": "Page 28.pdf"
    },
    {
      "first_name": "David",
      "last_name": "Westbury",
      "address": "14 Astor Street ADAMSTOWN HEIGHTS NSW 2289",
      "dateofbirth": "26-Apr-1972",
      "lastseen": "30-Jun-2023",
      "file_name": "Page 28.pdf"
    },
    {
      "first_name": "Trudi",
      "last_name": "Carr",
      "address": "16 Rosemont Street ADAMSTOWN HEIGHTS NSW 2289",
      "dateofbirth": "12-Jan-1979",
      "lastseen": "30-Jun-2023",
      "file_name": "Page 28.pdf"
    },
    {
      "first_name": "Drew",
      "last_name": "Hamilton",
      "address": "28A Montrose Avenue ADAMSTOWN HEIGHTS",
      "dateofbirth": "09-Oct-1980",
      "lastseen": "30-Jun-2023",
      "file_name": "Page 28.pdf"
    }
  ],
  "filtered_records": [
    {
      "first_name": "Chris",
      "last_name": "Coleman",
      "mobile": "0429460081",
      "address": "27 Elton Close\nADAMSTOWN HEIGHTS\nNSW 2289",
      "email": "ffs@westnet.com.au",
      "dateofbirth": "20-Sept-1962",
      "landline": "02 4943 0806",
      "lastseen": "30-Jun-2023",
      "file_name": "Page 28.pdf"
    },
    {
      "first_name": "Rochelle",
      "last_name": "McGee",
      "mobile": "0408684842",
      "address": "10 Ragan Close\nADAMSTOWN HEIGHTS\nNSW 2289",
      "email": "tolmak@exemail.com.au",
      "dateofbirth": "22-Feb-1976",
      "landline": "02 4943 1691",
      "lastseen": "30-Jun-2023",
      "file_name": "Page 28.pdf"
    },
    {
      "first_name": "Roslyn",
      "last_name": "Corney",
      "mobile": "0414983912",
      "address": "23 Stayton Street\nADAMSTOWN HEIGHTS\nNSW 2289",
      "email": "bibliofriend@hotmail.com",
      "dateofbirth": "09-Apr-1965",
      "landline": "02 4947 8843",
      "lastseen": "30-Jun-2023",
      "file_name": "Page 28.pdf"
    },
    {
      "first_name": "Josie",
      "last_name": "Van Der Starre",
      "mobile": "0425376397",
      "address": "8 Mears Street\nADAMSTOWN HEIGHTS\nNSW 2289",
      "email": "darrenfletcherd@optusne...",
      "dateofbirth": "04-Jul-1948",
      "landline": "02 4943 5545",
      "lastseen": "30-Jun-2023",
      "file_name": "Page 28.pdf"
    },
    {
      "first_name": "Sofija",
      "last_name": "Mitrevski",
      "mobile": "0412756315",
      "address": "22 Elton Close\nADAMSTOWN HEIGHTS\nNSW 2289",
      "email": "gregbelindamoore@telstr...",
      "dateofbirth": "09-Jun-1943",
      "landline": "02 4942 4406",
      "lastseen": "30-Jun-2023",
      "file_name": "Page 28.pdf"
    },
    {
      "first_name": "...",
      "last_name": "David Christopher Tollard",
      "mobile": "0404465337",
      "address": "27 Ellerslie Road\nADAMSTOWN HEIGHTS\nNSW 2289",
      "email": "mariatynan@bigpond.com",
      "dateofbirth": "26-Oct-1965",
      "landline": "02 4952 2267",
      "lastseen": "30-Jun-2023",
      "file_name": "Page 28.pdf"
    },
    {
      "first_name": "Andonis",
      "last_name": "Chakos",
      "mobile": "0404075090",
      "address": "85 Madison Drive\nADAMSTOWN HEIGHTS\nNSW 2289",
      "email": "nicholas.s.bates@gmail....",
      "dateofbirth": "28-Oct-1941",
      "landline": "02 4943 2708",
      "lastseen": "30-Jun-2023",
      "file_name": "Page 28.pdf"
    },
    {
      "first_name": "Graham",
      "last_name": "Charles Whitton",
      "mobile": "0425256374",
      "address": "153 Northcott Drive\nADAMSTOWN HEIGHTS\nNSW 2289",
      "email": "mat.sharman@newcastle...",
      "dateofbirth": "28-Sept-1937",
      "landline": "02 4957 5499",
      "lastseen": "30-Jun-2023",
      "file_name": "Page 28.pdf"
    },
    {
      "first_name": "Romana",
      "last_name": "Katrina Peristy",
      "mobile": "0427302679",
      "address": "24 Lucas Crescent\nADAMSTOWN HEIGHTS\nNSW 2289",
      "email": "john.knezevic@hotmail.c...",
      "dateofbirth": "11-Aug-1953",
      "landline": "02 4942 2778",
      "lastseen": "30-Jun-2023",
      "file_name": "Page 28.pdf"
    },
    {
      "first_name": "Christopher",
      "last_name": "Ho",
      "mobile": "0497530993",
      "address": "8 Carolyn Street\nADAMSTOWN HEIGHTS\nNSW 2289",
      "email": "dj_kao5@hotmail.com",
      "dateofbirth": "22-Mar-1989",
      "landline": "02 4952 7455",
      "lastseen": "30-Jun-2023",
      "file_name": "Page 28.pdf"
    },
    {
      "first_name": "LS",
      "last_name": "Tiernan",
      "mobile": "0400197159",
      "address": "6 Marconi Close\nADAMSTOWN HEIGHTS\nNSW 2289",
      "email": "gtparker11@hotmail.com",
      "dateofbirth": "13-May-1951",
      "landline": "02 4943 5051",
      "lastseen": "30-Jun-2023",
      "file_name": "Page 28.pdf"
    },
    {
      "first_name": "Margaret",
      "last_name": "Burton",
      "mobile": "0431027315",
      "address": "157 Princeton Avenue\nADAMSTOWN HEIGHTS\nNSW 2289",
      "email": "janina.maszluck@hotmai...",
      "dateofbirth": "13-May-1948",
      "landline": "02 4957 3360",
      "lastseen": "30-Jun-2023",
      "file_name": "Page 28.pdf"
    },
    {
      "first_name": "Rejeni",
      "last_name": "Patel",
      "mobile": "0412432296",
      "address": "25 Wade Street\nADAMSTOWN HEIGHTS\nNSW 2289",
      "email": "jennifer.l.richards@bigpo...",
      "dateofbirth": "23-May-1956",
      "landline": "02 4952 9085",
      "lastseen": "30-Jun-2023",
      "file_name": "Page 28.pdf"
    },
    {
      "first_name": "Roy",
      "last_name": "Vernon Adamsơ",
      "mobile": "0402945953",
      "address": "13 Carolyn Street\nADAMSTOWN HEIGHTS\nNSW 2289",
      "email": "caer27@tpg.com.au",
      "dateofbirth": "24-Feb-1936",
      "landline": "02 4943 2118",
      "lastseen": "30-Jun-2023",
      "file_name": "Page 28.pdf"
    },
    {
      "first_name": "Trent",
      "last_name": "Green",
      "mobile": "0437133778",
      "address": "9 Madison Drive ADAMSTOWN HEIGHTS\nNSW 2289",
      "email": "trudijordancarr@gmail.com",
      "dateofbirth": "05-Apr-1982",
      "landline": "02 4943 1699",
      "lastseen": "30-Jun-2023",
      "file_name": "Page 28.pdf"
    },
    {
      "first_name": "Laraine",
      "last_name": "Ann New",
      "mobile": "0435570044",
      "address": "32 Ashbury Street\nADAMSTOWN HEIGHTS\nNSW 2289",
      "email": "",
      "dateofbirth": "12-Apr-1944",
      "landline": "02 4915 6729",
      "lastseen": "30-Jun-2023",
      "file_name": "Page 28.pdf"
    },
    {
      "first_name": "Brian",
      "last_name": "Neville New",
      "mobile": "0407566871",
      "address": "32 Ashbury Street\nADAMSTOWN HEIGHTS\nNSW 2289",
      "email": "",
      "dateofbirth": "25-Oct-1940",
      "landline": "02 4957 0337",
      "lastseen": "30-Jun-2023",
      "file_name": "Page 28.pdf"
    },
    {
      "first_name": "Mark",
      "last_name": "Fitzmaurice",
      "mobile": "0402421883",
      "address": "10 Northwood Street\nADAMSTOWN HEIGHTS\nNSW 2289",
      "email": "",
      "dateofbirth": "22-May-1959",
      "landline": "02 4942 5127",
      "lastseen": "30-Jun-2023",
      "file_name": "Page 28.pdf"
    },
    {
      "first_name": "Susan",
      "last_name": "Coleman",
      "mobile": "0418282429",
      "address": "27 Elton Close\nADAMSTOWN HEIGHTS\nNSW 2289",
      "email": "",
      "dateofbirth": "30-Oct-1961",
      "landline": "02 4943 5693",
      "lastseen": "30-Jun-2023",
      "file_name": "Page 28.pdf"
    },
    {
      "first_name": "Neale",
      "last_name": "Parker",
      "mobile": "0450202480",
      "address": "14 Toohey Crescent\nADAMSTOWN HEIGHTS\nNSW 2289",
      "email": "",
      "dateofbirth": "18-Nov-1938",
      "landline": "02 4957 0500",
      "lastseen": "30-Jun-2023",
      "file_name": "Page 28.pdf"
    },
    {
      "first_name": "Kire",
      "last_name": "Mitrevski",
      "mobile": "0401787997",
      "address": "22 Elton Close ADAMSTOWN HEIGHTS\nNSW 2289",
      "email": "",
      "dateofbirth": "16-Apr-1938",
      "landline": "02 4956 2558",
      "lastseen": "30-Jun-2023",
      "file_name": "Page 28.pdf"
    },
    {
      "first_name": "Megan",
      "last_name": "Louise Hamilton",
      "mobile": "0422076268",
      "address": "38 Merinda Close\nADAMSTOWN HEIGHTS\nNSW 2289",
      "email": "",
      "dateofbirth": "04-Jul-1980",
      "landline": "02 4942 3374",
      "lastseen": "30-Jun-2023",
      "file_name": "Page 28.pdf"
    },
    {
      "first_name": "Ellenor",
      "last_name": "Dawn Murray",
      "mobile": "0400796573",
      "address": "8 Kinross Avenue\nADAMSTOWN HEIGHTS\nNSW 2289",
      "email": "",
      "dateofbirth": "03-Nov-1942",
      "landline": "02 4957 9484",
      "lastseen": "30-Jun-2023",
      "file_name": "Page 28.pdf"
    },
    {
      "first_name": "Robyn",
      "last_name": "Ayaz",
      "mobile": "0409527429",
      "address": "66 Princeton Avenue\nADAMSTOWN HEIGHTS\nNSW 2289",
      "email": "",
      "dateofbirth": "24-Apr-1950",
      "landline": "02 4920 8127",
      "lastseen": "30-Jun-2023",
      "file_name": "Page 28.pdf"
    },
    {
      "first_name": "Darren",
      "last_name": "Fletcher",
      "mobile": "0499688068",
      "address": "11 Tremont Avenue\nADAMSTOWN HEIGHTS\nNSW 2289",
      "email": "",
      "dateofbirth": "17-Oct-1965",
      "landline": "03 6268 0462",
      "lastseen": "30-Jun-2023",
      "file_name": "Page 28.pdf"
    },
    {
      "first_name": "Jenny",
      "last_name": "Condon",
      "mobile": "0417260472",
      "address": "2A Ellerslie Road\nADAMSTOWN HEIGHTS\nNSW 2289",
      "email": "",
      "dateofbirth": "20-Jul-1959",
      "landline": "02 4942 2577",
      "lastseen": "30-Jun-2023",
      "file_name": "Page 28.pdf"
    },
    {
      "first_name": "Jeffrey",
      "last_name": "Condon",
      "mobile": "0403504348",
      "address": "2A Ellerslie Road ADAMSTOWN HEIGHTS\nNSW 2289",
      "email": "",
      "dateofbirth": "04-Sept-1955",
      "landline": "02 4942 5127",
      "lastseen": "30-Jun-2023",
      "file_name": "Page 28.pdf"
    }
  ],
  "summary": {
    "total_raw_records": 81,
    "total_filtered_records": 27,
    "success_rate": "33.3%"
  }
}