{
  "processing_timestamp": "2025-10-23T20:14:47.974Z",
  "total_files": 1,
  "raw_records": [
    {
      "first_name": "Jan",
      "last_name": "Christine Wallis",
      "mobile": "0402 436 349",
      "address": "97 Carolyn Street\nADAMSTOWN HEIGHTS NSW 2289",
      "email": "bernie.vicki.flynn@hotma...",
      "dateofbirth": "11-Sept-1950",
      "landline": "02 4943 0701",
      "lastseen": "30-Jun-2023",
      "file_name": "Page 27.pdf"
    },
    {
      "first_name": "Barbara",
      "last_name": "Sleishman",
      "mobile": "0422 184 258",
      "address": "32 Madison Drive\nADAMSTOWN HEIGHTS\nNSW 2289",
      "email": "dupont@aapt.net.au",
      "dateofbirth": "12-Mar1939-",
      "landline": "02 4942 2373",
      "lastseen": "30-Jun-2023",
      "file_name": "Page 27.pdf"
    },
    {
      "first_name": "Bernard",
      "last_name": "Flynn",
      "mobile": "0414 431 151",
      "address": "7 Lansbury Close\nADAMSTOWN HEIGHTS NSW 2289",
      "email": "fireflydesign@bigpond.com",
      "dateofbirth": "23-Mar-1953",
      "landline": "02 4943 6350",
      "lastseen": "30-Jun-2023",
      "file_name": "Page 27.pdf"
    },
    {
      "first_name": "Sandra",
      "last_name": "Dupont",
      "mobile": "0404 842 353",
      "address": "33A City Road\nADAMSTOWN HEIGHTS NSW 2289",
      "email": "sdevo@exemail.com.au",
      "dateofbirth": "01Aug-1950-",
      "landline": "02 4957 9039",
      "lastseen": "30-Jun-2023",
      "file_name": "Page 27.pdf"
    },
    {
      "first_name": "Kristine",
      "last_name": "McAlpine",
      "mobile": "0421 756 786",
      "address": "9 Colarado Street\nADAMSTOWN HEIGHTS\nNSW 2289",
      "email": "hdb@hotkey.net.au",
      "dateofbirth": "16May--1973",
      "landline": "02 4920 8832",
      "lastseen": "30-Jun-2023",
      "file_name": "Page 27.pdf"
    },
    {
      "first_name": "Stephen",
      "last_name": "Pringle",
      "mobile": "0439 730 526",
      "address": "16 Kinross Avenue\nADAMSTOWN HEIGHTS NSW 2289",
      "email": "mcairns@kooee.com.au",
      "dateofbirth": "25May--1970",
      "landline": "02 4023 7526",
      "lastseen": "30-Jun-2023",
      "file_name": "Page 27.pdf"
    },
    {
      "first_name": "Stephen",
      "last_name": "Deveridge",
      "mobile": "0402 406 049",
      "address": "6 Banksia Close\nADAMSTOWN HEIGHTS\nNSW 2289",
      "email": "hilnric@gmail.com",
      "dateofbirth": "04May--1952",
      "landline": "02 4920 6767",
      "lastseen": "30-Jun-2023",
      "file_name": "Page 27.pdf"
    },
    {
      "first_name": "Howard",
      "last_name": "Benson",
      "mobile": "0414 654 622",
      "address": "2 Madison Drive\nADAMSTOWN HEIGHTS\nNSW 2289",
      "email": "nerida_ian@bigpond.com",
      "dateofbirth": "08Aug--1947",
      "landline": "02 4943 6043",
      "lastseen": "30-Jun-2023",
      "file_name": "Page 27.pdf"
    },
    {
      "first_name": "Mark",
      "last_name": "Andrei",
      "mobile": "0410 486 690",
      "address": "2 Claremont Avenue\nADAMSTOWN HEIGHTS NSW 2289",
      "email": "greg_corbett@bigfoot.com",
      "dateofbirth": "16-Feb-1972",
      "landline": "02 4952 6279",
      "lastseen": "30-Jun-2023",
      "file_name": "Page 27.pdf"
    },
    {
      "first_name": "Maxwell",
      "last_name": "Cairns",
      "mobile": "0438 301 281",
      "address": "20 Astor Street\nADAMSTOWN HEIGHTS\nNSW 2289",
      "email": "nataliedaly@live.com",
      "dateofbirth": "28-Mar-1950",
      "landline": "02 4942 2577",
      "lastseen": "30-Jun-2023",
      "file_name": "Page 27.pdf"
    },
    {
      "first_name": "Hilary",
      "last_name": "Barbour",
      "mobile": "0423 900 809",
      "address": "26 Kempwood Close\nADAMSTOWN HEIGHTS\nNSW 2289",
      "email": "tanjabronkhorst@hotmail...",
      "dateofbirth": "19-Sept1955-",
      "landline": "02 4943 3843",
      "lastseen": "30-Jun-2023",
      "file_name": "Page 27.pdf"
    },
    {
      "first_name": "Nerida",
      "last_name": "Miller",
      "mobile": "0403 997 079",
      "address": "154 Princeton Avenue\nADAMSTOWN HEIGHTS NSW 2289",
      "email": "76.antman@gmail.com",
      "dateofbirth": "13-Apr-1946",
      "landline": "02 4957 3883",
      "lastseen": "30-Jun-2023",
      "file_name": "Page 27.pdf"
    },
    {
      "first_name": "NA",
      "last_name": "Croese",
      "mobile": "0410 288 907",
      "address": "27 Dalvern Close\nADAMSTOWN HEIGHTS\nNSW 2289",
      "email": "jenniferhopkins10@gmail...",
      "dateofbirth": "01Apr--1954",
      "landline": "02 4943 2850",
      "lastseen": "30-Jun-2023",
      "file_name": "Page 27.pdf"
    },
    {
      "first_name": "Greg",
      "last_name": "Corbett",
      "mobile": "0421 288 019",
      "address": "9 Faul Street\nADAMSTOWN HEIGHTS\nNSW 2289",
      "email": "shannonkelly@outlook.c...",
      "dateofbirth": "06-Dec-1985",
      "landline": "02 4952 2680",
      "lastseen": "30-Jun-2023",
      "file_name": "Page 27.pdf"
    },
    {
      "first_name": "Natalie",
      "last_name": "Daly",
      "mobile": "0417 522 285",
      "address": "5 Randall Parade\nADAMSTOWN HEIGHTS\nNSW 2289",
      "email": "marisproductions@bigpo...",
      "dateofbirth": "24-Apr-1965",
      "landline": "02 4920 8691",
      "lastseen": "30-Jun-2023",
      "file_name": "Page 27.pdf"
    },
    {
      "first_name": "Anskje",
      "last_name": "Bronkhorst",
      "mobile": "0408 657 725",
      "address": "18A Hillcrest Parade\nADAMSTOWN HEIGHTS\nNSW 2289",
      "email": "nath.eltis@exemail.com.au",
      "dateofbirth": "11-Jul-1938",
      "landline": "02 4942 5221",
      "lastseen": "30-Jun-2023",
      "file_name": "Page 27.pdf"
    },
    {
      "first_name": "Anthony",
      "last_name": "Walshe",
      "mobile": "0421 968 774",
      "address": "107 Madison Drive\nADAMSTOWN HEIGHTS\nNSW 2289",
      "email": "monkeymyers1@optusn...",
      "dateofbirth": "01-Jan1980-",
      "landline": "02 4952 2286",
      "lastseen": "30-Jun-2023",
      "file_name": "Page 27.pdf"
    },
    {
      "first_name": "Jennifer",
      "last_name": "Claire Hopkins",
      "mobile": "0438 534 787",
      "address": "11 Edison Street\nADAMSTOWN HEIGHTS\nNSW 2289",
      "email": "bitte@cnrstone.com.au",
      "dateofbirth": "26May--1973",
      "landline": "02 4952 2351",
      "lastseen": "30-Jun-2023",
      "file_name": "Page 27.pdf"
    },
    {
      "first_name": "Patricia",
      "last_name": "Margaret Hardy",
      "mobile": "0425 377 300",
      "address": "13 Dalvern Close\nADAMSTOWN HEIGHTS\nNSW 2289",
      "email": "ireland.robert@gmail.com",
      "dateofbirth": "01May--1987",
      "landline": "02 4942 1581",
      "lastseen": "30-Jun-2023",
      "file_name": "Page 27.pdf"
    },
    {
      "first_name": "Ross",
      "last_name": "Cairns",
      "mobile": "0422 155 175",
      "address": "2 Murray Street\nADAMSTOWN HEIGHTS\nNSW 2289",
      "email": "jhu850ghes@tassie.net.au",
      "dateofbirth": "11-Oct1976-",
      "landline": "02 4943 7026",
      "lastseen": "30-Jun-2023",
      "file_name": "Page 27.pdf"
    },
    {
      "first_name": "K",
      "last_name": "Kelly",
      "mobile": "0402 703 797",
      "address": "38 Garden Grove Parade\nADAMSTOWN HEIGHTS\nNSW 2289",
      "email": "pevekartejas@yahoo.com",
      "dateofbirth": "25-Sept-1986",
      "landline": "02 4956 1285",
      "lastseen": "30-Jun-2023",
      "file_name": "Page 27.pdf"
    },
    {
      "first_name": "Rebecca",
      "last_name": "Blunt",
      "mobile": "0408 499 717",
      "address": "20 Rosemont Street\nADAMSTOWN HEIGHTS\nNSW 2289",
      "email": "barbet@exemail.com.au",
      "dateofbirth": "30May--1981",
      "landline": "02 4942 2080",
      "lastseen": "30-Jun-2023",
      "file_name": "Page 27.pdf"
    },
    {
      "first_name": "Dinh",
      "last_name": "The",
      "mobile": "0416 644 005",
      "address": "103 Lexington Parade\nADAMSTOWN HEIGHTS\nNSW 2289",
      "email": "rigo@aanet.com.au",
      "dateofbirth": "02-Oct1978-",
      "landline": "02 4920 7072",
      "lastseen": "30-Jun-2023",
      "file_name": "Page 27.pdf"
    },
    {
      "first_name": "Xuan",
      "last_name": "Cao",
      "mobile": "0418 208 133",
      "address": "117 Lexington Parade\nADAMSTOWN HEIGHTS\nNSW 2289",
      "email": "pranilpatel@hotmail.com",
      "dateofbirth": "27-Mar-1980",
      "landline": "02 4943 8749",
      "lastseen": "30-Jun-2023",
      "file_name": "Page 27.pdf"
    },
    {
      "first_name": "S",
      "last_name": "Fisher",
      "mobile": "0438 478 802",
      "address": "48 Bulkara Street\nADAMSTOWN HEIGHTS NSW 2289",
      "email": "spyrdz@hotmail.com",
      "dateofbirth": "20-Nov1944-",
      "landline": "02 4942 4920",
      "lastseen": "30-Jun-2023",
      "file_name": "Page 27.pdf"
    },
    {
      "first_name": "Shannon",
      "last_name": "Kelly",
      "mobile": "0419 242 942",
      "address": "4 Muraban Street\nADAMSTOWN HEIGHTS\nNSW 2289",
      "email": "dangabe@iprimus.com.au",
      "dateofbirth": "12-Jul-1969",
      "landline": "02 4942 2448",
      "lastseen": "30-Jun-2023",
      "file_name": "Page 27.pdf"
    },
    {
      "first_name": "Chris",
      "last_name": "D Tester",
      "mobile": "0418 282 429",
      "address": "496 Brunker Road\nADAMSTOWN HEIGHTS NSW 2289",
      "email": "cjwalsh82@hotmail.com",
      "dateofbirth": "11-Apr-1975",
      "landline": "02 4957 2629",
      "lastseen": "30-Jun-2023",
      "file_name": "Page 27.pdf"
    },
    {
      "first_name": "Malcolm",
      "last_name": "Crain",
      "mobile": "0407 952 847",
      "address": "87 Carolyn Street\nADAMSTOWN HEIGHTS\nNSW 2289",
      "email": "kellduff@hotmail.com",
      "dateofbirth": "14-Sept1966-",
      "landline": "02 4943 7194",
      "lastseen": "30-Jun-2023",
      "file_name": "Page 27.pdf"
    },
    {
      "first_name": "NB",
      "last_name": "Bell",
      "mobile": "0427 090 538",
      "address": "193 Northcott Drive\nADAMSTOWN HEIGHTS NSW 2289",
      "email": "hpreston1940@gmail.com",
      "dateofbirth": "04-Jul-1970",
      "landline": "02 4960 1707",
      "lastseen": "30-Jun-2023",
      "file_name": "Page 27.pdf"
    },
    {
      "first_name": "E",
      "last_name": "Roe",
      "mobile": "0418 434 215",
      "address": "23 Claremont Avenue\nADAMSTOWN HEIGHTS NSW 2289",
      "email": "clint bec@hotmail.com",
      "dateofbirth": "25-Jun1966-",
      "lastseen": "30-Jun-2023",
      "file_name": "Page 27.pdf"
    },
    {
      "first_name": "Nathan",
      "last_name": "Eltis",
      "mobile": "0423 255 065",
      "address": "17 Elton Close\nADAMSTOWN HEIGHTS\nNSW 2289",
      "email": "murreerussell@bigpond....",
      "dateofbirth": "25-Apr-1985",
      "lastseen": "30-Jun-2023",
      "file_name": "Page 27.pdf"
    },
    {
      "first_name": "N",
      "last_name": "Mullien",
      "mobile": "0407 790 159",
      "address": "155 Princeton Avenue\nADAMSTOWN HEIGHTS NSW 2289",
      "email": "tsioulishelen@gmail.com",
      "dateofbirth": "08Aug-1947-",
      "lastseen": "30-Jun-2023",
      "file_name": "Page 27.pdf"
    },
    {
      "first_name": "Shane",
      "last_name": "Myers",
      "mobile": "0422 651 007",
      "address": "45 Lucas Crescent\nADAMSTOWN HEIGHTS\nNSW 2289",
      "email": "hmbaines74@gmail.com",
      "dateofbirth": "01-Sept1982-",
      "lastseen": "30-Jun-2023",
      "file_name": "Page 27.pdf"
    },
    {
      "first_name": "Bitte",
      "last_name": "Single",
      "mobile": "0404 060 345",
      "address": "29 Lucas Crescent\nADAMSTOWN HEIGHTS\nNSW 2289",
      "email": "janice.norman24@bigpo...",
      "dateofbirth": "21Jun-1943-",
      "lastseen": "30-Jun-2023",
      "file_name": "Page 27.pdf"
    },
    {
      "first_name": "P",
      "last_name": "Chalhoub",
      "address": "4 Lansbury Close\nADAMSTOWN HEIGHTS\nNSW 2289",
      "email": "the_blunts@hotmail.com",
      "dateofbirth": "29-Dec-1943",
      "lastseen": "30-Jun-2023",
      "file_name": "Page 27.pdf"
    },
    {
      "first_name": "HD",
      "last_name": "Benson",
      "address": "2 Madison Drive\nADAMSTOWN HEIGHTS\nNSW 2289",
      "email": "aadraka@usa.net",
      "dateofbirth": "10-May-1939",
      "lastseen": "30-Jun-2023",
      "file_name": "Page 27.pdf"
    },
    {
      "first_name": "Chad",
      "last_name": "Russell",
      "address": "28 Clinton Avenue\nADAMSTOWN HEIGHTS\nNSW 2289",
      "email": "sebeling23@gmail.com",
      "dateofbirth": "22Jul--1958",
      "lastseen": "30-Jun-2023",
      "file_name": "Page 27.pdf"
    },
    {
      "first_name": "Robert",
      "last_name": "Ireland",
      "address": "20 Corriston Crescent\nADAMSTOWN HEIGHTS\nNSW 2289",
      "email": "snfarley@bigpond.net.au",
      "dateofbirth": "23-Mar-1943",
      "lastseen": "30-Jun-2023",
      "file_name": "Page 27.pdf"
    },
    {
      "first_name": "J",
      "last_name": "Hughes",
      "address": "6 Corriston Crescent\nADAMSTOWN HEIGHTS\nNSW 2289",
      "dateofbirth": "27-Sept1943-",
      "lastseen": "30-Jun-2023",
      "file_name": "Page 27.pdf"
    },
    {
      "first_name": "JR",
      "last_name": "Stuart",
      "address": "10 Wade Street\nADAMSTOWN HEIGHTS NSW 2289",
      "dateofbirth": "03-Jan-1986",
      "lastseen": "30-Jun-2023",
      "file_name": "Page 27.pdf"
    },
    {
      "first_name": "K",
      "last_name": "Coolibah",
      "address": "124 Princeton Avenue\nADAMSTOWN HEIGHTS\nNSW 2289",
      "dateofbirth": "07-Nov-1971",
      "lastseen": "30-Jun-2023",
      "file_name": "Page 27.pdf"
    },
    {
      "first_name": "T",
      "last_name": "Whittle",
      "address": "82 Madison Drive\nADAMSTOWN HEIGHTS NSW 2289",
      "dateofbirth": "27-Nov1972-",
      "lastseen": "30-Jun-2023",
      "file_name": "Page 27.pdf"
    },
    {
      "first_name": "SD",
      "last_name": "Westbury",
      "address": "10 Bolivia Close\nADAMSTOWN HEIGHTS\nNSW 2289",
      "dateofbirth": "09-Jan-1941",
      "lastseen": "30-Jun-2023",
      "file_name": "Page 27.pdf"
    },
    {
      "first_name": "Barry",
      "last_name": "Minter",
      "address": "10 Muraban Street\nADAMSTOWN HEIGHTS\nNSW 2289",
      "dateofbirth": "11-Nov-1957",
      "lastseen": "30-Jun-2023",
      "file_name": "Page 27.pdf"
    },
    {
      "first_name": "Vicki",
      "last_name": "Rigelsford",
      "address": "15 Tremont Avenue\nADAMSTOWN HEIGHTS\nNSW 2289",
      "dateofbirth": "10-Aug-1986",
      "lastseen": "30-Jun-2023",
      "file_name": "Page 27.pdf"
    },
    {
      "first_name": "Pranil",
      "last_name": "Patel",
      "address": "14 Astor Street\nADAMSTOWN HEIGHTS NSW 2289",
      "dateofbirth": "05-Mar-1974",
      "lastseen": "30-Jun-2023",
      "file_name": "Page 27.pdf"
    },
    {
      "first_name": "Catherine",
      "last_name": "Spyrdz",
      "address": "65 Princeton Avenue\nADAMSTOWN HEIGHTS\nNSW 2289",
      "dateofbirth": "14-May-1977",
      "lastseen": "30-Jun-2023",
      "file_name": "Page 27.pdf"
    },
    {
      "first_name": "Patrick",
      "last_name": "Jones",
      "address": "17 Orana Crescent\nADAMSTOWN HEIGHTS\nNSW 2289",
      "dateofbirth": "27May--1982",
      "lastseen": "30-Jun-2023",
      "file_name": "Page 27.pdf"
    },
    {
      "first_name": "Christopher",
      "last_name": "Walsh",
      "address": "25 Wade Street\nADAMSTOWN HEIGHTS\nNSW 2289",
      "dateofbirth": "10-Dec-1977",
      "lastseen": "30-Jun-2023",
      "file_name": "Page 27.pdf"
    },
    {
      "first_name": "Kelly",
      "last_name": "Croft",
      "address": "39 City Road\nADAMSTOWN HEIGHTS\nNSW 2289",
      "dateofbirth": "06-Mar-1940",
      "lastseen": "30-Jun-2023",
      "file_name": "Page 27.pdf"
    },
    {
      "first_name": "Helen",
      "last_name": "Preston",
      "address": "7 Cynthia Street\nADAMSTOWN HEIGHTS\nNSW 2289",
      "dateofbirth": "08-Nov-1977",
      "lastseen": "30-Jun-2023",
      "file_name": "Page 27.pdf"
    },
    {
      "first_name": "Rebecca",
      "last_name": "Thomson",
      "address": "7 Fernleigh Loop\nADAMSTOWN HEIGHTS NSW 2289",
      "dateofbirth": "20-Mar1961-",
      "lastseen": "30-Jun-2023",
      "file_name": "Page 27.pdf"
    },
    {
      "first_name": "Murree",
      "last_name": "Russell",
      "address": "47 Merinda Close\nADAMSTOWN HEIGHTS\nNSW 2289",
      "dateofbirth": "07-Mar-1975",
      "lastseen": "30-Jun-2023",
      "file_name": "Page 27.pdf"
    },
    {
      "first_name": "BJ",
      "last_name": "Melmeth",
      "address": "5 Carolyn Street\nADAMSTOWN HEIGHTS NSW 2289",
      "dateofbirth": "29-Sept1968-",
      "lastseen": "30-Jun-2023",
      "file_name": "Page 27.pdf"
    },
    {
      "first_name": "P",
      "last_name": "Hennessy",
      "address": "9 Rachael Avenue\nADAMSTOWN HEIGHTS NSW 2289",
      "dateofbirth": "06-Jul-1983",
      "lastseen": "30-Jun-2023",
      "file_name": "Page 27.pdf"
    },
    {
      "first_name": "Jessica",
      "last_name": "Lewis",
      "address": "29 Randall Parade\nADAMSTOWN HEIGHTS\nNSW 2289",
      "dateofbirth": "16-Mar1973-",
      "lastseen": "30-Jun-2023",
      "file_name": "Page 27.pdf"
    },
    {
      "first_name": "Helen",
      "last_name": "Tsioulis",
      "address": "11 Caroona Close\nADAMSTOWN HEIGHTS\nNSW 2289",
      "dateofbirth": "06-Mar-1967",
      "lastseen": "30-Jun-2023",
      "file_name": "Page 27.pdf"
    },
    {
      "first_name": "Helen",
      "last_name": "Baines",
      "address": "23 Galena Street\nADAMSTOWN HEIGHTS\nNSW 2289",
      "dateofbirth": "24-Oct-1952",
      "lastseen": "30-Jun2023-",
      "file_name": "Page 27.pdf"
    },
    {
      "first_name": "Janice",
      "last_name": "Norman",
      "address": "446 Brunker Road\nADAMSTOWN HEIGHTS\nNSW 2289",
      "dateofbirth": "21-Mar1976-",
      "lastseen": "30-Jun-2023",
      "file_name": "Page 27.pdf"
    },
    {
      "first_name": "Sue",
      "last_name": "Blunt",
      "address": "119 Lexington Parade\nADAMSTOWN HEIGHTS\nNSW 2289",
      "dateofbirth": "01-Feb1971-",
      "lastseen": "30-Jun-2023",
      "file_name": "Page 27.pdf"
    },
    {
      "first_name": "Ursula",
      "last_name": "Maloney",
      "address": "74 Madison Drive\nADAMSTOWN HEIGHTS NSW 2289",
      "dateofbirth": "08-Apr-1957",
      "lastseen": "30-Jun-2023",
      "file_name": "Page 27.pdf"
    },
    {
      "first_name": "Cheryl",
      "last_name": "Denise Shaw",
      "address": "12 Madera Close\nADAMSTOWN HEIGHTS NSW 2289",
      "dateofbirth": "28-Jan-1972",
      "lastseen": "30-Jun-2023",
      "file_name": "Page 27.pdf"
    },
    {
      "first_name": "Robert",
      "last_name": "Petic",
      "address": "4 Myrtle Close\nADAMSTOWN HEIGHTS\nNSW 2289",
      "dateofbirth": "21-Feb-1942",
      "lastseen": "30-Jun-2023",
      "file_name": "Page 27.pdf"
    },
    {
      "first_name": "Brenda",
      "last_name": "Diana Doyle",
      "address": "6 Harden Close\nADAMSTOWN HEIGHTS\nNSW 2289",
      "dateofbirth": "08-Dec-1984",
      "lastseen": "30-Jun-2023",
      "file_name": "Page 27.pdf"
    },
    {
      "first_name": "Megan",
      "last_name": "Elizabeth Ebeling",
      "address": "384 Brunker Road\nADAMSTOWN HEIGHTS\nNSW 2289",
      "dateofbirth": "16-Nov-1943",
      "lastseen": "30-Jun-2023",
      "file_name": "Page 27.pdf"
    },
    {
      "first_name": "George",
      "last_name": "Warren Hall",
      "address": "19 Ashbury Street\nADAMSTOWN HEIGHTS\nNSW 2289",
      "dateofbirth": "30-Oct1941-",
      "lastseen": "30-Jun-2023",
      "file_name": "Page 27.pdf"
    },
    {
      "first_name": "Barrie",
      "last_name": "Cooper",
      "address": "23 Corriston Crescent\nADAMSTOWN HEIGHTS\nNSW 2289",
      "dateofbirth": "24-Jul-1971",
      "lastseen": "30-Jun-2023",
      "file_name": "Page 27.pdf"
    },
    {
      "first_name": "Neil",
      "last_name": "McNaughton",
      "address": "3 Myrtle Close\nADAMSTOWN HEIGHTS\nNSW 2289",
      "dateofbirth": "26-Dec-1954",
      "lastseen": "30-Jun-2023",
      "file_name": "Page 27.pdf"
    },
    {
      "first_name": "Margaret",
      "last_name": "Gordon Taylor",
      "address": "3 Lolita Close\nADAMSTOWN HEIGHTS\nNSW 2289",
      "dateofbirth": "29Aug-1940-",
      "lastseen": "30-Jun-2023",
      "file_name": "Page 27.pdf"
    },
    {
      "first_name": "Jason",
      "last_name": "Biggins",
      "address": "24 Orana Crescent\nADAMSTOWN HEIGHTS\nNSW 2289",
      "dateofbirth": "30-Sept1975-",
      "lastseen": "30-Jun-2023",
      "file_name": "Page 27.pdf"
    },
    {
      "first_name": "Sarah",
      "last_name": "Ebeling",
      "address": "48 Boronia Avenue\nADAMSTOWN HEIGHTS\nNSW 2289",
      "dateofbirth": "05-Jan-1955",
      "lastseen": "30-Jun-2023",
      "file_name": "Page 27.pdf"
    },
    {
      "first_name": "Nadene",
      "last_name": "Douglass",
      "address": "5 Bolivia Close\nADAMSTOWN HEIGHTS\nNSW 2289",
      "dateofbirth": "21-Sept1972-",
      "lastseen": "30-Jun-2023",
      "file_name": "Page 27.pdf"
    },
    {
      "first_name": "Julie",
      "last_name": "Foot",
      "address": "47 Lucas Crescent\nADAMSTOWN HEIGHTS NSW 2289",
      "dateofbirth": "26-Mar-1969",
      "lastseen": "30-Jun-2023",
      "file_name": "Page 27.pdf"
    },
    {
      "first_name": "Dave",
      "last_name": "Ray",
      "address": "5 Fernleigh Loop\nADAMSTOWN HEIGHTS\nNSW 2289",
      "dateofbirth": "27Apr-1940-",
      "lastseen": "30-Jun-2023",
      "file_name": "Page 27.pdf"
    },
    {
      "first_name": "N",
      "last_name": "Tonkin",
      "address": "3 Myrtle Close\nADAMSTOWN HEIGHTS\nNSW 2289",
      "dateofbirth": "22Apr--1967",
      "lastseen": "30-Jun-2023",
      "file_name": "Page 27.pdf"
    }
  ],
  "filtered_records": [
    {
      "first_name": "Jan",
      "last_name": "Christine Wallis",
      "mobile": "0402436349",
      "address": "97 Carolyn Street\nADAMSTOWN HEIGHTS NSW 2289",
      "email": "bernie.vicki.flynn@hotma...",
      "dateofbirth": "11-Sept-1950",
      "landline": "02 4943 0701",
      "lastseen": "30-Jun-2023",
      "file_name": "Page 27.pdf"
    },
    {
      "first_name": "Barbara",
      "last_name": "Sleishman",
      "mobile": "0422184258",
      "address": "32 Madison Drive\nADAMSTOWN HEIGHTS\nNSW 2289",
      "email": "dupont@aapt.net.au",
      "dateofbirth": "12-Mar1939-",
      "landline": "02 4942 2373",
      "lastseen": "30-Jun-2023",
      "file_name": "Page 27.pdf"
    },
    {
      "first_name": "Bernard",
      "last_name": "Flynn",
      "mobile": "0414431151",
      "address": "7 Lansbury Close\nADAMSTOWN HEIGHTS NSW 2289",
      "email": "fireflydesign@bigpond.com",
      "dateofbirth": "23-Mar-1953",
      "landline": "02 4943 6350",
      "lastseen": "30-Jun-2023",
      "file_name": "Page 27.pdf"
    },
    {
      "first_name": "Sandra",
      "last_name": "Dupont",
      "mobile": "0404842353",
      "address": "33A City Road\nADAMSTOWN HEIGHTS NSW 2289",
      "email": "sdevo@exemail.com.au",
      "dateofbirth": "01Aug-1950-",
      "landline": "02 4957 9039",
      "lastseen": "30-Jun-2023",
      "file_name": "Page 27.pdf"
    },
    {
      "first_name": "Kristine",
      "last_name": "McAlpine",
      "mobile": "0421756786",
      "address": "9 Colarado Street\nADAMSTOWN HEIGHTS\nNSW 2289",
      "email": "hdb@hotkey.net.au",
      "dateofbirth": "16May--1973",
      "landline": "02 4920 8832",
      "lastseen": "30-Jun-2023",
      "file_name": "Page 27.pdf"
    },
    {
      "first_name": "Stephen",
      "last_name": "Pringle",
      "mobile": "0439730526",
      "address": "16 Kinross Avenue\nADAMSTOWN HEIGHTS NSW 2289",
      "email": "mcairns@kooee.com.au",
      "dateofbirth": "25May--1970",
      "landline": "02 4023 7526",
      "lastseen": "30-Jun-2023",
      "file_name": "Page 27.pdf"
    },
    {
      "first_name": "Stephen",
      "last_name": "Deveridge",
      "mobile": "0402406049",
      "address": "6 Banksia Close\nADAMSTOWN HEIGHTS\nNSW 2289",
      "email": "hilnric@gmail.com",
      "dateofbirth": "04May--1952",
      "landline": "02 4920 6767",
      "lastseen": "30-Jun-2023",
      "file_name": "Page 27.pdf"
    },
    {
      "first_name": "Howard",
      "last_name": "Benson",
      "mobile": "0414654622",
      "address": "2 Madison Drive\nADAMSTOWN HEIGHTS\nNSW 2289",
      "email": "nerida_ian@bigpond.com",
      "dateofbirth": "08Aug--1947",
      "landline": "02 4943 6043",
      "lastseen": "30-Jun-2023",
      "file_name": "Page 27.pdf"
    },
    {
      "first_name": "Mark",
      "last_name": "Andrei",
      "mobile": "0410486690",
      "address": "2 Claremont Avenue\nADAMSTOWN HEIGHTS NSW 2289",
      "email": "greg_corbett@bigfoot.com",
      "dateofbirth": "16-Feb-1972",
      "landline": "02 4952 6279",
      "lastseen": "30-Jun-2023",
      "file_name": "Page 27.pdf"
    },
    {
      "first_name": "Maxwell",
      "last_name": "Cairns",
      "mobile": "0438301281",
      "address": "20 Astor Street\nADAMSTOWN HEIGHTS\nNSW 2289",
      "email": "nataliedaly@live.com",
      "dateofbirth": "28-Mar-1950",
      "landline": "02 4942 2577",
      "lastseen": "30-Jun-2023",
      "file_name": "Page 27.pdf"
    },
    {
      "first_name": "Hilary",
      "last_name": "Barbour",
      "mobile": "0423900809",
      "address": "26 Kempwood Close\nADAMSTOWN HEIGHTS\nNSW 2289",
      "email": "tanjabronkhorst@hotmail...",
      "dateofbirth": "19-Sept1955-",
      "landline": "02 4943 3843",
      "lastseen": "30-Jun-2023",
      "file_name": "Page 27.pdf"
    },
    {
      "first_name": "Nerida",
      "last_name": "Miller",
      "mobile": "0403997079",
      "address": "154 Princeton Avenue\nADAMSTOWN HEIGHTS NSW 2289",
      "email": "76.antman@gmail.com",
      "dateofbirth": "13-Apr-1946",
      "landline": "02 4957 3883",
      "lastseen": "30-Jun-2023",
      "file_name": "Page 27.pdf"
    },
    {
      "first_name": "NA",
      "last_name": "Croese",
      "mobile": "0410288907",
      "address": "27 Dalvern Close\nADAMSTOWN HEIGHTS\nNSW 2289",
      "email": "jenniferhopkins10@gmail...",
      "dateofbirth": "01Apr--1954",
      "landline": "02 4943 2850",
      "lastseen": "30-Jun-2023",
      "file_name": "Page 27.pdf"
    },
    {
      "first_name": "Greg",
      "last_name": "Corbett",
      "mobile": "0421288019",
      "address": "9 Faul Street\nADAMSTOWN HEIGHTS\nNSW 2289",
      "email": "shannonkelly@outlook.c...",
      "dateofbirth": "06-Dec-1985",
      "landline": "02 4952 2680",
      "lastseen": "30-Jun-2023",
      "file_name": "Page 27.pdf"
    },
    {
      "first_name": "Natalie",
      "last_name": "Daly",
      "mobile": "0417522285",
      "address": "5 Randall Parade\nADAMSTOWN HEIGHTS\nNSW 2289",
      "email": "marisproductions@bigpo...",
      "dateofbirth": "24-Apr-1965",
      "landline": "02 4920 8691",
      "lastseen": "30-Jun-2023",
      "file_name": "Page 27.pdf"
    },
    {
      "first_name": "Anskje",
      "last_name": "Bronkhorst",
      "mobile": "0408657725",
      "address": "18A Hillcrest Parade\nADAMSTOWN HEIGHTS\nNSW 2289",
      "email": "nath.eltis@exemail.com.au",
      "dateofbirth": "11-Jul-1938",
      "landline": "02 4942 5221",
      "lastseen": "30-Jun-2023",
      "file_name": "Page 27.pdf"
    },
    {
      "first_name": "Anthony",
      "last_name": "Walshe",
      "mobile": "0421968774",
      "address": "107 Madison Drive\nADAMSTOWN HEIGHTS\nNSW 2289",
      "email": "monkeymyers1@optusn...",
      "dateofbirth": "01-Jan1980-",
      "landline": "02 4952 2286",
      "lastseen": "30-Jun-2023",
      "file_name": "Page 27.pdf"
    },
    {
      "first_name": "Jennifer",
      "last_name": "Claire Hopkins",
      "mobile": "0438534787",
      "address": "11 Edison Street\nADAMSTOWN HEIGHTS\nNSW 2289",
      "email": "bitte@cnrstone.com.au",
      "dateofbirth": "26May--1973",
      "landline": "02 4952 2351",
      "lastseen": "30-Jun-2023",
      "file_name": "Page 27.pdf"
    },
    {
      "first_name": "Patricia",
      "last_name": "Margaret Hardy",
      "mobile": "0425377300",
      "address": "13 Dalvern Close\nADAMSTOWN HEIGHTS\nNSW 2289",
      "email": "ireland.robert@gmail.com",
      "dateofbirth": "01May--1987",
      "landline": "02 4942 1581",
      "lastseen": "30-Jun-2023",
      "file_name": "Page 27.pdf"
    },
    {
      "first_name": "Ross",
      "last_name": "Cairns",
      "mobile": "0422155175",
      "address": "2 Murray Street\nADAMSTOWN HEIGHTS\nNSW 2289",
      "email": "jhu850ghes@tassie.net.au",
      "dateofbirth": "11-Oct1976-",
      "landline": "02 4943 7026",
      "lastseen": "30-Jun-2023",
      "file_name": "Page 27.pdf"
    },
    {
      "first_name": "Rebecca",
      "last_name": "Blunt",
      "mobile": "0408499717",
      "address": "20 Rosemont Street\nADAMSTOWN HEIGHTS\nNSW 2289",
      "email": "barbet@exemail.com.au",
      "dateofbirth": "30May--1981",
      "landline": "02 4942 2080",
      "lastseen": "30-Jun-2023",
      "file_name": "Page 27.pdf"
    },
    {
      "first_name": "Dinh",
      "last_name": "The",
      "mobile": "0416644005",
      "address": "103 Lexington Parade\nADAMSTOWN HEIGHTS\nNSW 2289",
      "email": "rigo@aanet.com.au",
      "dateofbirth": "02-Oct1978-",
      "landline": "02 4920 7072",
      "lastseen": "30-Jun-2023",
      "file_name": "Page 27.pdf"
    },
    {
      "first_name": "Xuan",
      "last_name": "Cao",
      "mobile": "0418208133",
      "address": "117 Lexington Parade\nADAMSTOWN HEIGHTS\nNSW 2289",
      "email": "pranilpatel@hotmail.com",
      "dateofbirth": "27-Mar-1980",
      "landline": "02 4943 8749",
      "lastseen": "30-Jun-2023",
      "file_name": "Page 27.pdf"
    },
    {
      "first_name": "Shannon",
      "last_name": "Kelly",
      "mobile": "0419242942",
      "address": "4 Muraban Street\nADAMSTOWN HEIGHTS\nNSW 2289",
      "email": "dangabe@iprimus.com.au",
      "dateofbirth": "12-Jul-1969",
      "landline": "02 4942 2448",
      "lastseen": "30-Jun-2023",
      "file_name": "Page 27.pdf"
    },
    {
      "first_name": "Chris",
      "last_name": "D Tester",
      "mobile": "0418282429",
      "address": "496 Brunker Road\nADAMSTOWN HEIGHTS NSW 2289",
      "email": "cjwalsh82@hotmail.com",
      "dateofbirth": "11-Apr-1975",
      "landline": "02 4957 2629",
      "lastseen": "30-Jun-2023",
      "file_name": "Page 27.pdf"
    },
    {
      "first_name": "Malcolm",
      "last_name": "Crain",
      "mobile": "0407952847",
      "address": "87 Carolyn Street\nADAMSTOWN HEIGHTS\nNSW 2289",
      "email": "kellduff@hotmail.com",
      "dateofbirth": "14-Sept1966-",
      "landline": "02 4943 7194",
      "lastseen": "30-Jun-2023",
      "file_name": "Page 27.pdf"
    },
    {
      "first_name": "NB",
      "last_name": "Bell",
      "mobile": "0427090538",
      "address": "193 Northcott Drive\nADAMSTOWN HEIGHTS NSW 2289",
      "email": "hpreston1940@gmail.com",
      "dateofbirth": "04-Jul-1970",
      "landline": "02 4960 1707",
      "lastseen": "30-Jun-2023",
      "file_name": "Page 27.pdf"
    },
    {
      "first_name": "Nathan",
      "last_name": "Eltis",
      "mobile": "0423255065",
      "address": "17 Elton Close\nADAMSTOWN HEIGHTS\nNSW 2289",
      "email": "murreerussell@bigpond....",
      "dateofbirth": "25-Apr-1985",
      "landline": "",
      "lastseen": "30-Jun-2023",
      "file_name": "Page 27.pdf"
    },
    {
      "first_name": "Shane",
      "last_name": "Myers",
      "mobile": "0422651007",
      "address": "45 Lucas Crescent\nADAMSTOWN HEIGHTS\nNSW 2289",
      "email": "hmbaines74@gmail.com",
      "dateofbirth": "01-Sept1982-",
      "landline": "",
      "lastseen": "30-Jun-2023",
      "file_name": "Page 27.pdf"
    },
    {
      "first_name": "Bitte",
      "last_name": "Single",
      "mobile": "0404060345",
      "address": "29 Lucas Crescent\nADAMSTOWN HEIGHTS\nNSW 2289",
      "email": "janice.norman24@bigpo...",
      "dateofbirth": "21Jun-1943-",
      "landline": "",
      "lastseen": "30-Jun-2023",
      "file_name": "Page 27.pdf"
    }
  ],
  "summary": {
    "total_raw_records": 75,
    "total_filtered_records": 30,
    "success_rate": "40.0%"
  }
}