{
  "processing_timestamp": "2025-10-23T20:14:47.974Z",
  "total_files": 1,
  "raw_records": [
    {
      "full_name": "Jan Christine Wallis",
      "mobile": "0402 436 349",
      "address": "97 Carolyn Street\nADAMSTOWN HEIGHTS NSW 2289",
      "email": "bernie.vicki.flynn@hotma...",
      "dateofbirth": "11-Sept-1950",
      "landline": "02 4943 0701",
      "lastseen": "30-Jun-2023",
      "file_name": "Page 27.pdf"
    },
    {
      "full_name": "Barbara Sleishman",
      "mobile": "0422 184 258",
      "address": "32 Madison Drive\nADAMSTOWN HEIGHTS\nNSW 2289",
      "email": "dupont@aapt.net.au",
      "dateofbirth": "12-Mar1939-",
      "landline": "02 4942 2373",
      "lastseen": "30-Jun-2023",
      "file_name": "Page 27.pdf"
    },
    {
      "full_name": "Bernard Flynn",
      "mobile": "0414 431 151",
      "address": "7 Lansbury Close\nADAMSTOWN HEIGHTS NSW 2289",
      "email": "fireflydesign@bigpond.com",
      "dateofbirth": "23-Mar-1953",
      "landline": "02 4943 6350",
      "lastseen": "30-Jun-2023",
      "file_name": "Page 27.pdf"
    },
    {
      "full_name": "Sandra Dupont",
      "mobile": "0404 842 353",
      "address": "33A City Road\nADAMSTOWN HEIGHTS NSW 2289",
      "email": "sdevo@exemail.com.au",
      "dateofbirth": "01Aug-1950-",
      "landline": "02 4957 9039",
      "lastseen": "30-Jun-2023",
      "file_name": "Page 27.pdf"
    },
    {
      "full_name": "Kristine McAlpine",
      "mobile": "0421 756 786",
      "address": "9 Colarado Street\nADAMSTOWN HEIGHTS\nNSW 2289",
      "email": "hdb@hotkey.net.au",
      "dateofbirth": "16May--1973",
      "landline": "02 4920 8832",
      "lastseen": "30-Jun-2023",
      "file_name": "Page 27.pdf"
    },
    {
      "full_name": "Stephen Pringle",
      "mobile": "0439 730 526",
      "address": "16 Kinross Avenue\nADAMSTOWN HEIGHTS NSW 2289",
      "email": "mcairns@kooee.com.au",
      "dateofbirth": "25May--1970",
      "landline": "02 4023 7526",
      "lastseen": "30-Jun-2023",
      "file_name": "Page 27.pdf"
    },
    {
      "full_name": "Stephen Deveridge",
      "mobile": "0402 406 049",
      "address": "6 Banksia Close\nADAMSTOWN HEIGHTS\nNSW 2289",
      "email": "hilnric@gmail.com",
      "dateofbirth": "04May--1952",
      "landline": "02 4920 6767",
      "lastseen": "30-Jun-2023",
      "file_name": "Page 27.pdf"
    },
    {
      "full_name": "Howard Benson",
      "mobile": "0414 654 622",
      "address": "2 Madison Drive\nADAMSTOWN HEIGHTS\nNSW 2289",
      "email": "nerida_ian@bigpond.com",
      "dateofbirth": "08Aug--1947",
      "landline": "02 4943 6043",
      "lastseen": "30-Jun-2023",
      "file_name": "Page 27.pdf"
    },
    {
      "full_name": "Mark Andrei",
      "mobile": "0410 486 690",
      "address": "2 Claremont Avenue\nADAMSTOWN HEIGHTS NSW 2289",
      "email": "greg_corbett@bigfoot.com",
      "dateofbirth": "16-Feb-1972",
      "landline": "02 4952 6279",
      "lastseen": "30-Jun-2023",
      "file_name": "Page 27.pdf"
    },
    {
      "full_name": "Maxwell Cairns",
      "mobile": "0438 301 281",
      "address": "20 Astor Street\nADAMSTOWN HEIGHTS\nNSW 2289",
      "email": "nataliedaly@live.com",
      "dateofbirth": "28-Mar-1950",
      "landline": "02 4942 2577",
      "lastseen": "30-Jun-2023",
      "file_name": "Page 27.pdf"
    },
    {
      "full_name": "Hilary Barbour",
      "mobile": "0423 900 809",
      "address": "26 Kempwood Close\nADAMSTOWN HEIGHTS\nNSW 2289",
      "email": "tanjabronkhorst@hotmail...",
      "dateofbirth": "19-Sept1955-",
      "landline": "02 4943 3843",
      "lastseen": "30-Jun-2023",
      "file_name": "Page 27.pdf"
    },
    {
      "full_name": "Nerida Miller",
      "mobile": "0403 997 079",
      "address": "154 Princeton Avenue\nADAMSTOWN HEIGHTS NSW 2289",
      "email": "76.antman@gmail.com",
      "dateofbirth": "13-Apr-1946",
      "landline": "02 4957 3883",
      "lastseen": "30-Jun-2023",
      "file_name": "Page 27.pdf"
    },
    {
      "full_name": "NA Croese",
      "mobile": "0410 288 907",
      "address": "27 Dalvern Close\nADAMSTOWN HEIGHTS\nNSW 2289",
      "email": "jenniferhopkins10@gmail...",
      "dateofbirth": "01Apr--1954",
      "landline": "02 4943 2850",
      "lastseen": "30-Jun-2023",
      "file_name": "Page 27.pdf"
    },
    {
      "full_name": "Greg Corbett",
      "mobile": "0421 288 019",
      "address": "9 Faul Street\nADAMSTOWN HEIGHTS\nNSW 2289",
      "email": "shannonkelly@outlook.c...",
      "dateofbirth": "06-Dec-1985",
      "landline": "02 4952 2680",
      "lastseen": "30-Jun-2023",
      "file_name": "Page 27.pdf"
    },
    {
      "full_name": "Natalie Daly",
      "mobile": "0417 522 285",
      "address": "5 Randall Parade\nADAMSTOWN HEIGHTS\nNSW 2289",
      "email": "marisproductions@bigpo...",
      "dateofbirth": "24-Apr-1965",
      "landline": "02 4920 8691",
      "lastseen": "30-Jun-2023",
      "file_name": "Page 27.pdf"
    },
    {
      "full_name": "Anskje Bronkhorst",
      "mobile": "0408 657 725",
      "address": "18A Hillcrest Parade\nADAMSTOWN HEIGHTS\nNSW 2289",
      "email": "nath.eltis@exemail.com.au",
      "dateofbirth": "11-Jul-1938",
      "landline": "02 4942 5221",
      "lastseen": "30-Jun-2023",
      "file_name": "Page 27.pdf"
    },
    {
      "full_name": "Anthony Walshe",
      "mobile": "0421 968 774",
      "address": "107 Madison Drive\nADAMSTOWN HEIGHTS\nNSW 2289",
      "email": "monkeymyers1@optusn...",
      "dateofbirth": "01-Jan1980-",
      "landline": "02 4952 2286",
      "lastseen": "30-Jun-2023",
      "file_name": "Page 27.pdf"
    },
    {
      "full_name": "Jennifer Claire Hopkins",
      "mobile": "0438 534 787",
      "address": "11 Edison Street\nADAMSTOWN HEIGHTS\nNSW 2289",
      "email": "bitte@cnrstone.com.au",
      "dateofbirth": "26May--1973",
      "landline": "02 4952 2351",
      "lastseen": "30-Jun-2023",
      "file_name": "Page 27.pdf"
    },
    {
      "full_name": "Patricia Margaret Hardy",
      "mobile": "0425 377 300",
      "address": "13 Dalvern Close\nADAMSTOWN HEIGHTS\nNSW 2289",
      "email": "ireland.robert@gmail.com",
      "dateofbirth": "01May--1987",
      "landline": "02 4942 1581",
      "lastseen": "30-Jun-2023",
      "file_name": "Page 27.pdf"
    },
    {
      "full_name": "Ross Cairns",
      "mobile": "0422 155 175",
      "address": "2 Murray Street\nADAMSTOWN HEIGHTS\nNSW 2289",
      "email": "jhu850ghes@tassie.net.au",
      "dateofbirth": "11-Oct1976-",
      "landline": "02 4943 7026",
      "lastseen": "30-Jun-2023",
      "file_name": "Page 27.pdf"
    },
    {
      "full_name": "K Kelly",
      "mobile": "0402 703 797",
      "address": "38 Garden Grove Parade\nADAMSTOWN HEIGHTS\nNSW 2289",
      "email": "pevekartejas@yahoo.com",
      "dateofbirth": "25-Sept-1986",
      "landline": "02 4956 1285",
      "lastseen": "30-Jun-2023",
      "file_name": "Page 27.pdf"
    },
    {
      "full_name": "Rebecca Blunt",
      "mobile": "0408 499 717",
      "address": "20 Rosemont Street\nADAMSTOWN HEIGHTS\nNSW 2289",
      "email": "barbet@exemail.com.au",
      "dateofbirth": "30May--1981",
      "landline": "02 4942 2080",
      "lastseen": "30-Jun-2023",
      "file_name": "Page 27.pdf"
    },
    {
      "full_name": "Dinh The",
      "mobile": "0416 644 005",
      "address": "103 Lexington Parade\nADAMSTOWN HEIGHTS\nNSW 2289",
      "email": "rigo@aanet.com.au",
      "dateofbirth": "02-Oct1978-",
      "landline": "02 4920 7072",
      "lastseen": "30-Jun-2023",
      "file_name": "Page 27.pdf"
    },
    {
      "full_name": "Xuan Cao",
      "mobile": "0418 208 133",
      "address": "117 Lexington Parade\nADAMSTOWN HEIGHTS\nNSW 2289",
      "email": "pranilpatel@hotmail.com",
      "dateofbirth": "27-Mar-1980",
      "landline": "02 4943 8749",
      "lastseen": "30-Jun-2023",
      "file_name": "Page 27.pdf"
    },
    {
      "full_name": "S Fisher",
      "mobile": "0438 478 802",
      "address": "48 Bulkara Street\nADAMSTOWN HEIGHTS NSW 2289",
      "email": "spyrdz@hotmail.com",
      "dateofbirth": "20-Nov1944-",
      "landline": "02 4942 4920",
      "lastseen": "30-Jun-2023",
      "file_name": "Page 27.pdf"
    },
    {
      "full_name": "Shannon Kelly",
      "mobile": "0419 242 942",
      "address": "4 Muraban Street\nADAMSTOWN HEIGHTS\nNSW 2289",
      "email": "dangabe@iprimus.com.au",
      "dateofbirth": "12-Jul-1969",
      "landline": "02 4942 2448",
      "lastseen": "30-Jun-2023",
      "file_name": "Page 27.pdf"
    },
    {
      "full_name": "Chris D Tester",
      "mobile": "0418 282 429",
      "address": "496 Brunker Road\nADAMSTOWN HEIGHTS NSW 2289",
      "email": "cjwalsh82@hotmail.com",
      "dateofbirth": "11-Apr-1975",
      "landline": "02 4957 2629",
      "lastseen": "30-Jun-2023",
      "file_name": "Page 27.pdf"
    },
    {
      "full_name": "Malcolm Crain",
      "mobile": "0407 952 847",
      "address": "87 Carolyn Street\nADAMSTOWN HEIGHTS\nNSW 2289",
      "email": "kellduff@hotmail.com",
      "dateofbirth": "14-Sept1966-",
      "landline": "02 4943 7194",
      "lastseen": "30-Jun-2023",
      "file_name": "Page 27.pdf"
    },
    {
      "full_name": "NB Bell",
      "mobile": "0427 090 538",
      "address": "193 Northcott Drive\nADAMSTOWN HEIGHTS NSW 2289",
      "email": "hpreston1940@gmail.com",
      "dateofbirth": "04-Jul-1970",
      "landline": "02 4960 1707",
      "lastseen": "30-Jun-2023",
      "file_name": "Page 27.pdf"
    },
    {
      "full_name": "E Roe",
      "mobile": "0418 434 215",
      "address": "23 Claremont Avenue\nADAMSTOWN HEIGHTS NSW 2289",
      "email": "clint bec@hotmail.com",
      "dateofbirth": "25-Jun1966-",
      "lastseen": "30-Jun-2023",
      "file_name": "Page 27.pdf"
    },
    {
      "full_name": "Nathan Eltis",
      "mobile": "0423 255 065",
      "address": "17 Elton Close\nADAMSTOWN HEIGHTS\nNSW 2289",
      "email": "murreerussell@bigpond....",
      "dateofbirth": "25-Apr-1985",
      "lastseen": "30-Jun-2023",
      "file_name": "Page 27.pdf"
    },
    {
      "full_name": "N Mullien",
      "mobile": "0407 790 159",
      "address": "155 Princeton Avenue\nADAMSTOWN HEIGHTS NSW 2289",
      "email": "tsioulishelen@gmail.com",
      "dateofbirth": "08Aug-1947-",
      "lastseen": "30-Jun-2023",
      "file_name": "Page 27.pdf"
    },
    {
      "full_name": "Shane Myers",
      "mobile": "0422 651 007",
      "address": "45 Lucas Crescent\nADAMSTOWN HEIGHTS\nNSW 2289",
      "email": "hmbaines74@gmail.com",
      "dateofbirth": "01-Sept1982-",
      "lastseen": "30-Jun-2023",
      "file_name": "Page 27.pdf"
    },
    {
      "full_name": "Bitte Single",
      "mobile": "0404 060 345",
      "address": "29 Lucas Crescent\nADAMSTOWN HEIGHTS\nNSW 2289",
      "email": "janice.norman24@bigpo...",
      "dateofbirth": "21Jun-1943-",
      "lastseen": "30-Jun-2023",
      "file_name": "Page 27.pdf"
    },
    {
      "full_name": "P Chalhoub",
      "address": "4 Lansbury Close\nADAMSTOWN HEIGHTS\nNSW 2289",
      "email": "the_blunts@hotmail.com",
      "dateofbirth": "29-Dec-1943",
      "lastseen": "30-Jun-2023",
      "file_name": "Page 27.pdf"
    },
    {
      "full_name": "HD Benson",
      "address": "2 Madison Drive\nADAMSTOWN HEIGHTS\nNSW 2289",
      "email": "aadraka@usa.net",
      "dateofbirth": "10-May-1939",
      "lastseen": "30-Jun-2023",
      "file_name": "Page 27.pdf"
    },
    {
      "full_name": "Chad Russell",
      "address": "28 Clinton Avenue\nADAMSTOWN HEIGHTS\nNSW 2289",
      "email": "sebeling23@gmail.com",
      "dateofbirth": "22Jul--1958",
      "lastseen": "30-Jun-2023",
      "file_name": "Page 27.pdf"
    },
    {
      "full_name": "Robert Ireland",
      "address": "20 Corriston Crescent\nADAMSTOWN HEIGHTS\nNSW 2289",
      "email": "snfarley@bigpond.net.au",
      "dateofbirth": "23-Mar-1943",
      "lastseen": "30-Jun-2023",
      "file_name": "Page 27.pdf"
    },
    {
      "full_name": "J Hughes",
      "address": "6 Corriston Crescent\nADAMSTOWN HEIGHTS\nNSW 2289",
      "dateofbirth": "27-Sept1943-",
      "lastseen": "30-Jun-2023",
      "file_name": "Page 27.pdf"
    },
    {
      "full_name": "JR Stuart",
      "address": "10 Wade Street\nADAMSTOWN HEIGHTS NSW 2289",
      "dateofbirth": "03-Jan-1986",
      "lastseen": "30-Jun-2023",
      "file_name": "Page 27.pdf"
    },
    {
      "full_name": "K Coolibah",
      "address": "124 Princeton Avenue\nADAMSTOWN HEIGHTS\nNSW 2289",
      "dateofbirth": "07-Nov-1971",
      "lastseen": "30-Jun-2023",
      "file_name": "Page 27.pdf"
    },
    {
      "full_name": "T Whittle",
      "address": "82 Madison Drive\nADAMSTOWN HEIGHTS NSW 2289",
      "dateofbirth": "27-Nov1972-",
      "lastseen": "30-Jun-2023",
      "file_name": "Page 27.pdf"
    },
    {
      "full_name": "SD Westbury",
      "address": "10 Bolivia Close\nADAMSTOWN HEIGHTS\nNSW 2289",
      "dateofbirth": "09-Jan-1941",
      "lastseen": "30-Jun-2023",
      "file_name": "Page 27.pdf"
    },
    {
      "full_name": "Barry Minter",
      "address": "10 Muraban Street\nADAMSTOWN HEIGHTS\nNSW 2289",
      "dateofbirth": "11-Nov-1957",
      "lastseen": "30-Jun-2023",
      "file_name": "Page 27.pdf"
    },
    {
      "full_name": "Vicki Rigelsford",
      "address": "15 Tremont Avenue\nADAMSTOWN HEIGHTS\nNSW 2289",
      "dateofbirth": "10-Aug-1986",
      "lastseen": "30-Jun-2023",
      "file_name": "Page 27.pdf"
    },
    {
      "full_name": "Pranil Patel",
      "address": "14 Astor Street\nADAMSTOWN HEIGHTS NSW 2289",
      "dateofbirth": "05-Mar-1974",
      "lastseen": "30-Jun-2023",
      "file_name": "Page 27.pdf"
    },
    {
      "full_name": "Catherine Spyrdz",
      "address": "65 Princeton Avenue\nADAMSTOWN HEIGHTS\nNSW 2289",
      "dateofbirth": "14-May-1977",
      "lastseen": "30-Jun-2023",
      "file_name": "Page 27.pdf"
    },
    {
      "full_name": "Patrick Jones",
      "address": "17 Orana Crescent\nADAMSTOWN HEIGHTS\nNSW 2289",
      "dateofbirth": "27May--1982",
      "lastseen": "30-Jun-2023",
      "file_name": "Page 27.pdf"
    },
    {
      "full_name": "Christopher Walsh",
      "address": "25 Wade Street\nADAMSTOWN HEIGHTS\nNSW 2289",
      "dateofbirth": "10-Dec-1977",
      "lastseen": "30-Jun-2023",
      "file_name": "Page 27.pdf"
    },
    {
      "full_name": "Kelly Croft",
      "address": "39 City Road\nADAMSTOWN HEIGHTS\nNSW 2289",
      "dateofbirth": "06-Mar-1940",
      "lastseen": "30-Jun-2023",
      "file_name": "Page 27.pdf"
    },
    {
      "full_name": "Helen Preston",
      "address": "7 Cynthia Street\nADAMSTOWN HEIGHTS\nNSW 2289",
      "dateofbirth": "08-Nov-1977",
      "lastseen": "30-Jun-2023",
      "file_name": "Page 27.pdf"
    },
    {
      "full_name": "Rebecca Thomson",
      "address": "7 Fernleigh Loop\nADAMSTOWN HEIGHTS NSW 2289",
      "dateofbirth": "20-Mar1961-",
      "lastseen": "30-Jun-2023",
      "file_name": "Page 27.pdf"
    },
    {
      "full_name": "Murree Russell",
      "address": "47 Merinda Close\nADAMSTOWN HEIGHTS\nNSW 2289",
      "dateofbirth": "07-Mar-1975",
      "lastseen": "30-Jun-2023",
      "file_name": "Page 27.pdf"
    },
    {
      "full_name": "BJ Melmeth",
      "address": "5 Carolyn Street\nADAMSTOWN HEIGHTS NSW 2289",
      "dateofbirth": "29-Sept1968-",
      "lastseen": "30-Jun-2023",
      "file_name": "Page 27.pdf"
    },
    {
      "full_name": "P Hennessy",
      "address": "9 Rachael Avenue\nADAMSTOWN HEIGHTS NSW 2289",
      "dateofbirth": "06-Jul-1983",
      "lastseen": "30-Jun-2023",
      "file_name": "Page 27.pdf"
    },
    {
      "full_name": "Jessica Lewis",
      "address": "29 Randall Parade\nADAMSTOWN HEIGHTS\nNSW 2289",
      "dateofbirth": "16-Mar1973-",
      "lastseen": "30-Jun-2023",
      "file_name": "Page 27.pdf"
    },
    {
      "full_name": "Helen Tsioulis",
      "address": "11 Caroona Close\nADAMSTOWN HEIGHTS\nNSW 2289",
      "dateofbirth": "06-Mar-1967",
      "lastseen": "30-Jun-2023",
      "file_name": "Page 27.pdf"
    },
    {
      "full_name": "Helen Baines",
      "address": "23 Galena Street\nADAMSTOWN HEIGHTS\nNSW 2289",
      "dateofbirth": "24-Oct-1952",
      "lastseen": "30-Jun2023-",
      "file_name": "Page 27.pdf"
    },
    {
      "full_name": "Janice Norman",
      "address": "446 Brunker Road\nADAMSTOWN HEIGHTS\nNSW 2289",
      "dateofbirth": "21-Mar1976-",
      "lastseen": "30-Jun-2023",
      "file_name": "Page 27.pdf"
    },
    {
      "full_name": "Sue Blunt",
      "address": "119 Lexington Parade\nADAMSTOWN HEIGHTS\nNSW 2289",
      "dateofbirth": "01-Feb1971-",
      "lastseen": "30-Jun-2023",
      "file_name": "Page 27.pdf"
    },
    {
      "full_name": "Ursula Maloney",
      "address": "74 Madison Drive\nADAMSTOWN HEIGHTS NSW 2289",
      "dateofbirth": "08-Apr-1957",
      "lastseen": "30-Jun-2023",
      "file_name": "Page 27.pdf"
    },
    {
      "full_name": "Cheryl Denise Shaw",
      "address": "12 Madera Close\nADAMSTOWN HEIGHTS NSW 2289",
      "dateofbirth": "28-Jan-1972",
      "lastseen": "30-Jun-2023",
      "file_name": "Page 27.pdf"
    },
    {
      "full_name": "Robert Petic",
      "address": "4 Myrtle Close\nADAMSTOWN HEIGHTS\nNSW 2289",
      "dateofbirth": "21-Feb-1942",
      "lastseen": "30-Jun-2023",
      "file_name": "Page 27.pdf"
    },
    {
      "full_name": "Brenda Diana Doyle",
      "address": "6 Harden Close\nADAMSTOWN HEIGHTS\nNSW 2289",
      "dateofbirth": "08-Dec-1984",
      "lastseen": "30-Jun-2023",
      "file_name": "Page 27.pdf"
    },
    {
      "full_name": "Megan Elizabeth Ebeling",
      "address": "384 Brunker Road\nADAMSTOWN HEIGHTS\nNSW 2289",
      "dateofbirth": "16-Nov-1943",
      "lastseen": "30-Jun-2023",
      "file_name": "Page 27.pdf"
    },
    {
      "full_name": "George Warren Hall",
      "address": "19 Ashbury Street\nADAMSTOWN HEIGHTS\nNSW 2289",
      "dateofbirth": "30-Oct1941-",
      "lastseen": "30-Jun-2023",
      "file_name": "Page 27.pdf"
    },
    {
      "full_name": "Barrie Cooper",
      "address": "23 Corriston Crescent\nADAMSTOWN HEIGHTS\nNSW 2289",
      "dateofbirth": "24-Jul-1971",
      "lastseen": "30-Jun-2023",
      "file_name": "Page 27.pdf"
    },
    {
      "full_name": "Neil McNaughton",
      "address": "3 Myrtle Close\nADAMSTOWN HEIGHTS\nNSW 2289",
      "dateofbirth": "26-Dec-1954",
      "lastseen": "30-Jun-2023",
      "file_name": "Page 27.pdf"
    },
    {
      "full_name": "Margaret Gordon Taylor",
      "address": "3 Lolita Close\nADAMSTOWN HEIGHTS\nNSW 2289",
      "dateofbirth": "29Aug-1940-",
      "lastseen": "30-Jun-2023",
      "file_name": "Page 27.pdf"
    },
    {
      "full_name": "Jason Biggins",
      "address": "24 Orana Crescent\nADAMSTOWN HEIGHTS\nNSW 2289",
      "dateofbirth": "30-Sept1975-",
      "lastseen": "30-Jun-2023",
      "file_name": "Page 27.pdf"
    },
    {
      "full_name": "Sarah Ebeling",
      "address": "48 Boronia Avenue\nADAMSTOWN HEIGHTS\nNSW 2289",
      "dateofbirth": "05-Jan-1955",
      "lastseen": "30-Jun-2023",
      "file_name": "Page 27.pdf"
    },
    {
      "full_name": "Nadene Douglass",
      "address": "5 Bolivia Close\nADAMSTOWN HEIGHTS\nNSW 2289",
      "dateofbirth": "21-Sept1972-",
      "lastseen": "30-Jun-2023",
      "file_name": "Page 27.pdf"
    },
    {
      "full_name": "Julie Foot",
      "address": "47 Lucas Crescent\nADAMSTOWN HEIGHTS NSW 2289",
      "dateofbirth": "26-Mar-1969",
      "lastseen": "30-Jun-2023",
      "file_name": "Page 27.pdf"
    },
    {
      "full_name": "Dave Ray",
      "address": "5 Fernleigh Loop\nADAMSTOWN HEIGHTS\nNSW 2289",
      "dateofbirth": "27Apr-1940-",
      "lastseen": "30-Jun-2023",
      "file_name": "Page 27.pdf"
    },
    {
      "full_name": "N Tonkin",
      "address": "3 Myrtle Close\nADAMSTOWN HEIGHTS\nNSW 2289",
      "dateofbirth": "22Apr--1967",
      "lastseen": "30-Jun-2023",
      "file_name": "Page 27.pdf"
    }
  ],
  "document_ai_entities": [
    {
      "type": "address",
      "value": "97 Carolyn Street\nADAMSTOWN HEIGHTS NSW 2289",
      "file_name": "Page 27.pdf"
    },
    {
      "type": "address",
      "value": "32 Madison Drive\nADAMSTOWN HEIGHTS\nNSW 2289",
      "file_name": "Page 27.pdf"
    },
    {
      "type": "address",
      "value": "7 Lansbury Close\nADAMSTOWN HEIGHTS NSW 2289",
      "file_name": "Page 27.pdf"
    },
    {
      "type": "address",
      "value": "33A City Road\nADAMSTOWN HEIGHTS NSW 2289",
      "file_name": "Page 27.pdf"
    },
    {
      "type": "address",
      "value": "9 Colarado Street\nADAMSTOWN HEIGHTS\nNSW 2289",
      "file_name": "Page 27.pdf"
    },
    {
      "type": "address",
      "value": "16 Kinross Avenue\nADAMSTOWN HEIGHTS NSW 2289",
      "file_name": "Page 27.pdf"
    },
    {
      "type": "address",
      "value": "6 Banksia Close\nADAMSTOWN HEIGHTS\nNSW 2289",
      "file_name": "Page 27.pdf"
    },
    {
      "type": "address",
      "value": "2 Madison Drive\nADAMSTOWN HEIGHTS\nNSW 2289",
      "file_name": "Page 27.pdf"
    },
    {
      "type": "address",
      "value": "2 Claremont Avenue\nADAMSTOWN HEIGHTS NSW 2289",
      "file_name": "Page 27.pdf"
    },
    {
      "type": "address",
      "value": "20 Astor Street\nADAMSTOWN HEIGHTS\nNSW 2289",
      "file_name": "Page 27.pdf"
    },
    {
      "type": "address",
      "value": "26 Kempwood Close\nADAMSTOWN HEIGHTS\nNSW 2289",
      "file_name": "Page 27.pdf"
    },
    {
      "type": "address",
      "value": "154 Princeton Avenue\nADAMSTOWN HEIGHTS NSW 2289",
      "file_name": "Page 27.pdf"
    },
    {
      "type": "address",
      "value": "27 Dalvern Close\nADAMSTOWN HEIGHTS\nNSW 2289",
      "file_name": "Page 27.pdf"
    },
    {
      "type": "address",
      "value": "9 Faul Street\nADAMSTOWN HEIGHTS\nNSW 2289",
      "file_name": "Page 27.pdf"
    },
    {
      "type": "address",
      "value": "5 Randall Parade\nADAMSTOWN HEIGHTS\nNSW 2289",
      "file_name": "Page 27.pdf"
    },
    {
      "type": "address",
      "value": "18A Hillcrest Parade\nADAMSTOWN HEIGHTS\nNSW 2289",
      "file_name": "Page 27.pdf"
    },
    {
      "type": "address",
      "value": "107 Madison Drive\nADAMSTOWN HEIGHTS\nNSW 2289",
      "file_name": "Page 27.pdf"
    },
    {
      "type": "address",
      "value": "11 Edison Street\nADAMSTOWN HEIGHTS\nNSW 2289",
      "file_name": "Page 27.pdf"
    },
    {
      "type": "address",
      "value": "13 Dalvern Close\nADAMSTOWN HEIGHTS\nNSW 2289",
      "file_name": "Page 27.pdf"
    },
    {
      "type": "address",
      "value": "2 Murray Street\nADAMSTOWN HEIGHTS\nNSW 2289",
      "file_name": "Page 27.pdf"
    },
    {
      "type": "address",
      "value": "38 Garden Grove Parade\nADAMSTOWN HEIGHTS\nNSW 2289",
      "file_name": "Page 27.pdf"
    },
    {
      "type": "address",
      "value": "20 Rosemont Street\nADAMSTOWN HEIGHTS\nNSW 2289",
      "file_name": "Page 27.pdf"
    },
    {
      "type": "address",
      "value": "103 Lexington Parade\nADAMSTOWN HEIGHTS\nNSW 2289",
      "file_name": "Page 27.pdf"
    },
    {
      "type": "address",
      "value": "117 Lexington Parade\nADAMSTOWN HEIGHTS\nNSW 2289",
      "file_name": "Page 27.pdf"
    },
    {
      "type": "address",
      "value": "48 Bulkara Street\nADAMSTOWN HEIGHTS NSW 2289",
      "file_name": "Page 27.pdf"
    },
    {
      "type": "address",
      "value": "4 Muraban Street\nADAMSTOWN HEIGHTS\nNSW 2289",
      "file_name": "Page 27.pdf"
    },
    {
      "type": "address",
      "value": "496 Brunker Road\nADAMSTOWN HEIGHTS NSW 2289",
      "file_name": "Page 27.pdf"
    },
    {
      "type": "address",
      "value": "87 Carolyn Street\nADAMSTOWN HEIGHTS\nNSW 2289",
      "file_name": "Page 27.pdf"
    },
    {
      "type": "address",
      "value": "193 Northcott Drive\nADAMSTOWN HEIGHTS NSW 2289",
      "file_name": "Page 27.pdf"
    },
    {
      "type": "address",
      "value": "23 Claremont Avenue\nADAMSTOWN HEIGHTS NSW 2289",
      "file_name": "Page 27.pdf"
    },
    {
      "type": "address",
      "value": "17 Elton Close\nADAMSTOWN HEIGHTS\nNSW 2289",
      "file_name": "Page 27.pdf"
    },
    {
      "type": "address",
      "value": "155 Princeton Avenue\nADAMSTOWN HEIGHTS NSW 2289",
      "file_name": "Page 27.pdf"
    },
    {
      "type": "address",
      "value": "45 Lucas Crescent\nADAMSTOWN HEIGHTS\nNSW 2289",
      "file_name": "Page 27.pdf"
    },
    {
      "type": "address",
      "value": "29 Lucas Crescent\nADAMSTOWN HEIGHTS\nNSW 2289",
      "file_name": "Page 27.pdf"
    },
    {
      "type": "address",
      "value": "4 Lansbury Close\nADAMSTOWN HEIGHTS\nNSW 2289",
      "file_name": "Page 27.pdf"
    },
    {
      "type": "address",
      "value": "2 Madison Drive\nADAMSTOWN HEIGHTS\nNSW 2289",
      "file_name": "Page 27.pdf"
    },
    {
      "type": "address",
      "value": "28 Clinton Avenue\nADAMSTOWN HEIGHTS\nNSW 2289",
      "file_name": "Page 27.pdf"
    },
    {
      "type": "address",
      "value": "20 Corriston Crescent\nADAMSTOWN HEIGHTS\nNSW 2289",
      "file_name": "Page 27.pdf"
    },
    {
      "type": "address",
      "value": "6 Corriston Crescent\nADAMSTOWN HEIGHTS\nNSW 2289",
      "file_name": "Page 27.pdf"
    },
    {
      "type": "address",
      "value": "10 Wade Street\nADAMSTOWN HEIGHTS NSW 2289",
      "file_name": "Page 27.pdf"
    },
    {
      "type": "address",
      "value": "124 Princeton Avenue\nADAMSTOWN HEIGHTS\nNSW 2289",
      "file_name": "Page 27.pdf"
    },
    {
      "type": "address",
      "value": "82 Madison Drive\nADAMSTOWN HEIGHTS NSW 2289",
      "file_name": "Page 27.pdf"
    },
    {
      "type": "address",
      "value": "10 Bolivia Close\nADAMSTOWN HEIGHTS\nNSW 2289",
      "file_name": "Page 27.pdf"
    },
    {
      "type": "address",
      "value": "10 Muraban Street\nADAMSTOWN HEIGHTS\nNSW 2289",
      "file_name": "Page 27.pdf"
    },
    {
      "type": "address",
      "value": "15 Tremont Avenue\nADAMSTOWN HEIGHTS\nNSW 2289",
      "file_name": "Page 27.pdf"
    },
    {
      "type": "address",
      "value": "14 Astor Street\nADAMSTOWN HEIGHTS NSW 2289",
      "file_name": "Page 27.pdf"
    },
    {
      "type": "address",
      "value": "65 Princeton Avenue\nADAMSTOWN HEIGHTS\nNSW 2289",
      "file_name": "Page 27.pdf"
    },
    {
      "type": "address",
      "value": "17 Orana Crescent\nADAMSTOWN HEIGHTS\nNSW 2289",
      "file_name": "Page 27.pdf"
    },
    {
      "type": "address",
      "value": "25 Wade Street\nADAMSTOWN HEIGHTS\nNSW 2289",
      "file_name": "Page 27.pdf"
    },
    {
      "type": "address",
      "value": "39 City Road\nADAMSTOWN HEIGHTS\nNSW 2289",
      "file_name": "Page 27.pdf"
    },
    {
      "type": "address",
      "value": "7 Cynthia Street\nADAMSTOWN HEIGHTS\nNSW 2289",
      "file_name": "Page 27.pdf"
    },
    {
      "type": "address",
      "value": "7 Fernleigh Loop\nADAMSTOWN HEIGHTS NSW 2289",
      "file_name": "Page 27.pdf"
    },
    {
      "type": "address",
      "value": "47 Merinda Close\nADAMSTOWN HEIGHTS\nNSW 2289",
      "file_name": "Page 27.pdf"
    },
    {
      "type": "address",
      "value": "5 Carolyn Street\nADAMSTOWN HEIGHTS NSW 2289",
      "file_name": "Page 27.pdf"
    },
    {
      "type": "address",
      "value": "9 Rachael Avenue\nADAMSTOWN HEIGHTS NSW 2289",
      "file_name": "Page 27.pdf"
    },
    {
      "type": "address",
      "value": "29 Randall Parade\nADAMSTOWN HEIGHTS\nNSW 2289",
      "file_name": "Page 27.pdf"
    },
    {
      "type": "address",
      "value": "11 Caroona Close\nADAMSTOWN HEIGHTS\nNSW 2289",
      "file_name": "Page 27.pdf"
    },
    {
      "type": "address",
      "value": "23 Galena Street\nADAMSTOWN HEIGHTS\nNSW 2289",
      "file_name": "Page 27.pdf"
    },
    {
      "type": "address",
      "value": "446 Brunker Road\nADAMSTOWN HEIGHTS\nNSW 2289",
      "file_name": "Page 27.pdf"
    },
    {
      "type": "address",
      "value": "119 Lexington Parade\nADAMSTOWN HEIGHTS\nNSW 2289",
      "file_name": "Page 27.pdf"
    },
    {
      "type": "address",
      "value": "74 Madison Drive\nADAMSTOWN HEIGHTS NSW 2289",
      "file_name": "Page 27.pdf"
    },
    {
      "type": "address",
      "value": "12 Madera Close\nADAMSTOWN HEIGHTS NSW 2289",
      "file_name": "Page 27.pdf"
    },
    {
      "type": "address",
      "value": "4 Myrtle Close\nADAMSTOWN HEIGHTS\nNSW 2289",
      "file_name": "Page 27.pdf"
    },
    {
      "type": "address",
      "value": "6 Harden Close\nADAMSTOWN HEIGHTS\nNSW 2289",
      "file_name": "Page 27.pdf"
    },
    {
      "type": "address",
      "value": "384 Brunker Road\nADAMSTOWN HEIGHTS\nNSW 2289",
      "file_name": "Page 27.pdf"
    },
    {
      "type": "address",
      "value": "19 Ashbury Street\nADAMSTOWN HEIGHTS\nNSW 2289",
      "file_name": "Page 27.pdf"
    },
    {
      "type": "address",
      "value": "23 Corriston Crescent\nADAMSTOWN HEIGHTS\nNSW 2289",
      "file_name": "Page 27.pdf"
    },
    {
      "type": "address",
      "value": "3 Myrtle Close\nADAMSTOWN HEIGHTS\nNSW 2289",
      "file_name": "Page 27.pdf"
    },
    {
      "type": "address",
      "value": "3 Lolita Close\nADAMSTOWN HEIGHTS\nNSW 2289",
      "file_name": "Page 27.pdf"
    },
    {
      "type": "address",
      "value": "24 Orana Crescent\nADAMSTOWN HEIGHTS\nNSW 2289",
      "file_name": "Page 27.pdf"
    },
    {
      "type": "address",
      "value": "48 Boronia Avenue\nADAMSTOWN HEIGHTS\nNSW 2289",
      "file_name": "Page 27.pdf"
    },
    {
      "type": "address",
      "value": "5 Bolivia Close\nADAMSTOWN HEIGHTS\nNSW 2289",
      "file_name": "Page 27.pdf"
    },
    {
      "type": "address",
      "value": "47 Lucas Crescent\nADAMSTOWN HEIGHTS NSW 2289",
      "file_name": "Page 27.pdf"
    },
    {
      "type": "address",
      "value": "5 Fernleigh Loop\nADAMSTOWN HEIGHTS\nNSW 2289",
      "file_name": "Page 27.pdf"
    },
    {
      "type": "address",
      "value": "3 Myrtle Close\nADAMSTOWN HEIGHTS\nNSW 2289",
      "file_name": "Page 27.pdf"
    },
    {
      "type": "address",
      "value": "29 Faul Street\nADAMSTOWN HEIGHTS\nNSW 2289",
      "file_name": "Page 27.pdf"
    },
    {
      "type": "address",
      "value": "45 Merinda Close\nADAMSTOWN HEIGHTS NSW 2289",
      "file_name": "Page 27.pdf"
    },
    {
      "type": "address",
      "value": "1 Grevillea Close\nADAMSTOWN HEIGHTS\nNSW 2289",
      "file_name": "Page 27.pdf"
    },
    {
      "type": "address",
      "value": "30 Lexington Parade\nADAMSTOWN HEIGHTS\nNSW 2289",
      "file_name": "Page 27.pdf"
    },
    {
      "type": "address",
      "value": "12 Ellerslie Road\nADAMSTOWN HEIGHTS NSW 2289",
      "file_name": "Page 27.pdf"
    },
    {
      "type": "address",
      "value": "81 Princeton Avenue ADAMSTOWN HEIGHTS NSW 2289",
      "file_name": "Page 27.pdf"
    },
    {
      "type": "dateofbirth",
      "value": "11-Sept-1950",
      "file_name": "Page 27.pdf"
    },
    {
      "type": "dateofbirth",
      "value": "12-Mar1939-",
      "file_name": "Page 27.pdf"
    },
    {
      "type": "dateofbirth",
      "value": "23-Mar-1953",
      "file_name": "Page 27.pdf"
    },
    {
      "type": "dateofbirth",
      "value": "01Aug-1950-",
      "file_name": "Page 27.pdf"
    },
    {
      "type": "dateofbirth",
      "value": "16May--1973",
      "file_name": "Page 27.pdf"
    },
    {
      "type": "dateofbirth",
      "value": "25May--1970",
      "file_name": "Page 27.pdf"
    },
    {
      "type": "dateofbirth",
      "value": "04May--1952",
      "file_name": "Page 27.pdf"
    },
    {
      "type": "dateofbirth",
      "value": "08Aug--1947",
      "file_name": "Page 27.pdf"
    },
    {
      "type": "dateofbirth",
      "value": "16-Feb-1972",
      "file_name": "Page 27.pdf"
    },
    {
      "type": "dateofbirth",
      "value": "28-Mar-1950",
      "file_name": "Page 27.pdf"
    },
    {
      "type": "dateofbirth",
      "value": "19-Sept1955-",
      "file_name": "Page 27.pdf"
    },
    {
      "type": "dateofbirth",
      "value": "13-Apr-1946",
      "file_name": "Page 27.pdf"
    },
    {
      "type": "dateofbirth",
      "value": "01Apr--1954",
      "file_name": "Page 27.pdf"
    },
    {
      "type": "dateofbirth",
      "value": "06-Dec-1985",
      "file_name": "Page 27.pdf"
    },
    {
      "type": "dateofbirth",
      "value": "24-Apr-1965",
      "file_name": "Page 27.pdf"
    },
    {
      "type": "dateofbirth",
      "value": "11-Jul-1938",
      "file_name": "Page 27.pdf"
    },
    {
      "type": "dateofbirth",
      "value": "01-Jan1980-",
      "file_name": "Page 27.pdf"
    },
    {
      "type": "dateofbirth",
      "value": "26May--1973",
      "file_name": "Page 27.pdf"
    },
    {
      "type": "dateofbirth",
      "value": "01May--1987",
      "file_name": "Page 27.pdf"
    },
    {
      "type": "dateofbirth",
      "value": "11-Oct1976-",
      "file_name": "Page 27.pdf"
    },
    {
      "type": "dateofbirth",
      "value": "25-Sept-1986",
      "file_name": "Page 27.pdf"
    },
    {
      "type": "dateofbirth",
      "value": "30May--1981",
      "file_name": "Page 27.pdf"
    },
    {
      "type": "dateofbirth",
      "value": "02-Oct1978-",
      "file_name": "Page 27.pdf"
    },
    {
      "type": "dateofbirth",
      "value": "27-Mar-1980",
      "file_name": "Page 27.pdf"
    },
    {
      "type": "dateofbirth",
      "value": "20-Nov1944-",
      "file_name": "Page 27.pdf"
    },
    {
      "type": "dateofbirth",
      "value": "12-Jul-1969",
      "file_name": "Page 27.pdf"
    },
    {
      "type": "dateofbirth",
      "value": "11-Apr-1975",
      "file_name": "Page 27.pdf"
    },
    {
      "type": "dateofbirth",
      "value": "14-Sept1966-",
      "file_name": "Page 27.pdf"
    },
    {
      "type": "dateofbirth",
      "value": "04-Jul-1970",
      "file_name": "Page 27.pdf"
    },
    {
      "type": "dateofbirth",
      "value": "25-Jun1966-",
      "file_name": "Page 27.pdf"
    },
    {
      "type": "dateofbirth",
      "value": "25-Apr-1985",
      "file_name": "Page 27.pdf"
    },
    {
      "type": "dateofbirth",
      "value": "08Aug-1947-",
      "file_name": "Page 27.pdf"
    },
    {
      "type": "dateofbirth",
      "value": "01-Sept1982-",
      "file_name": "Page 27.pdf"
    },
    {
      "type": "dateofbirth",
      "value": "21Jun-1943-",
      "file_name": "Page 27.pdf"
    },
    {
      "type": "dateofbirth",
      "value": "29-Dec-1943",
      "file_name": "Page 27.pdf"
    },
    {
      "type": "dateofbirth",
      "value": "10-May-1939",
      "file_name": "Page 27.pdf"
    },
    {
      "type": "dateofbirth",
      "value": "22Jul--1958",
      "file_name": "Page 27.pdf"
    },
    {
      "type": "dateofbirth",
      "value": "23-Mar-1943",
      "file_name": "Page 27.pdf"
    },
    {
      "type": "dateofbirth",
      "value": "27-Sept1943-",
      "file_name": "Page 27.pdf"
    },
    {
      "type": "dateofbirth",
      "value": "03-Jan-1986",
      "file_name": "Page 27.pdf"
    },
    {
      "type": "dateofbirth",
      "value": "07-Nov-1971",
      "file_name": "Page 27.pdf"
    },
    {
      "type": "dateofbirth",
      "value": "27-Nov1972-",
      "file_name": "Page 27.pdf"
    },
    {
      "type": "dateofbirth",
      "value": "09-Jan-1941",
      "file_name": "Page 27.pdf"
    },
    {
      "type": "dateofbirth",
      "value": "11-Nov-1957",
      "file_name": "Page 27.pdf"
    },
    {
      "type": "dateofbirth",
      "value": "10-Aug-1986",
      "file_name": "Page 27.pdf"
    },
    {
      "type": "dateofbirth",
      "value": "05-Mar-1974",
      "file_name": "Page 27.pdf"
    },
    {
      "type": "dateofbirth",
      "value": "14-May-1977",
      "file_name": "Page 27.pdf"
    },
    {
      "type": "dateofbirth",
      "value": "27May--1982",
      "file_name": "Page 27.pdf"
    },
    {
      "type": "dateofbirth",
      "value": "10-Dec-1977",
      "file_name": "Page 27.pdf"
    },
    {
      "type": "dateofbirth",
      "value": "06-Mar-1940",
      "file_name": "Page 27.pdf"
    },
    {
      "type": "dateofbirth",
      "value": "08-Nov-1977",
      "file_name": "Page 27.pdf"
    },
    {
      "type": "dateofbirth",
      "value": "20-Mar1961-",
      "file_name": "Page 27.pdf"
    },
    {
      "type": "dateofbirth",
      "value": "07-Mar-1975",
      "file_name": "Page 27.pdf"
    },
    {
      "type": "dateofbirth",
      "value": "29-Sept1968-",
      "file_name": "Page 27.pdf"
    },
    {
      "type": "dateofbirth",
      "value": "06-Jul-1983",
      "file_name": "Page 27.pdf"
    },
    {
      "type": "dateofbirth",
      "value": "16-Mar1973-",
      "file_name": "Page 27.pdf"
    },
    {
      "type": "dateofbirth",
      "value": "06-Mar-1967",
      "file_name": "Page 27.pdf"
    },
    {
      "type": "dateofbirth",
      "value": "24-Oct-1952",
      "file_name": "Page 27.pdf"
    },
    {
      "type": "dateofbirth",
      "value": "21-Mar1976-",
      "file_name": "Page 27.pdf"
    },
    {
      "type": "dateofbirth",
      "value": "01-Feb1971-",
      "file_name": "Page 27.pdf"
    },
    {
      "type": "dateofbirth",
      "value": "08-Apr-1957",
      "file_name": "Page 27.pdf"
    },
    {
      "type": "dateofbirth",
      "value": "28-Jan-1972",
      "file_name": "Page 27.pdf"
    },
    {
      "type": "dateofbirth",
      "value": "21-Feb-1942",
      "file_name": "Page 27.pdf"
    },
    {
      "type": "dateofbirth",
      "value": "08-Dec-1984",
      "file_name": "Page 27.pdf"
    },
    {
      "type": "dateofbirth",
      "value": "16-Nov-1943",
      "file_name": "Page 27.pdf"
    },
    {
      "type": "dateofbirth",
      "value": "30-Oct1941-",
      "file_name": "Page 27.pdf"
    },
    {
      "type": "dateofbirth",
      "value": "24-Jul-1971",
      "file_name": "Page 27.pdf"
    },
    {
      "type": "dateofbirth",
      "value": "26-Dec-1954",
      "file_name": "Page 27.pdf"
    },
    {
      "type": "dateofbirth",
      "value": "29Aug-1940-",
      "file_name": "Page 27.pdf"
    },
    {
      "type": "dateofbirth",
      "value": "30-Sept1975-",
      "file_name": "Page 27.pdf"
    },
    {
      "type": "dateofbirth",
      "value": "05-Jan-1955",
      "file_name": "Page 27.pdf"
    },
    {
      "type": "dateofbirth",
      "value": "21-Sept1972-",
      "file_name": "Page 27.pdf"
    },
    {
      "type": "dateofbirth",
      "value": "26-Mar-1969",
      "file_name": "Page 27.pdf"
    },
    {
      "type": "dateofbirth",
      "value": "27Apr-1940-",
      "file_name": "Page 27.pdf"
    },
    {
      "type": "dateofbirth",
      "value": "22Apr--1967",
      "file_name": "Page 27.pdf"
    },
    {
      "type": "dateofbirth",
      "value": "20-Feb1972-",
      "file_name": "Page 27.pdf"
    },
    {
      "type": "dateofbirth",
      "value": "18-Feb-1975",
      "file_name": "Page 27.pdf"
    },
    {
      "type": "mobile",
      "value": "0402 436 349",
      "file_name": "Page 27.pdf"
    },
    {
      "type": "mobile",
      "value": "0422 184 258",
      "file_name": "Page 27.pdf"
    },
    {
      "type": "mobile",
      "value": "0414 431 151",
      "file_name": "Page 27.pdf"
    },
    {
      "type": "mobile",
      "value": "0404 842 353",
      "file_name": "Page 27.pdf"
    },
    {
      "type": "mobile",
      "value": "0421 756 786",
      "file_name": "Page 27.pdf"
    },
    {
      "type": "mobile",
      "value": "0439 730 526",
      "file_name": "Page 27.pdf"
    },
    {
      "type": "mobile",
      "value": "0402 406 049",
      "file_name": "Page 27.pdf"
    },
    {
      "type": "mobile",
      "value": "0414 654 622",
      "file_name": "Page 27.pdf"
    },
    {
      "type": "mobile",
      "value": "0410 486 690",
      "file_name": "Page 27.pdf"
    },
    {
      "type": "mobile",
      "value": "0438 301 281",
      "file_name": "Page 27.pdf"
    },
    {
      "type": "mobile",
      "value": "0423 900 809",
      "file_name": "Page 27.pdf"
    },
    {
      "type": "mobile",
      "value": "0403 997 079",
      "file_name": "Page 27.pdf"
    },
    {
      "type": "mobile",
      "value": "0410 288 907",
      "file_name": "Page 27.pdf"
    },
    {
      "type": "mobile",
      "value": "0421 288 019",
      "file_name": "Page 27.pdf"
    },
    {
      "type": "mobile",
      "value": "0417 522 285",
      "file_name": "Page 27.pdf"
    },
    {
      "type": "mobile",
      "value": "0408 657 725",
      "file_name": "Page 27.pdf"
    },
    {
      "type": "mobile",
      "value": "0421 968 774",
      "file_name": "Page 27.pdf"
    },
    {
      "type": "mobile",
      "value": "0438 534 787",
      "file_name": "Page 27.pdf"
    },
    {
      "type": "mobile",
      "value": "0425 377 300",
      "file_name": "Page 27.pdf"
    },
    {
      "type": "mobile",
      "value": "0422 155 175",
      "file_name": "Page 27.pdf"
    },
    {
      "type": "mobile",
      "value": "0402 703 797",
      "file_name": "Page 27.pdf"
    },
    {
      "type": "mobile",
      "value": "0408 499 717",
      "file_name": "Page 27.pdf"
    },
    {
      "type": "mobile",
      "value": "0416 644 005",
      "file_name": "Page 27.pdf"
    },
    {
      "type": "mobile",
      "value": "0418 208 133",
      "file_name": "Page 27.pdf"
    },
    {
      "type": "mobile",
      "value": "0438 478 802",
      "file_name": "Page 27.pdf"
    },
    {
      "type": "mobile",
      "value": "0419 242 942",
      "file_name": "Page 27.pdf"
    },
    {
      "type": "mobile",
      "value": "0418 282 429",
      "file_name": "Page 27.pdf"
    },
    {
      "type": "mobile",
      "value": "0407 952 847",
      "file_name": "Page 27.pdf"
    },
    {
      "type": "mobile",
      "value": "0427 090 538",
      "file_name": "Page 27.pdf"
    },
    {
      "type": "mobile",
      "value": "0418 434 215",
      "file_name": "Page 27.pdf"
    },
    {
      "type": "mobile",
      "value": "0423 255 065",
      "file_name": "Page 27.pdf"
    },
    {
      "type": "mobile",
      "value": "0407 790 159",
      "file_name": "Page 27.pdf"
    },
    {
      "type": "mobile",
      "value": "0422 651 007",
      "file_name": "Page 27.pdf"
    },
    {
      "type": "mobile",
      "value": "0404 060 345",
      "file_name": "Page 27.pdf"
    },
    {
      "type": "name",
      "value": "Jan Christine Wallis",
      "file_name": "Page 27.pdf"
    },
    {
      "type": "name",
      "value": "Barbara Sleishman",
      "file_name": "Page 27.pdf"
    },
    {
      "type": "name",
      "value": "Bernard Flynn",
      "file_name": "Page 27.pdf"
    },
    {
      "type": "name",
      "value": "Sandra Dupont",
      "file_name": "Page 27.pdf"
    },
    {
      "type": "name",
      "value": "Kristine McAlpine",
      "file_name": "Page 27.pdf"
    },
    {
      "type": "name",
      "value": "Stephen Pringle",
      "file_name": "Page 27.pdf"
    },
    {
      "type": "name",
      "value": "Stephen Deveridge",
      "file_name": "Page 27.pdf"
    },
    {
      "type": "name",
      "value": "Howard Benson",
      "file_name": "Page 27.pdf"
    },
    {
      "type": "name",
      "value": "Mark Andrei",
      "file_name": "Page 27.pdf"
    },
    {
      "type": "name",
      "value": "Maxwell Cairns",
      "file_name": "Page 27.pdf"
    },
    {
      "type": "name",
      "value": "Hilary Barbour",
      "file_name": "Page 27.pdf"
    },
    {
      "type": "name",
      "value": "Nerida Miller",
      "file_name": "Page 27.pdf"
    },
    {
      "type": "name",
      "value": "NA Croese",
      "file_name": "Page 27.pdf"
    },
    {
      "type": "name",
      "value": "Greg Corbett",
      "file_name": "Page 27.pdf"
    },
    {
      "type": "name",
      "value": "Natalie Daly",
      "file_name": "Page 27.pdf"
    },
    {
      "type": "name",
      "value": "Anskje Bronkhorst",
      "file_name": "Page 27.pdf"
    },
    {
      "type": "name",
      "value": "Anthony Walshe",
      "file_name": "Page 27.pdf"
    },
    {
      "type": "name",
      "value": "Jennifer Claire Hopkins",
      "file_name": "Page 27.pdf"
    },
    {
      "type": "name",
      "value": "Patricia Margaret Hardy",
      "file_name": "Page 27.pdf"
    },
    {
      "type": "name",
      "value": "Ross Cairns",
      "file_name": "Page 27.pdf"
    },
    {
      "type": "name",
      "value": "K Kelly",
      "file_name": "Page 27.pdf"
    },
    {
      "type": "name",
      "value": "Rebecca Blunt",
      "file_name": "Page 27.pdf"
    },
    {
      "type": "name",
      "value": "Dinh The",
      "file_name": "Page 27.pdf"
    },
    {
      "type": "name",
      "value": "Xuan Cao",
      "file_name": "Page 27.pdf"
    },
    {
      "type": "name",
      "value": "S Fisher",
      "file_name": "Page 27.pdf"
    },
    {
      "type": "name",
      "value": "Shannon Kelly",
      "file_name": "Page 27.pdf"
    },
    {
      "type": "name",
      "value": "Chris D Tester",
      "file_name": "Page 27.pdf"
    },
    {
      "type": "name",
      "value": "Malcolm Crain",
      "file_name": "Page 27.pdf"
    },
    {
      "type": "name",
      "value": "NB Bell",
      "file_name": "Page 27.pdf"
    },
    {
      "type": "name",
      "value": "E Roe",
      "file_name": "Page 27.pdf"
    },
    {
      "type": "name",
      "value": "Nathan Eltis",
      "file_name": "Page 27.pdf"
    },
    {
      "type": "name",
      "value": "N Mullien",
      "file_name": "Page 27.pdf"
    },
    {
      "type": "name",
      "value": "Shane Myers",
      "file_name": "Page 27.pdf"
    },
    {
      "type": "name",
      "value": "Bitte Single",
      "file_name": "Page 27.pdf"
    },
    {
      "type": "name",
      "value": "P Chalhoub",
      "file_name": "Page 27.pdf"
    },
    {
      "type": "name",
      "value": "HD Benson",
      "file_name": "Page 27.pdf"
    },
    {
      "type": "name",
      "value": "Chad Russell",
      "file_name": "Page 27.pdf"
    },
    {
      "type": "name",
      "value": "Robert Ireland",
      "file_name": "Page 27.pdf"
    },
    {
      "type": "name",
      "value": "J Hughes",
      "file_name": "Page 27.pdf"
    },
    {
      "type": "name",
      "value": "JR Stuart",
      "file_name": "Page 27.pdf"
    },
    {
      "type": "name",
      "value": "K Coolibah",
      "file_name": "Page 27.pdf"
    },
    {
      "type": "name",
      "value": "T Whittle",
      "file_name": "Page 27.pdf"
    },
    {
      "type": "name",
      "value": "SD Westbury",
      "file_name": "Page 27.pdf"
    },
    {
      "type": "name",
      "value": "Barry Minter",
      "file_name": "Page 27.pdf"
    },
    {
      "type": "name",
      "value": "Vicki Rigelsford",
      "file_name": "Page 27.pdf"
    },
    {
      "type": "name",
      "value": "Pranil Patel",
      "file_name": "Page 27.pdf"
    },
    {
      "type": "name",
      "value": "Catherine Spyrdz",
      "file_name": "Page 27.pdf"
    },
    {
      "type": "name",
      "value": "Patrick Jones",
      "file_name": "Page 27.pdf"
    },
    {
      "type": "name",
      "value": "Christopher Walsh",
      "file_name": "Page 27.pdf"
    },
    {
      "type": "name",
      "value": "Kelly Croft",
      "file_name": "Page 27.pdf"
    },
    {
      "type": "name",
      "value": "Helen Preston",
      "file_name": "Page 27.pdf"
    },
    {
      "type": "name",
      "value": "Rebecca Thomson",
      "file_name": "Page 27.pdf"
    },
    {
      "type": "name",
      "value": "Murree Russell",
      "file_name": "Page 27.pdf"
    },
    {
      "type": "name",
      "value": "BJ Melmeth",
      "file_name": "Page 27.pdf"
    },
    {
      "type": "name",
      "value": "P Hennessy",
      "file_name": "Page 27.pdf"
    },
    {
      "type": "name",
      "value": "Jessica Lewis",
      "file_name": "Page 27.pdf"
    },
    {
      "type": "name",
      "value": "Helen Tsioulis",
      "file_name": "Page 27.pdf"
    },
    {
      "type": "name",
      "value": "Helen Baines",
      "file_name": "Page 27.pdf"
    },
    {
      "type": "name",
      "value": "Janice Norman",
      "file_name": "Page 27.pdf"
    },
    {
      "type": "name",
      "value": "Sue Blunt",
      "file_name": "Page 27.pdf"
    },
    {
      "type": "name",
      "value": "Ursula Maloney",
      "file_name": "Page 27.pdf"
    },
    {
      "type": "name",
      "value": "Cheryl Denise Shaw",
      "file_name": "Page 27.pdf"
    },
    {
      "type": "name",
      "value": "Robert Petic",
      "file_name": "Page 27.pdf"
    },
    {
      "type": "name",
      "value": "Brenda Diana Doyle",
      "file_name": "Page 27.pdf"
    },
    {
      "type": "name",
      "value": "Megan Elizabeth Ebeling",
      "file_name": "Page 27.pdf"
    },
    {
      "type": "name",
      "value": "George Warren Hall",
      "file_name": "Page 27.pdf"
    },
    {
      "type": "name",
      "value": "Barrie Cooper",
      "file_name": "Page 27.pdf"
    },
    {
      "type": "name",
      "value": "Neil McNaughton",
      "file_name": "Page 27.pdf"
    },
    {
      "type": "name",
      "value": "Margaret Gordon Taylor",
      "file_name": "Page 27.pdf"
    },
    {
      "type": "name",
      "value": "Jason Biggins",
      "file_name": "Page 27.pdf"
    },
    {
      "type": "name",
      "value": "Sarah Ebeling",
      "file_name": "Page 27.pdf"
    },
    {
      "type": "name",
      "value": "Nadene Douglass",
      "file_name": "Page 27.pdf"
    },
    {
      "type": "name",
      "value": "Julie Foot",
      "file_name": "Page 27.pdf"
    },
    {
      "type": "name",
      "value": "Dave Ray",
      "file_name": "Page 27.pdf"
    },
    {
      "type": "name",
      "value": "N Tonkin",
      "file_name": "Page 27.pdf"
    },
    {
      "type": "email",
      "value": "bernie.vicki.flynn@hotma...",
      "file_name": "Page 27.pdf"
    },
    {
      "type": "email",
      "value": "dupont@aapt.net.au",
      "file_name": "Page 27.pdf"
    },
    {
      "type": "email",
      "value": "fireflydesign@bigpond.com",
      "file_name": "Page 27.pdf"
    },
    {
      "type": "email",
      "value": "sdevo@exemail.com.au",
      "file_name": "Page 27.pdf"
    },
    {
      "type": "email",
      "value": "hdb@hotkey.net.au",
      "file_name": "Page 27.pdf"
    },
    {
      "type": "email",
      "value": "mcairns@kooee.com.au",
      "file_name": "Page 27.pdf"
    },
    {
      "type": "email",
      "value": "hilnric@gmail.com",
      "file_name": "Page 27.pdf"
    },
    {
      "type": "email",
      "value": "nerida_ian@bigpond.com",
      "file_name": "Page 27.pdf"
    },
    {
      "type": "email",
      "value": "greg_corbett@bigfoot.com",
      "file_name": "Page 27.pdf"
    },
    {
      "type": "email",
      "value": "nataliedaly@live.com",
      "file_name": "Page 27.pdf"
    },
    {
      "type": "email",
      "value": "tanjabronkhorst@hotmail...",
      "file_name": "Page 27.pdf"
    },
    {
      "type": "email",
      "value": "76.antman@gmail.com",
      "file_name": "Page 27.pdf"
    },
    {
      "type": "email",
      "value": "jenniferhopkins10@gmail...",
      "file_name": "Page 27.pdf"
    },
    {
      "type": "email",
      "value": "shannonkelly@outlook.c...",
      "file_name": "Page 27.pdf"
    },
    {
      "type": "email",
      "value": "marisproductions@bigpo...",
      "file_name": "Page 27.pdf"
    },
    {
      "type": "email",
      "value": "nath.eltis@exemail.com.au",
      "file_name": "Page 27.pdf"
    },
    {
      "type": "email",
      "value": "monkeymyers1@optusn...",
      "file_name": "Page 27.pdf"
    },
    {
      "type": "email",
      "value": "bitte@cnrstone.com.au",
      "file_name": "Page 27.pdf"
    },
    {
      "type": "email",
      "value": "ireland.robert@gmail.com",
      "file_name": "Page 27.pdf"
    },
    {
      "type": "email",
      "value": "jhu850ghes@tassie.net.au",
      "file_name": "Page 27.pdf"
    },
    {
      "type": "email",
      "value": "pevekartejas@yahoo.com",
      "file_name": "Page 27.pdf"
    },
    {
      "type": "email",
      "value": "barbet@exemail.com.au",
      "file_name": "Page 27.pdf"
    },
    {
      "type": "email",
      "value": "rigo@aanet.com.au",
      "file_name": "Page 27.pdf"
    },
    {
      "type": "email",
      "value": "pranilpatel@hotmail.com",
      "file_name": "Page 27.pdf"
    },
    {
      "type": "email",
      "value": "spyrdz@hotmail.com",
      "file_name": "Page 27.pdf"
    },
    {
      "type": "email",
      "value": "dangabe@iprimus.com.au",
      "file_name": "Page 27.pdf"
    },
    {
      "type": "email",
      "value": "cjwalsh82@hotmail.com",
      "file_name": "Page 27.pdf"
    },
    {
      "type": "email",
      "value": "kellduff@hotmail.com",
      "file_name": "Page 27.pdf"
    },
    {
      "type": "email",
      "value": "hpreston1940@gmail.com",
      "file_name": "Page 27.pdf"
    },
    {
      "type": "email",
      "value": "clint bec@hotmail.com",
      "file_name": "Page 27.pdf"
    },
    {
      "type": "email",
      "value": "murreerussell@bigpond....",
      "file_name": "Page 27.pdf"
    },
    {
      "type": "email",
      "value": "tsioulishelen@gmail.com",
      "file_name": "Page 27.pdf"
    },
    {
      "type": "email",
      "value": "hmbaines74@gmail.com",
      "file_name": "Page 27.pdf"
    },
    {
      "type": "email",
      "value": "janice.norman24@bigpo...",
      "file_name": "Page 27.pdf"
    },
    {
      "type": "email",
      "value": "the_blunts@hotmail.com",
      "file_name": "Page 27.pdf"
    },
    {
      "type": "email",
      "value": "aadraka@usa.net",
      "file_name": "Page 27.pdf"
    },
    {
      "type": "email",
      "value": "sebeling23@gmail.com",
      "file_name": "Page 27.pdf"
    },
    {
      "type": "email",
      "value": "snfarley@bigpond.net.au",
      "file_name": "Page 27.pdf"
    },
    {
      "type": "landline",
      "value": "02 4943 0701",
      "file_name": "Page 27.pdf"
    },
    {
      "type": "landline",
      "value": "02 4942 2373",
      "file_name": "Page 27.pdf"
    },
    {
      "type": "landline",
      "value": "02 4943 6350",
      "file_name": "Page 27.pdf"
    },
    {
      "type": "landline",
      "value": "02 4957 9039",
      "file_name": "Page 27.pdf"
    },
    {
      "type": "landline",
      "value": "02 4920 8832",
      "file_name": "Page 27.pdf"
    },
    {
      "type": "landline",
      "value": "02 4023 7526",
      "file_name": "Page 27.pdf"
    },
    {
      "type": "landline",
      "value": "02 4920 6767",
      "file_name": "Page 27.pdf"
    },
    {
      "type": "landline",
      "value": "02 4943 6043",
      "file_name": "Page 27.pdf"
    },
    {
      "type": "landline",
      "value": "02 4952 6279",
      "file_name": "Page 27.pdf"
    },
    {
      "type": "landline",
      "value": "02 4942 2577",
      "file_name": "Page 27.pdf"
    },
    {
      "type": "landline",
      "value": "02 4943 3843",
      "file_name": "Page 27.pdf"
    },
    {
      "type": "landline",
      "value": "02 4957 3883",
      "file_name": "Page 27.pdf"
    },
    {
      "type": "landline",
      "value": "02 4943 2850",
      "file_name": "Page 27.pdf"
    },
    {
      "type": "landline",
      "value": "02 4952 2680",
      "file_name": "Page 27.pdf"
    },
    {
      "type": "landline",
      "value": "02 4920 8691",
      "file_name": "Page 27.pdf"
    },
    {
      "type": "landline",
      "value": "02 4942 5221",
      "file_name": "Page 27.pdf"
    },
    {
      "type": "landline",
      "value": "02 4952 2286",
      "file_name": "Page 27.pdf"
    },
    {
      "type": "landline",
      "value": "02 4952 2351",
      "file_name": "Page 27.pdf"
    },
    {
      "type": "landline",
      "value": "02 4942 1581",
      "file_name": "Page 27.pdf"
    },
    {
      "type": "landline",
      "value": "02 4943 7026",
      "file_name": "Page 27.pdf"
    },
    {
      "type": "landline",
      "value": "02 4956 1285",
      "file_name": "Page 27.pdf"
    },
    {
      "type": "landline",
      "value": "02 4942 2080",
      "file_name": "Page 27.pdf"
    },
    {
      "type": "landline",
      "value": "02 4920 7072",
      "file_name": "Page 27.pdf"
    },
    {
      "type": "landline",
      "value": "02 4943 8749",
      "file_name": "Page 27.pdf"
    },
    {
      "type": "landline",
      "value": "02 4942 4920",
      "file_name": "Page 27.pdf"
    },
    {
      "type": "landline",
      "value": "02 4942 2448",
      "file_name": "Page 27.pdf"
    },
    {
      "type": "landline",
      "value": "02 4957 2629",
      "file_name": "Page 27.pdf"
    },
    {
      "type": "landline",
      "value": "02 4943 7194",
      "file_name": "Page 27.pdf"
    },
    {
      "type": "landline",
      "value": "02 4960 1707",
      "file_name": "Page 27.pdf"
    },
    {
      "type": "lastseen",
      "value": "30-Jun-2023",
      "file_name": "Page 27.pdf"
    },
    {
      "type": "lastseen",
      "value": "30-Jun-2023",
      "file_name": "Page 27.pdf"
    },
    {
      "type": "lastseen",
      "value": "30-Jun-2023",
      "file_name": "Page 27.pdf"
    },
    {
      "type": "lastseen",
      "value": "30-Jun-2023",
      "file_name": "Page 27.pdf"
    },
    {
      "type": "lastseen",
      "value": "30-Jun-2023",
      "file_name": "Page 27.pdf"
    },
    {
      "type": "lastseen",
      "value": "30-Jun-2023",
      "file_name": "Page 27.pdf"
    },
    {
      "type": "lastseen",
      "value": "30-Jun-2023",
      "file_name": "Page 27.pdf"
    },
    {
      "type": "lastseen",
      "value": "30-Jun-2023",
      "file_name": "Page 27.pdf"
    },
    {
      "type": "lastseen",
      "value": "30-Jun-2023",
      "file_name": "Page 27.pdf"
    },
    {
      "type": "lastseen",
      "value": "30-Jun-2023",
      "file_name": "Page 27.pdf"
    },
    {
      "type": "lastseen",
      "value": "30-Jun-2023",
      "file_name": "Page 27.pdf"
    },
    {
      "type": "lastseen",
      "value": "30-Jun-2023",
      "file_name": "Page 27.pdf"
    },
    {
      "type": "lastseen",
      "value": "30-Jun-2023",
      "file_name": "Page 27.pdf"
    },
    {
      "type": "lastseen",
      "value": "30-Jun-2023",
      "file_name": "Page 27.pdf"
    },
    {
      "type": "lastseen",
      "value": "30-Jun-2023",
      "file_name": "Page 27.pdf"
    },
    {
      "type": "lastseen",
      "value": "30-Jun-2023",
      "file_name": "Page 27.pdf"
    },
    {
      "type": "lastseen",
      "value": "30-Jun-2023",
      "file_name": "Page 27.pdf"
    },
    {
      "type": "lastseen",
      "value": "30-Jun-2023",
      "file_name": "Page 27.pdf"
    },
    {
      "type": "lastseen",
      "value": "30-Jun-2023",
      "file_name": "Page 27.pdf"
    },
    {
      "type": "lastseen",
      "value": "30-Jun-2023",
      "file_name": "Page 27.pdf"
    },
    {
      "type": "lastseen",
      "value": "30-Jun-2023",
      "file_name": "Page 27.pdf"
    },
    {
      "type": "lastseen",
      "value": "30-Jun-2023",
      "file_name": "Page 27.pdf"
    },
    {
      "type": "lastseen",
      "value": "30-Jun-2023",
      "file_name": "Page 27.pdf"
    },
    {
      "type": "lastseen",
      "value": "30-Jun-2023",
      "file_name": "Page 27.pdf"
    },
    {
      "type": "lastseen",
      "value": "30-Jun-2023",
      "file_name": "Page 27.pdf"
    },
    {
      "type": "lastseen",
      "value": "30-Jun-2023",
      "file_name": "Page 27.pdf"
    },
    {
      "type": "lastseen",
      "value": "30-Jun-2023",
      "file_name": "Page 27.pdf"
    },
    {
      "type": "lastseen",
      "value": "30-Jun-2023",
      "file_name": "Page 27.pdf"
    },
    {
      "type": "lastseen",
      "value": "30-Jun-2023",
      "file_name": "Page 27.pdf"
    },
    {
      "type": "lastseen",
      "value": "30-Jun-2023",
      "file_name": "Page 27.pdf"
    },
    {
      "type": "lastseen",
      "value": "30-Jun-2023",
      "file_name": "Page 27.pdf"
    },
    {
      "type": "lastseen",
      "value": "30-Jun-2023",
      "file_name": "Page 27.pdf"
    },
    {
      "type": "lastseen",
      "value": "30-Jun-2023",
      "file_name": "Page 27.pdf"
    },
    {
      "type": "lastseen",
      "value": "30-Jun-2023",
      "file_name": "Page 27.pdf"
    },
    {
      "type": "lastseen",
      "value": "30-Jun-2023",
      "file_name": "Page 27.pdf"
    },
    {
      "type": "lastseen",
      "value": "30-Jun-2023",
      "file_name": "Page 27.pdf"
    },
    {
      "type": "lastseen",
      "value": "30-Jun-2023",
      "file_name": "Page 27.pdf"
    },
    {
      "type": "lastseen",
      "value": "30-Jun-2023",
      "file_name": "Page 27.pdf"
    },
    {
      "type": "lastseen",
      "value": "30-Jun-2023",
      "file_name": "Page 27.pdf"
    },
    {
      "type": "lastseen",
      "value": "30-Jun-2023",
      "file_name": "Page 27.pdf"
    },
    {
      "type": "lastseen",
      "value": "30-Jun-2023",
      "file_name": "Page 27.pdf"
    },
    {
      "type": "lastseen",
      "value": "30-Jun-2023",
      "file_name": "Page 27.pdf"
    },
    {
      "type": "lastseen",
      "value": "30-Jun-2023",
      "file_name": "Page 27.pdf"
    },
    {
      "type": "lastseen",
      "value": "30-Jun-2023",
      "file_name": "Page 27.pdf"
    },
    {
      "type": "lastseen",
      "value": "30-Jun-2023",
      "file_name": "Page 27.pdf"
    },
    {
      "type": "lastseen",
      "value": "30-Jun-2023",
      "file_name": "Page 27.pdf"
    },
    {
      "type": "lastseen",
      "value": "30-Jun-2023",
      "file_name": "Page 27.pdf"
    },
    {
      "type": "lastseen",
      "value": "30-Jun-2023",
      "file_name": "Page 27.pdf"
    },
    {
      "type": "lastseen",
      "value": "30-Jun-2023",
      "file_name": "Page 27.pdf"
    },
    {
      "type": "lastseen",
      "value": "30-Jun-2023",
      "file_name": "Page 27.pdf"
    },
    {
      "type": "lastseen",
      "value": "30-Jun-2023",
      "file_name": "Page 27.pdf"
    },
    {
      "type": "lastseen",
      "value": "30-Jun-2023",
      "file_name": "Page 27.pdf"
    },
    {
      "type": "lastseen",
      "value": "30-Jun-2023",
      "file_name": "Page 27.pdf"
    },
    {
      "type": "lastseen",
      "value": "30-Jun-2023",
      "file_name": "Page 27.pdf"
    },
    {
      "type": "lastseen",
      "value": "30-Jun-2023",
      "file_name": "Page 27.pdf"
    },
    {
      "type": "lastseen",
      "value": "30-Jun-2023",
      "file_name": "Page 27.pdf"
    },
    {
      "type": "lastseen",
      "value": "30-Jun-2023",
      "file_name": "Page 27.pdf"
    },
    {
      "type": "lastseen",
      "value": "30-Jun2023-",
      "file_name": "Page 27.pdf"
    },
    {
      "type": "lastseen",
      "value": "30-Jun-2023",
      "file_name": "Page 27.pdf"
    },
    {
      "type": "lastseen",
      "value": "30-Jun-2023",
      "file_name": "Page 27.pdf"
    },
    {
      "type": "lastseen",
      "value": "30-Jun-2023",
      "file_name": "Page 27.pdf"
    },
    {
      "type": "lastseen",
      "value": "30-Jun-2023",
      "file_name": "Page 27.pdf"
    },
    {
      "type": "lastseen",
      "value": "30-Jun-2023",
      "file_name": "Page 27.pdf"
    },
    {
      "type": "lastseen",
      "value": "30-Jun-2023",
      "file_name": "Page 27.pdf"
    },
    {
      "type": "lastseen",
      "value": "30-Jun-2023",
      "file_name": "Page 27.pdf"
    },
    {
      "type": "lastseen",
      "value": "30-Jun-2023",
      "file_name": "Page 27.pdf"
    },
    {
      "type": "lastseen",
      "value": "30-Jun-2023",
      "file_name": "Page 27.pdf"
    },
    {
      "type": "lastseen",
      "value": "30-Jun-2023",
      "file_name": "Page 27.pdf"
    },
    {
      "type": "lastseen",
      "value": "30-Jun-2023",
      "file_name": "Page 27.pdf"
    },
    {
      "type": "lastseen",
      "value": "30-Jun-2023",
      "file_name": "Page 27.pdf"
    },
    {
      "type": "lastseen",
      "value": "30-Jun-2023",
      "file_name": "Page 27.pdf"
    },
    {
      "type": "lastseen",
      "value": "30-Jun-2023",
      "file_name": "Page 27.pdf"
    },
    {
      "type": "lastseen",
      "value": "30-Jun-2023",
      "file_name": "Page 27.pdf"
    },
    {
      "type": "lastseen",
      "value": "30-Jun-2023",
      "file_name": "Page 27.pdf"
    },
    {
      "type": "lastseen",
      "value": "30-Jun-2023",
      "file_name": "Page 27.pdf"
    },
    {
      "type": "lastseen",
      "value": "30-Jun-2023",
      "file_name": "Page 27.pdf"
    },
    {
      "type": "lastseen",
      "value": "30-Jun-2023",
      "file_name": "Page 27.pdf"
    },
    {
      "type": "lastseen",
      "value": "30-Jun-2023",
      "file_name": "Page 27.pdf"
    },
    {
      "type": "lastseen",
      "value": "30-Jun-2023",
      "file_name": "Page 27.pdf"
    },
    {
      "type": "lastseen",
      "value": "30-Jun-2023",
      "file_name": "Page 27.pdf"
    },
    {
      "type": "lastseen",
      "value": "30-Jun-2023",
      "file_name": "Page 27.pdf"
    }
  ]
}