{
  "processing_timestamp": "2025-10-23T19:24:36.721Z",
  "total_files": 1,
  "raw_records": [
    {
      "full_name": "R Crotty",
      "mobile": "0438 801 907",
      "address": "21 Rachael Avenue\nADAMSTOWN HEIGHTS\nNSW 2289",
      "email": "candscoleman@gmail.com",
      "dateofbirth": "03-Sept-1962",
      "landline": "02 4009 1859",
      "lastseen": "30-Jun-2023",
      "file_name": "Page 28.pdf"
    },
    {
      "full_name": "R Crotty",
      "mobile": "0412 731 112",
      "address": "21 Rachael Avenue\nADAMSTOWN HEIGHTS\nNSW 2289",
      "email": "rochelle@mcgeemail.net",
      "dateofbirth": "03-Sept-1962",
      "landline": "02 4950 9934",
      "lastseen": "30-Jun-2023",
      "file_name": "Page 28.pdf"
    },
    {
      "full_name": "Chris Coleman",
      "mobile": "0429 460 081",
      "address": "27 Elton Close\nADAMSTOWN HEIGHTS\nNSW 2289",
      "email": "ffs@westnet.com.au",
      "dateofbirth": "20-Sept-1962",
      "landline": "02 4943 0806",
      "lastseen": "30-Jun-2023",
      "file_name": "Page 28.pdf"
    },
    {
      "full_name": "Rochelle McGee",
      "mobile": "0408 684 842",
      "address": "10 Ragan Close\nADAMSTOWN HEIGHTS\nNSW 2289",
      "email": "tolmak@exemail.com.au",
      "dateofbirth": "22-Feb-1976",
      "landline": "02 4943 1691",
      "lastseen": "30-Jun-2023",
      "file_name": "Page 28.pdf"
    },
    {
      "full_name": "Roslyn Corney",
      "mobile": "0414 983 912",
      "address": "23 Stayton Street\nADAMSTOWN HEIGHTS\nNSW 2289",
      "email": "bibliofriend@hotmail.com",
      "dateofbirth": "09-Apr-1965",
      "landline": "02 4947 8843",
      "lastseen": "30-Jun-2023",
      "file_name": "Page 28.pdf"
    },
    {
      "full_name": "Josie Van Der Starre",
      "mobile": "0425 376 397",
      "address": "8 Mears Street\nADAMSTOWN HEIGHTS\nNSW 2289",
      "email": "darrenfletcherd@optusne...",
      "dateofbirth": "04-Jul-1948",
      "landline": "02 4943 5545",
      "lastseen": "30-Jun-2023",
      "file_name": "Page 28.pdf"
    },
    {
      "full_name": "... Michael John Murray",
      "mobile": "0414 983 912",
      "address": "51 Sheridan Avenue\nADAMSTOWN HEIGHTS\nNSW 2289",
      "email": "jandjcondon@yahoo.com...",
      "dateofbirth": "10-Jul-1961",
      "landline": "02 4952 3978",
      "lastseen": "30-Jun-2023",
      "file_name": "Page 28.pdf"
    },
    {
      "full_name": "R Hardy",
      "mobile": "0438 443 983",
      "address": "13 Dalvern Close\nADAMSTOWN HEIGHTS\nNSW 2289",
      "email": "jandjcondon@yahoo.com...",
      "dateofbirth": "09-Sept-1936",
      "landline": "02 4942 5127",
      "lastseen": "30-Jun-2023",
      "file_name": "Page 28.pdf"
    },
    {
      "full_name": "P Wallis",
      "mobile": "0411 282 798",
      "address": "97 Carolyn Street\nADAMSTOWN HEIGHTS\nNSW 2289",
      "email": "gmurdoch@aapt.net.au",
      "dateofbirth": "01-Mar-1940",
      "landline": "02 4943 2708",
      "lastseen": "30-Jun-2023",
      "file_name": "Page 28.pdf"
    },
    {
      "full_name": "T Dinh",
      "mobile": "0412 912 605",
      "address": "103 Lexington Parade\nADAMSTOWN HEIGHTS\nNSW 2289",
      "email": "mvallone@bigpond.net.au",
      "dateofbirth": "15-Jun-1987",
      "landline": "02 4943 1619",
      "lastseen": "30-Jun-2023",
      "file_name": "Page 28.pdf"
    },
    {
      "full_name": "Sofija Mitrevski",
      "mobile": "0412 756 315",
      "address": "22 Elton Close\nADAMSTOWN HEIGHTS\nNSW 2289",
      "email": "gregbelindamoore@telstr...",
      "dateofbirth": "09-Jun-1943",
      "landline": "02 4942 4406",
      "lastseen": "30-Jun-2023",
      "file_name": "Page 28.pdf"
    },
    {
      "full_name": "... David Christopher Tollard",
      "mobile": "0404 465 337",
      "address": "27 Ellerslie Road\nADAMSTOWN HEIGHTS\nNSW 2289",
      "email": "mariatynan@bigpond.com",
      "dateofbirth": "26-Oct-1965",
      "landline": "02 4952 2267",
      "lastseen": "30-Jun-2023",
      "file_name": "Page 28.pdf"
    },
    {
      "full_name": "Andonis Chakos",
      "mobile": "0404 075 090",
      "address": "85 Madison Drive\nADAMSTOWN HEIGHTS\nNSW 2289",
      "email": "nicholas.s.bates@gmail....",
      "dateofbirth": "28-Oct-1941",
      "landline": "02 4943 2708",
      "lastseen": "30-Jun-2023",
      "file_name": "Page 28.pdf"
    },
    {
      "full_name": "C A Burden",
      "mobile": "0429 902 200",
      "address": "33 Fernleigh Loop\nADAMSTOWN HEIGHTS\nNSW 2289",
      "email": "macbeth@exemail.com.au",
      "dateofbirth": "17-Dec-1968",
      "landline": "02 4943 0039",
      "lastseen": "30-Jun-2023",
      "file_name": "Page 28.pdf"
    },
    {
      "full_name": "Graham Charles Whitton",
      "mobile": "0425 256 374",
      "address": "153 Northcott Drive\nADAMSTOWN HEIGHTS\nNSW 2289",
      "email": "mat.sharman@newcastle...",
      "dateofbirth": "28-Sept-1937",
      "landline": "02 4957 5499",
      "lastseen": "30-Jun-2023",
      "file_name": "Page 28.pdf"
    },
    {
      "full_name": "D Tollard",
      "mobile": "0416 673 723",
      "address": "27 Ellerslie Road\nADAMSTOWN HEIGHTS\nNSW 2289",
      "email": "janice.norman24@bigpo...",
      "dateofbirth": "26-Oct-1965",
      "landline": "02 4942 1929",
      "lastseen": "30-Jun-2023",
      "file_name": "Page 28.pdf"
    },
    {
      "full_name": "Romana Katrina Peristy",
      "mobile": "0427 302 679",
      "address": "24 Lucas Crescent\nADAMSTOWN HEIGHTS\nNSW 2289",
      "email": "john.knezevic@hotmail.c...",
      "dateofbirth": "11-Aug-1953",
      "landline": "02 4942 2778",
      "lastseen": "30-Jun-2023",
      "file_name": "Page 28.pdf"
    },
    {
      "full_name": "Christopher Ho",
      "mobile": "0497 530 993",
      "address": "8 Carolyn Street\nADAMSTOWN HEIGHTS\nNSW 2289",
      "email": "dj_kao5@hotmail.com",
      "dateofbirth": "22-Mar-1989",
      "landline": "02 4952 7455",
      "lastseen": "30-Jun-2023",
      "file_name": "Page 28.pdf"
    },
    {
      "full_name": "LS Tiernan",
      "mobile": "0400 197 159",
      "address": "6 Marconi Close\nADAMSTOWN HEIGHTS\nNSW 2289",
      "email": "gtparker11@hotmail.com",
      "dateofbirth": "13-May-1951",
      "landline": "02 4943 5051",
      "lastseen": "30-Jun-2023",
      "file_name": "Page 28.pdf"
    },
    {
      "full_name": "Margaret Burton",
      "mobile": "0431 027 315",
      "address": "157 Princeton Avenue\nADAMSTOWN HEIGHTS\nNSW 2289",
      "email": "janina.maszluck@hotmai...",
      "dateofbirth": "13-May-1948",
      "landline": "02 4957 3360",
      "lastseen": "30-Jun-2023",
      "file_name": "Page 28.pdf"
    },
    {
      "full_name": "Rejeni Patel",
      "mobile": "0412 432 296",
      "address": "25 Wade Street\nADAMSTOWN HEIGHTS\nNSW 2289",
      "email": "jennifer.l.richards@bigpo...",
      "dateofbirth": "23-May-1956",
      "landline": "02 4952 9085",
      "lastseen": "30-Jun-2023",
      "file_name": "Page 28.pdf"
    },
    {
      "full_name": "g Wendy Denise Armstron",
      "mobile": "0403 041 061",
      "address": "5 Kempwood Close\nADAMSTOWN HEIGHTS\nNSW 2289",
      "email": "csjlonergan@gmail.com",
      "dateofbirth": "31-Dec-1944",
      "landline": "02 4943 2118",
      "lastseen": "30-Jun-2023",
      "file_name": "Page 28.pdf"
    },
    {
      "full_name": "Roy Vernon Adamsơ",
      "mobile": "0402 945 953",
      "address": "13 Carolyn Street\nADAMSTOWN HEIGHTS\nNSW 2289",
      "email": "caer27@tpg.com.au",
      "dateofbirth": "24-Feb-1936",
      "landline": "02 4943 2118",
      "lastseen": "30-Jun-2023",
      "file_name": "Page 28.pdf"
    },
    {
      "full_name": "Trent Green",
      "mobile": "0437 133 778",
      "address": "9 Madison Drive ADAMSTOWN HEIGHTS\nNSW 2289",
      "email": "trudijordancarr@gmail.com",
      "dateofbirth": "05-Apr-1982",
      "landline": "02 4943 1699",
      "lastseen": "30-Jun-2023",
      "file_name": "Page 28.pdf"
    },
    {
      "full_name": "Laraine Ann New",
      "mobile": "0435 570 044",
      "address": "32 Ashbury Street\nADAMSTOWN HEIGHTS\nNSW 2289",
      "dateofbirth": "12-Apr-1944",
      "landline": "02 4915 6729",
      "lastseen": "30-Jun-2023",
      "file_name": "Page 28.pdf"
    },
    {
      "full_name": "Brian Neville New",
      "mobile": "0407 566 871",
      "address": "32 Ashbury Street\nADAMSTOWN HEIGHTS\nNSW 2289",
      "dateofbirth": "25-Oct-1940",
      "landline": "02 4957 0337",
      "lastseen": "30-Jun-2023",
      "file_name": "Page 28.pdf"
    },
    {
      "full_name": "Mark Fitzmaurice",
      "mobile": "0402 421 883",
      "address": "10 Northwood Street\nADAMSTOWN HEIGHTS\nNSW 2289",
      "dateofbirth": "22-May-1959",
      "landline": "02 4942 5127",
      "lastseen": "30-Jun-2023",
      "file_name": "Page 28.pdf"
    },
    {
      "full_name": "Susan Coleman",
      "mobile": "0418 282 429",
      "address": "27 Elton Close\nADAMSTOWN HEIGHTS\nNSW 2289",
      "dateofbirth": "30-Oct-1961",
      "landline": "02 4943 5693",
      "lastseen": "30-Jun-2023",
      "file_name": "Page 28.pdf"
    },
    {
      "full_name": "Neale Parker",
      "mobile": "0450 202 480",
      "address": "14 Toohey Crescent\nADAMSTOWN HEIGHTS\nNSW 2289",
      "dateofbirth": "18-Nov-1938",
      "landline": "02 4957 0500",
      "lastseen": "30-Jun-2023",
      "file_name": "Page 28.pdf"
    },
    {
      "full_name": "Kire Mitrevski",
      "mobile": "0401 787 997",
      "address": "22 Elton Close ADAMSTOWN HEIGHTS\nNSW 2289",
      "dateofbirth": "16-Apr-1938",
      "landline": "02 4956 2558",
      "lastseen": "30-Jun-2023",
      "file_name": "Page 28.pdf"
    },
    {
      "full_name": "Megan Louise Hamilton",
      "mobile": "0422 076 268",
      "address": "38 Merinda Close\nADAMSTOWN HEIGHTS\nNSW 2289",
      "dateofbirth": "04-Jul-1980",
      "landline": "02 4942 3374",
      "lastseen": "30-Jun-2023",
      "file_name": "Page 28.pdf"
    },
    {
      "full_name": "Ellenor Dawn Murray",
      "mobile": "0400 796 573",
      "address": "8 Kinross Avenue\nADAMSTOWN HEIGHTS\nNSW 2289",
      "dateofbirth": "03-Nov-1942",
      "landline": "02 4957 9484",
      "lastseen": "30-Jun-2023",
      "file_name": "Page 28.pdf"
    },
    {
      "full_name": "Robyn Ayaz",
      "mobile": "0409 527 429",
      "address": "66 Princeton Avenue\nADAMSTOWN HEIGHTS\nNSW 2289",
      "dateofbirth": "24-Apr-1950",
      "landline": "02 4920 8127",
      "lastseen": "30-Jun-2023",
      "file_name": "Page 28.pdf"
    },
    {
      "full_name": "J Wynn",
      "mobile": "0422 854 024",
      "address": "2 Kara Street\nADAMSTOWN HEIGHTS\nNSW 2289",
      "dateofbirth": "18-Jan-1982",
      "landline": "02 4943 2130",
      "lastseen": "30-Jun-2023",
      "file_name": "Page 28.pdf"
    },
    {
      "full_name": "Darren Fletcher",
      "mobile": "0499 688 068",
      "address": "11 Tremont Avenue\nADAMSTOWN HEIGHTS\nNSW 2289",
      "dateofbirth": "17-Oct-1965",
      "landline": "03 6268 0462",
      "lastseen": "30-Jun-2023",
      "file_name": "Page 28.pdf"
    },
    {
      "full_name": "Jenny Condon",
      "mobile": "0417 260 472",
      "address": "2A Ellerslie Road\nADAMSTOWN HEIGHTS\nNSW 2289",
      "dateofbirth": "20-Jul-1959",
      "landline": "02 4942 2577",
      "lastseen": "30-Jun-2023",
      "file_name": "Page 28.pdf"
    },
    {
      "full_name": "Jeffrey Condon",
      "mobile": "0403 504 348",
      "address": "2A Ellerslie Road ADAMSTOWN HEIGHTS\nNSW 2289",
      "dateofbirth": "04-Sept-1955",
      "landline": "02 4942 5127",
      "lastseen": "30-Jun-2023",
      "file_name": "Page 28.pdf"
    },
    {
      "full_name": "Geoff Murdoch",
      "address": "45 Kinross Avenue\nADAMSTOWN HEIGHTS\nNSW 2289",
      "dateofbirth": "16-Mar-1965",
      "landline": "02 4943 2708",
      "lastseen": "30-Jun-2023",
      "file_name": "Page 28.pdf"
    },
    {
      "full_name": "Mark Vallone",
      "address": "55 Merinda Close\nADAMSTOWN HEIGHTS\nNSW 2289",
      "dateofbirth": "15-Mar-1961",
      "landline": "02 4952 1437",
      "lastseen": "30-Jun-2023",
      "file_name": "Page 28.pdf"
    },
    {
      "full_name": "Belinda Moore",
      "address": "43 Ashbury Street\nADAMSTOWN HEIGHTS\nNSW 2289",
      "dateofbirth": "18-Jan-1972",
      "landline": "02 4943 2296",
      "lastseen": "30-Jun-2023",
      "file_name": "Page 28.pdf"
    },
    {
      "full_name": "Alan Peter Baker",
      "address": "103 Carolyn Street\nADAMSTOWN HEIGHTS\nNSW 2289",
      "dateofbirth": "15-Jul-1942",
      "landline": "02 4953 9583",
      "lastseen": "30-Jun-2023",
      "file_name": "Page 28.pdf"
    },
    {
      "full_name": "Dale McCallum",
      "address": "29 Ashbury Street\nADAMSTOWN HEIGHTS\nNSW 2289",
      "dateofbirth": "05-Nov-1938",
      "landline": "02 4023 0598",
      "lastseen": "30-Jun-2023",
      "file_name": "Page 28.pdf"
    },
    {
      "full_name": "Ludmilla Ireland",
      "address": "20 Corriston Crescent\nADAMSTOWN HEIGHTS\nNSW 2289",
      "dateofbirth": "05-Sept-1942",
      "landline": "02 4952 4447",
      "lastseen": "30-Jun-2023",
      "file_name": "Page 28.pdf"
    },
    {
      "full_name": "... Robert Steven Mitrevski",
      "address": "22 Elton Close\nADAMSTOWN HEIGHTS\nNSW 2289",
      "dateofbirth": "19-Nov-1971",
      "landline": "02 4009 1000",
      "lastseen": "30-Jun-2023",
      "file_name": "Page 28.pdf"
    },
    {
      "full_name": "Lee-Anne Judith Tollard",
      "address": "27 Ellerslie Road\nADAMSTOWN HEIGHTS\nNSW 2289",
      "dateofbirth": "15-Sept-1966",
      "landline": "02 4942 3639",
      "lastseen": "30-Jun-2023",
      "file_name": "Page 28.pdf"
    },
    {
      "full_name": "George Temelkovski",
      "address": "8 Caroona Close\nADAMSTOWN HEIGHTS\nNSW 2289",
      "dateofbirth": "14-Apr-1967",
      "landline": "03 6432 3206",
      "lastseen": "30-Jun-2023",
      "file_name": "Page 28.pdf"
    },
    {
      "full_name": "Yvonne Dawn Pink",
      "address": "7 Claremont Avenue\nADAMSTOWN HEIGHTS\nNSW 2289",
      "dateofbirth": "28-Dec-1938",
      "landline": "03 9585 8174",
      "lastseen": "30-Jun-2023",
      "file_name": "Page 28.pdf"
    },
    {
      "full_name": "Margaret Rose Sinclair",
      "address": "15 Rachael Avenue\nADAMSTOWN HEIGHTS\nNSW 2289",
      "dateofbirth": "17-Jan-1937",
      "landline": "03 6382 1968",
      "lastseen": "30-Jun-2023",
      "file_name": "Page 28.pdf"
    },
    {
      "full_name": "P Princehorn",
      "address": "8 Lansbury Close\nADAMSTOWN HEIGHTS\nNSW 2289",
      "dateofbirth": "26-Jul-1944",
      "landline": "02 9417 0202",
      "lastseen": "30-Jun-2023",
      "file_name": "Page 28.pdf"
    },
    {
      "full_name": "Maria Tynan",
      "address": "17 Boronia Avenue\nADAMSTOWN HEIGHTS\nNSW 2289",
      "dateofbirth": "23-Nov-1954",
      "landline": "02 4943 4249",
      "lastseen": "30-Jun-2023",
      "file_name": "Page 28.pdf"
    },
    {
      "full_name": "Susan Jean Sinclair",
      "address": "29 Fernleigh Loop\nADAMSTOWN HEIGHTS\nNSW 2289",
      "dateofbirth": "30-Apr-1951",
      "landline": "02 4957 4484",
      "lastseen": "30-Jun-2023",
      "file_name": "Page 28.pdf"
    },
    {
      "full_name": "Scott William Farley",
      "address": "45 Merinda Close\nADAMSTOWN HEIGHTS\nNSW 2289",
      "dateofbirth": "07-Jan-1972",
      "landline": "02 4957 7470",
      "lastseen": "30-Jun-2023",
      "file_name": "Page 28.pdf"
    },
    {
      "full_name": "Nicholas Bates",
      "address": "2 Randall Parade\nADAMSTOWN HEIGHTS\nNSW 2289",
      "dateofbirth": "25-Mar-1985",
      "landline": "02 4943 0739",
      "lastseen": "30-Jun-2023",
      "file_name": "Page 28.pdf"
    },
    {
      "full_name": "Kevin McNamara",
      "address": "452 Brunker Road\nADAMSTOWN HEIGHTS\nNSW 2289",
      "dateofbirth": "08-May-1941",
      "landline": "02 4942 4572",
      "lastseen": "30-Jun-2023",
      "file_name": "Page 28.pdf"
    },
    {
      "full_name": "Zoe Parsons",
      "address": "8 Clinton Avenue ADAMSTOWN HEIGHTS\nNSW 2289",
      "dateofbirth": "12-Apr-1984",
      "landline": "07 4099 3893",
      "lastseen": "30-Jun-2023",
      "file_name": "Page 28.pdf"
    },
    {
      "full_name": "Steven Rowse",
      "address": "28A Sheridan Avenue ADAMSTOWN HEIGHTS\nNSW 2289",
      "dateofbirth": "23-Nov-1955",
      "landline": "02 4943 9078",
      "lastseen": "30-Jun-2023",
      "file_name": "Page 28.pdf"
    },
    {
      "full_name": "Carla Keegan-",
      "address": "34 Clinton Avenue ADAMSTOWN HEIGHTS\nNSW 2289",
      "dateofbirth": "29-Mar-1959",
      "landline": "03 9878 8490",
      "lastseen": "30-Jun-2023",
      "file_name": "Page 28.pdf"
    },
    {
      "full_name": "Jarrod Wynn",
      "address": "2 Kara Street\nADAMSTOWN HEIGHTS\nNSW 2289",
      "dateofbirth": "18-Jan-1982",
      "landline": "02 4943 2732",
      "lastseen": "30-Jun-2023",
      "file_name": "Page 28.pdf"
    },
    {
      "full_name": "GE Keegan",
      "address": "34 Clinton Avenue\nADAMSTOWN HEIGHTS\nNSW 2289",
      "dateofbirth": "11-Mar-1959",
      "landline": "02 4957 1738",
      "lastseen": "30-Jun-2023",
      "file_name": "Page 28.pdf"
    },
    {
      "full_name": "Sarah Granger",
      "address": "6 Lolita Close\nADAMSTOWN HEIGHTS\nNSW 2289",
      "dateofbirth": "05-Sept-1979",
      "landline": "02 4947 8841",
      "lastseen": "30-Jun-2023",
      "file_name": "Page 28.pdf"
    },
    {
      "full_name": "Lynn Birchill",
      "address": "6 Hillcrest Parade\nADAMSTOWN HEIGHTS\nNSW 2289",
      "dateofbirth": "16-Oct-1964",
      "landline": "02 4957 3787",
      "lastseen": "30-Jun-2023",
      "file_name": "Page 28.pdf"
    },
    {
      "full_name": "Mathew Sharman",
      "address": "43 Boronia Avenue\nADAMSTOWN HEIGHTS\nNSW 2289",
      "dateofbirth": "26-Sept-1969",
      "landline": "02 6496 1490",
      "lastseen": "30-Jun-2023",
      "file_name": "Page 28.pdf"
    },
    {
      "full_name": "Michael Stuart Read",
      "address": "430 Brunker Road\nADAMSTOWN HEIGHTS\nNSW 2289",
      "dateofbirth": "24-Oct-1946",
      "landline": "02 4957 6636",
      "lastseen": "30-Jun-2023",
      "file_name": "Page 28.pdf"
    },
    {
      "full_name": "Janice Norman",
      "address": "12 Madera Close\nADAMSTOWN HEIGHTS\nNSW 2289",
      "dateofbirth": "24-Oct-1952",
      "landline": "02 4942 5221",
      "lastseen": "30-Jun-2023",
      "file_name": "Page 28.pdf"
    },
    {
      "full_name": "John Knezevic",
      "address": "50 Lexington Parade\nADAMSTOWN HEIGHTS\nNSW 2289",
      "dateofbirth": "02-Feb-1970",
      "lastseen": "30-Jun-2023",
      "file_name": "Page 28.pdf"
    },
    {
      "full_name": "Kim Brent",
      "address": "10 Stayton Street\nADAMSTOWN HEIGHTS\nNSW 2289",
      "dateofbirth": "20-Dec-1981",
      "lastseen": "30-Jun-2023",
      "file_name": "Page 28.pdf"
    },
    {
      "full_name": "y ... Dominic George Shamle",
      "address": "20 Merinda Close\nADAMSTOWN HEIGHTS\nNSW 2289",
      "dateofbirth": "06-May-1982",
      "lastseen": "30-Jun-2023",
      "file_name": "Page 28.pdf"
    },
    {
      "full_name": "Aemon Rhys Beech",
      "address": "158 Northcott Drive\nADAMSTOWN HEIGHTS\nNSW 2289",
      "dateofbirth": "31-Mar-1985",
      "lastseen": "30-Jun-2023",
      "file_name": "Page 28.pdf"
    },
    {
      "full_name": "Glen Parker",
      "address": "40 Faul Street\nADAMSTOWN HEIGHTS\nNSW 2289",
      "dateofbirth": "25-Jul-1966",
      "lastseen": "30-Jun-2023",
      "file_name": "Page 28.pdf"
    },
    {
      "full_name": "Janina Maszluck",
      "address": "26A Faul Street\nADAMSTOWN HEIGHTS\nNSW 2289",
      "dateofbirth": "08-Feb-1946",
      "lastseen": "30-Jun-2023",
      "file_name": "Page 28.pdf"
    },
    {
      "full_name": "Brad Johns",
      "address": "406 Brunker Road ADAMSTOWN HEIGHTS NSW 2289",
      "dateofbirth": "31-May-1968",
      "lastseen": "30-Jun-2023",
      "file_name": "Page 28.pdf"
    },
    {
      "full_name": "C Horton",
      "address": "11 Ellerslie Road ADAMSTOWN HEIGHTS NSW 2289",
      "dateofbirth": "22-Mar-1975",
      "lastseen": "30-Jun-2023",
      "file_name": "Page 28.pdf"
    },
    {
      "full_name": "Maureen Pippen",
      "address": "17 Lucas Crescent ADAMSTOWN HEIGHTS NSW 2289",
      "dateofbirth": "22-Oct-1937",
      "lastseen": "30-Jun-2023",
      "file_name": "Page 28.pdf"
    },
    {
      "full_name": "Jennifer Richards",
      "address": "30 Claremont Avenue ADAMSTOWN HEIGHTS NSW 2289",
      "dateofbirth": "24-Apr-1957",
      "lastseen": "30-Jun-2023",
      "file_name": "Page 28.pdf"
    },
    {
      "full_name": "Ronn Wood",
      "address": "9 Corriston Crescent ADAMSTOWN HEIGHTS NSW 2289",
      "dateofbirth": "08-Mar-1956",
      "lastseen": "30-Jun-2023",
      "file_name": "Page 28.pdf"
    },
    {
      "full_name": "Alexandra Mulconry",
      "address": "9 Randall Parade ADAMSTOWN HEIGHTS NSW 2289",
      "dateofbirth": "04-Sept-1960",
      "lastseen": "30-Jun-2023",
      "file_name": "Page 28.pdf"
    },
    {
      "full_name": "Chris Lonergan",
      "address": "29 Clinton Avenue ADAMSTOWN HEIGHTS NSW 2289",
      "dateofbirth": "01-May-1988",
      "lastseen": "30-Jun-2023",
      "file_name": "Page 28.pdf"
    },
    {
      "full_name": "L Bergqvist",
      "address": "46 Kinross Avenue ADAMSTOWN HEIGHTS NSW 2289",
      "dateofbirth": "09-Apr-1972",
      "lastseen": "30-Jun-2023",
      "file_name": "Page 28.pdf"
    },
    {
      "full_name": "David Westbury",
      "address": "14 Astor Street ADAMSTOWN HEIGHTS NSW 2289",
      "dateofbirth": "26-Apr-1972",
      "lastseen": "30-Jun-2023",
      "file_name": "Page 28.pdf"
    },
    {
      "full_name": "Trudi Carr",
      "address": "16 Rosemont Street ADAMSTOWN HEIGHTS NSW 2289",
      "dateofbirth": "12-Jan-1979",
      "lastseen": "30-Jun-2023",
      "file_name": "Page 28.pdf"
    },
    {
      "full_name": "Drew Hamilton",
      "address": "28A Montrose Avenue ADAMSTOWN HEIGHTS",
      "dateofbirth": "09-Oct-1980",
      "lastseen": "30-Jun-2023",
      "file_name": "Page 28.pdf"
    }
  ],
  "document_ai_entities": [
    {
      "type": "address",
      "value": "21 Rachael Avenue\nADAMSTOWN HEIGHTS\nNSW 2289",
      "file_name": "Page 28.pdf"
    },
    {
      "type": "address",
      "value": "21 Rachael Avenue\nADAMSTOWN HEIGHTS\nNSW 2289",
      "file_name": "Page 28.pdf"
    },
    {
      "type": "address",
      "value": "27 Elton Close\nADAMSTOWN HEIGHTS\nNSW 2289",
      "file_name": "Page 28.pdf"
    },
    {
      "type": "address",
      "value": "10 Ragan Close\nADAMSTOWN HEIGHTS\nNSW 2289",
      "file_name": "Page 28.pdf"
    },
    {
      "type": "address",
      "value": "23 Stayton Street\nADAMSTOWN HEIGHTS\nNSW 2289",
      "file_name": "Page 28.pdf"
    },
    {
      "type": "address",
      "value": "8 Mears Street\nADAMSTOWN HEIGHTS\nNSW 2289",
      "file_name": "Page 28.pdf"
    },
    {
      "type": "address",
      "value": "51 Sheridan Avenue\nADAMSTOWN HEIGHTS\nNSW 2289",
      "file_name": "Page 28.pdf"
    },
    {
      "type": "address",
      "value": "13 Dalvern Close\nADAMSTOWN HEIGHTS\nNSW 2289",
      "file_name": "Page 28.pdf"
    },
    {
      "type": "address",
      "value": "97 Carolyn Street\nADAMSTOWN HEIGHTS\nNSW 2289",
      "file_name": "Page 28.pdf"
    },
    {
      "type": "address",
      "value": "103 Lexington Parade\nADAMSTOWN HEIGHTS\nNSW 2289",
      "file_name": "Page 28.pdf"
    },
    {
      "type": "address",
      "value": "22 Elton Close\nADAMSTOWN HEIGHTS\nNSW 2289",
      "file_name": "Page 28.pdf"
    },
    {
      "type": "address",
      "value": "27 Ellerslie Road\nADAMSTOWN HEIGHTS\nNSW 2289",
      "file_name": "Page 28.pdf"
    },
    {
      "type": "address",
      "value": "85 Madison Drive\nADAMSTOWN HEIGHTS\nNSW 2289",
      "file_name": "Page 28.pdf"
    },
    {
      "type": "address",
      "value": "33 Fernleigh Loop\nADAMSTOWN HEIGHTS\nNSW 2289",
      "file_name": "Page 28.pdf"
    },
    {
      "type": "address",
      "value": "153 Northcott Drive\nADAMSTOWN HEIGHTS\nNSW 2289",
      "file_name": "Page 28.pdf"
    },
    {
      "type": "address",
      "value": "27 Ellerslie Road\nADAMSTOWN HEIGHTS\nNSW 2289",
      "file_name": "Page 28.pdf"
    },
    {
      "type": "address",
      "value": "24 Lucas Crescent\nADAMSTOWN HEIGHTS\nNSW 2289",
      "file_name": "Page 28.pdf"
    },
    {
      "type": "address",
      "value": "8 Carolyn Street\nADAMSTOWN HEIGHTS\nNSW 2289",
      "file_name": "Page 28.pdf"
    },
    {
      "type": "address",
      "value": "6 Marconi Close\nADAMSTOWN HEIGHTS\nNSW 2289",
      "file_name": "Page 28.pdf"
    },
    {
      "type": "address",
      "value": "157 Princeton Avenue\nADAMSTOWN HEIGHTS\nNSW 2289",
      "file_name": "Page 28.pdf"
    },
    {
      "type": "address",
      "value": "25 Wade Street\nADAMSTOWN HEIGHTS\nNSW 2289",
      "file_name": "Page 28.pdf"
    },
    {
      "type": "address",
      "value": "5 Kempwood Close\nADAMSTOWN HEIGHTS\nNSW 2289",
      "file_name": "Page 28.pdf"
    },
    {
      "type": "address",
      "value": "13 Carolyn Street\nADAMSTOWN HEIGHTS\nNSW 2289",
      "file_name": "Page 28.pdf"
    },
    {
      "type": "address",
      "value": "9 Madison Drive ADAMSTOWN HEIGHTS\nNSW 2289",
      "file_name": "Page 28.pdf"
    },
    {
      "type": "address",
      "value": "32 Ashbury Street\nADAMSTOWN HEIGHTS\nNSW 2289",
      "file_name": "Page 28.pdf"
    },
    {
      "type": "address",
      "value": "32 Ashbury Street\nADAMSTOWN HEIGHTS\nNSW 2289",
      "file_name": "Page 28.pdf"
    },
    {
      "type": "address",
      "value": "10 Northwood Street\nADAMSTOWN HEIGHTS\nNSW 2289",
      "file_name": "Page 28.pdf"
    },
    {
      "type": "address",
      "value": "27 Elton Close\nADAMSTOWN HEIGHTS\nNSW 2289",
      "file_name": "Page 28.pdf"
    },
    {
      "type": "address",
      "value": "14 Toohey Crescent\nADAMSTOWN HEIGHTS\nNSW 2289",
      "file_name": "Page 28.pdf"
    },
    {
      "type": "address",
      "value": "22 Elton Close ADAMSTOWN HEIGHTS\nNSW 2289",
      "file_name": "Page 28.pdf"
    },
    {
      "type": "address",
      "value": "38 Merinda Close\nADAMSTOWN HEIGHTS\nNSW 2289",
      "file_name": "Page 28.pdf"
    },
    {
      "type": "address",
      "value": "8 Kinross Avenue\nADAMSTOWN HEIGHTS\nNSW 2289",
      "file_name": "Page 28.pdf"
    },
    {
      "type": "address",
      "value": "66 Princeton Avenue\nADAMSTOWN HEIGHTS\nNSW 2289",
      "file_name": "Page 28.pdf"
    },
    {
      "type": "address",
      "value": "2 Kara Street\nADAMSTOWN HEIGHTS\nNSW 2289",
      "file_name": "Page 28.pdf"
    },
    {
      "type": "address",
      "value": "11 Tremont Avenue\nADAMSTOWN HEIGHTS\nNSW 2289",
      "file_name": "Page 28.pdf"
    },
    {
      "type": "address",
      "value": "2A Ellerslie Road\nADAMSTOWN HEIGHTS\nNSW 2289",
      "file_name": "Page 28.pdf"
    },
    {
      "type": "address",
      "value": "2A Ellerslie Road ADAMSTOWN HEIGHTS\nNSW 2289",
      "file_name": "Page 28.pdf"
    },
    {
      "type": "address",
      "value": "45 Kinross Avenue\nADAMSTOWN HEIGHTS\nNSW 2289",
      "file_name": "Page 28.pdf"
    },
    {
      "type": "address",
      "value": "55 Merinda Close\nADAMSTOWN HEIGHTS\nNSW 2289",
      "file_name": "Page 28.pdf"
    },
    {
      "type": "address",
      "value": "43 Ashbury Street\nADAMSTOWN HEIGHTS\nNSW 2289",
      "file_name": "Page 28.pdf"
    },
    {
      "type": "address",
      "value": "103 Carolyn Street\nADAMSTOWN HEIGHTS\nNSW 2289",
      "file_name": "Page 28.pdf"
    },
    {
      "type": "address",
      "value": "29 Ashbury Street\nADAMSTOWN HEIGHTS\nNSW 2289",
      "file_name": "Page 28.pdf"
    },
    {
      "type": "address",
      "value": "20 Corriston Crescent\nADAMSTOWN HEIGHTS\nNSW 2289",
      "file_name": "Page 28.pdf"
    },
    {
      "type": "address",
      "value": "22 Elton Close\nADAMSTOWN HEIGHTS\nNSW 2289",
      "file_name": "Page 28.pdf"
    },
    {
      "type": "address",
      "value": "27 Ellerslie Road\nADAMSTOWN HEIGHTS\nNSW 2289",
      "file_name": "Page 28.pdf"
    },
    {
      "type": "address",
      "value": "8 Caroona Close\nADAMSTOWN HEIGHTS\nNSW 2289",
      "file_name": "Page 28.pdf"
    },
    {
      "type": "address",
      "value": "7 Claremont Avenue\nADAMSTOWN HEIGHTS\nNSW 2289",
      "file_name": "Page 28.pdf"
    },
    {
      "type": "address",
      "value": "15 Rachael Avenue\nADAMSTOWN HEIGHTS\nNSW 2289",
      "file_name": "Page 28.pdf"
    },
    {
      "type": "address",
      "value": "8 Lansbury Close\nADAMSTOWN HEIGHTS\nNSW 2289",
      "file_name": "Page 28.pdf"
    },
    {
      "type": "address",
      "value": "17 Boronia Avenue\nADAMSTOWN HEIGHTS\nNSW 2289",
      "file_name": "Page 28.pdf"
    },
    {
      "type": "address",
      "value": "29 Fernleigh Loop\nADAMSTOWN HEIGHTS\nNSW 2289",
      "file_name": "Page 28.pdf"
    },
    {
      "type": "address",
      "value": "45 Merinda Close\nADAMSTOWN HEIGHTS\nNSW 2289",
      "file_name": "Page 28.pdf"
    },
    {
      "type": "address",
      "value": "2 Randall Parade\nADAMSTOWN HEIGHTS\nNSW 2289",
      "file_name": "Page 28.pdf"
    },
    {
      "type": "address",
      "value": "452 Brunker Road\nADAMSTOWN HEIGHTS\nNSW 2289",
      "file_name": "Page 28.pdf"
    },
    {
      "type": "address",
      "value": "8 Clinton Avenue ADAMSTOWN HEIGHTS\nNSW 2289",
      "file_name": "Page 28.pdf"
    },
    {
      "type": "address",
      "value": "28A Sheridan Avenue ADAMSTOWN HEIGHTS\nNSW 2289",
      "file_name": "Page 28.pdf"
    },
    {
      "type": "address",
      "value": "34 Clinton Avenue ADAMSTOWN HEIGHTS\nNSW 2289",
      "file_name": "Page 28.pdf"
    },
    {
      "type": "address",
      "value": "2 Kara Street\nADAMSTOWN HEIGHTS\nNSW 2289",
      "file_name": "Page 28.pdf"
    },
    {
      "type": "address",
      "value": "34 Clinton Avenue\nADAMSTOWN HEIGHTS\nNSW 2289",
      "file_name": "Page 28.pdf"
    },
    {
      "type": "address",
      "value": "6 Lolita Close\nADAMSTOWN HEIGHTS\nNSW 2289",
      "file_name": "Page 28.pdf"
    },
    {
      "type": "address",
      "value": "6 Hillcrest Parade\nADAMSTOWN HEIGHTS\nNSW 2289",
      "file_name": "Page 28.pdf"
    },
    {
      "type": "address",
      "value": "43 Boronia Avenue\nADAMSTOWN HEIGHTS\nNSW 2289",
      "file_name": "Page 28.pdf"
    },
    {
      "type": "address",
      "value": "430 Brunker Road\nADAMSTOWN HEIGHTS\nNSW 2289",
      "file_name": "Page 28.pdf"
    },
    {
      "type": "address",
      "value": "12 Madera Close\nADAMSTOWN HEIGHTS\nNSW 2289",
      "file_name": "Page 28.pdf"
    },
    {
      "type": "address",
      "value": "50 Lexington Parade\nADAMSTOWN HEIGHTS\nNSW 2289",
      "file_name": "Page 28.pdf"
    },
    {
      "type": "address",
      "value": "10 Stayton Street\nADAMSTOWN HEIGHTS\nNSW 2289",
      "file_name": "Page 28.pdf"
    },
    {
      "type": "address",
      "value": "20 Merinda Close\nADAMSTOWN HEIGHTS\nNSW 2289",
      "file_name": "Page 28.pdf"
    },
    {
      "type": "address",
      "value": "158 Northcott Drive\nADAMSTOWN HEIGHTS\nNSW 2289",
      "file_name": "Page 28.pdf"
    },
    {
      "type": "address",
      "value": "40 Faul Street\nADAMSTOWN HEIGHTS\nNSW 2289",
      "file_name": "Page 28.pdf"
    },
    {
      "type": "address",
      "value": "26A Faul Street\nADAMSTOWN HEIGHTS\nNSW 2289",
      "file_name": "Page 28.pdf"
    },
    {
      "type": "address",
      "value": "406 Brunker Road ADAMSTOWN HEIGHTS NSW 2289",
      "file_name": "Page 28.pdf"
    },
    {
      "type": "address",
      "value": "11 Ellerslie Road ADAMSTOWN HEIGHTS NSW 2289",
      "file_name": "Page 28.pdf"
    },
    {
      "type": "address",
      "value": "17 Lucas Crescent ADAMSTOWN HEIGHTS NSW 2289",
      "file_name": "Page 28.pdf"
    },
    {
      "type": "address",
      "value": "30 Claremont Avenue ADAMSTOWN HEIGHTS NSW 2289",
      "file_name": "Page 28.pdf"
    },
    {
      "type": "address",
      "value": "9 Corriston Crescent ADAMSTOWN HEIGHTS NSW 2289",
      "file_name": "Page 28.pdf"
    },
    {
      "type": "address",
      "value": "9 Randall Parade ADAMSTOWN HEIGHTS NSW 2289",
      "file_name": "Page 28.pdf"
    },
    {
      "type": "address",
      "value": "29 Clinton Avenue ADAMSTOWN HEIGHTS NSW 2289",
      "file_name": "Page 28.pdf"
    },
    {
      "type": "address",
      "value": "46 Kinross Avenue ADAMSTOWN HEIGHTS NSW 2289",
      "file_name": "Page 28.pdf"
    },
    {
      "type": "address",
      "value": "14 Astor Street ADAMSTOWN HEIGHTS NSW 2289",
      "file_name": "Page 28.pdf"
    },
    {
      "type": "address",
      "value": "16 Rosemont Street ADAMSTOWN HEIGHTS NSW 2289",
      "file_name": "Page 28.pdf"
    },
    {
      "type": "address",
      "value": "28A Montrose Avenue ADAMSTOWN HEIGHTS",
      "file_name": "Page 28.pdf"
    },
    {
      "type": "dateofbirth",
      "value": "03-Sept-1962",
      "file_name": "Page 28.pdf"
    },
    {
      "type": "dateofbirth",
      "value": "03-Sept-1962",
      "file_name": "Page 28.pdf"
    },
    {
      "type": "dateofbirth",
      "value": "20-Sept-1962",
      "file_name": "Page 28.pdf"
    },
    {
      "type": "dateofbirth",
      "value": "22-Feb-1976",
      "file_name": "Page 28.pdf"
    },
    {
      "type": "dateofbirth",
      "value": "09-Apr-1965",
      "file_name": "Page 28.pdf"
    },
    {
      "type": "dateofbirth",
      "value": "04-Jul-1948",
      "file_name": "Page 28.pdf"
    },
    {
      "type": "dateofbirth",
      "value": "10-Jul-1961",
      "file_name": "Page 28.pdf"
    },
    {
      "type": "dateofbirth",
      "value": "09-Sept-1936",
      "file_name": "Page 28.pdf"
    },
    {
      "type": "dateofbirth",
      "value": "01-Mar-1940",
      "file_name": "Page 28.pdf"
    },
    {
      "type": "dateofbirth",
      "value": "15-Jun-1987",
      "file_name": "Page 28.pdf"
    },
    {
      "type": "dateofbirth",
      "value": "09-Jun-1943",
      "file_name": "Page 28.pdf"
    },
    {
      "type": "dateofbirth",
      "value": "26-Oct-1965",
      "file_name": "Page 28.pdf"
    },
    {
      "type": "dateofbirth",
      "value": "28-Oct-1941",
      "file_name": "Page 28.pdf"
    },
    {
      "type": "dateofbirth",
      "value": "17-Dec-1968",
      "file_name": "Page 28.pdf"
    },
    {
      "type": "dateofbirth",
      "value": "28-Sept-1937",
      "file_name": "Page 28.pdf"
    },
    {
      "type": "dateofbirth",
      "value": "26-Oct-1965",
      "file_name": "Page 28.pdf"
    },
    {
      "type": "dateofbirth",
      "value": "11-Aug-1953",
      "file_name": "Page 28.pdf"
    },
    {
      "type": "dateofbirth",
      "value": "22-Mar-1989",
      "file_name": "Page 28.pdf"
    },
    {
      "type": "dateofbirth",
      "value": "13-May-1951",
      "file_name": "Page 28.pdf"
    },
    {
      "type": "dateofbirth",
      "value": "13-May-1948",
      "file_name": "Page 28.pdf"
    },
    {
      "type": "dateofbirth",
      "value": "23-May-1956",
      "file_name": "Page 28.pdf"
    },
    {
      "type": "dateofbirth",
      "value": "31-Dec-1944",
      "file_name": "Page 28.pdf"
    },
    {
      "type": "dateofbirth",
      "value": "24-Feb-1936",
      "file_name": "Page 28.pdf"
    },
    {
      "type": "dateofbirth",
      "value": "05-Apr-1982",
      "file_name": "Page 28.pdf"
    },
    {
      "type": "dateofbirth",
      "value": "12-Apr-1944",
      "file_name": "Page 28.pdf"
    },
    {
      "type": "dateofbirth",
      "value": "25-Oct-1940",
      "file_name": "Page 28.pdf"
    },
    {
      "type": "dateofbirth",
      "value": "22-May-1959",
      "file_name": "Page 28.pdf"
    },
    {
      "type": "dateofbirth",
      "value": "30-Oct-1961",
      "file_name": "Page 28.pdf"
    },
    {
      "type": "dateofbirth",
      "value": "18-Nov-1938",
      "file_name": "Page 28.pdf"
    },
    {
      "type": "dateofbirth",
      "value": "16-Apr-1938",
      "file_name": "Page 28.pdf"
    },
    {
      "type": "dateofbirth",
      "value": "04-Jul-1980",
      "file_name": "Page 28.pdf"
    },
    {
      "type": "dateofbirth",
      "value": "03-Nov-1942",
      "file_name": "Page 28.pdf"
    },
    {
      "type": "dateofbirth",
      "value": "24-Apr-1950",
      "file_name": "Page 28.pdf"
    },
    {
      "type": "dateofbirth",
      "value": "18-Jan-1982",
      "file_name": "Page 28.pdf"
    },
    {
      "type": "dateofbirth",
      "value": "17-Oct-1965",
      "file_name": "Page 28.pdf"
    },
    {
      "type": "dateofbirth",
      "value": "20-Jul-1959",
      "file_name": "Page 28.pdf"
    },
    {
      "type": "dateofbirth",
      "value": "04-Sept-1955",
      "file_name": "Page 28.pdf"
    },
    {
      "type": "dateofbirth",
      "value": "16-Mar-1965",
      "file_name": "Page 28.pdf"
    },
    {
      "type": "dateofbirth",
      "value": "15-Mar-1961",
      "file_name": "Page 28.pdf"
    },
    {
      "type": "dateofbirth",
      "value": "18-Jan-1972",
      "file_name": "Page 28.pdf"
    },
    {
      "type": "dateofbirth",
      "value": "15-Jul-1942",
      "file_name": "Page 28.pdf"
    },
    {
      "type": "dateofbirth",
      "value": "05-Nov-1938",
      "file_name": "Page 28.pdf"
    },
    {
      "type": "dateofbirth",
      "value": "05-Sept-1942",
      "file_name": "Page 28.pdf"
    },
    {
      "type": "dateofbirth",
      "value": "19-Nov-1971",
      "file_name": "Page 28.pdf"
    },
    {
      "type": "dateofbirth",
      "value": "15-Sept-1966",
      "file_name": "Page 28.pdf"
    },
    {
      "type": "dateofbirth",
      "value": "14-Apr-1967",
      "file_name": "Page 28.pdf"
    },
    {
      "type": "dateofbirth",
      "value": "28-Dec-1938",
      "file_name": "Page 28.pdf"
    },
    {
      "type": "dateofbirth",
      "value": "17-Jan-1937",
      "file_name": "Page 28.pdf"
    },
    {
      "type": "dateofbirth",
      "value": "26-Jul-1944",
      "file_name": "Page 28.pdf"
    },
    {
      "type": "dateofbirth",
      "value": "23-Nov-1954",
      "file_name": "Page 28.pdf"
    },
    {
      "type": "dateofbirth",
      "value": "30-Apr-1951",
      "file_name": "Page 28.pdf"
    },
    {
      "type": "dateofbirth",
      "value": "07-Jan-1972",
      "file_name": "Page 28.pdf"
    },
    {
      "type": "dateofbirth",
      "value": "25-Mar-1985",
      "file_name": "Page 28.pdf"
    },
    {
      "type": "dateofbirth",
      "value": "08-May-1941",
      "file_name": "Page 28.pdf"
    },
    {
      "type": "dateofbirth",
      "value": "12-Apr-1984",
      "file_name": "Page 28.pdf"
    },
    {
      "type": "dateofbirth",
      "value": "23-Nov-1955",
      "file_name": "Page 28.pdf"
    },
    {
      "type": "dateofbirth",
      "value": "29-Mar-1959",
      "file_name": "Page 28.pdf"
    },
    {
      "type": "dateofbirth",
      "value": "18-Jan-1982",
      "file_name": "Page 28.pdf"
    },
    {
      "type": "dateofbirth",
      "value": "11-Mar-1959",
      "file_name": "Page 28.pdf"
    },
    {
      "type": "dateofbirth",
      "value": "05-Sept-1979",
      "file_name": "Page 28.pdf"
    },
    {
      "type": "dateofbirth",
      "value": "16-Oct-1964",
      "file_name": "Page 28.pdf"
    },
    {
      "type": "dateofbirth",
      "value": "26-Sept-1969",
      "file_name": "Page 28.pdf"
    },
    {
      "type": "dateofbirth",
      "value": "24-Oct-1946",
      "file_name": "Page 28.pdf"
    },
    {
      "type": "dateofbirth",
      "value": "24-Oct-1952",
      "file_name": "Page 28.pdf"
    },
    {
      "type": "dateofbirth",
      "value": "02-Feb-1970",
      "file_name": "Page 28.pdf"
    },
    {
      "type": "dateofbirth",
      "value": "20-Dec-1981",
      "file_name": "Page 28.pdf"
    },
    {
      "type": "dateofbirth",
      "value": "06-May-1982",
      "file_name": "Page 28.pdf"
    },
    {
      "type": "dateofbirth",
      "value": "31-Mar-1985",
      "file_name": "Page 28.pdf"
    },
    {
      "type": "dateofbirth",
      "value": "25-Jul-1966",
      "file_name": "Page 28.pdf"
    },
    {
      "type": "dateofbirth",
      "value": "08-Feb-1946",
      "file_name": "Page 28.pdf"
    },
    {
      "type": "dateofbirth",
      "value": "31-May-1968",
      "file_name": "Page 28.pdf"
    },
    {
      "type": "dateofbirth",
      "value": "22-Mar-1975",
      "file_name": "Page 28.pdf"
    },
    {
      "type": "dateofbirth",
      "value": "22-Oct-1937",
      "file_name": "Page 28.pdf"
    },
    {
      "type": "dateofbirth",
      "value": "24-Apr-1957",
      "file_name": "Page 28.pdf"
    },
    {
      "type": "dateofbirth",
      "value": "08-Mar-1956",
      "file_name": "Page 28.pdf"
    },
    {
      "type": "dateofbirth",
      "value": "04-Sept-1960",
      "file_name": "Page 28.pdf"
    },
    {
      "type": "dateofbirth",
      "value": "01-May-1988",
      "file_name": "Page 28.pdf"
    },
    {
      "type": "dateofbirth",
      "value": "09-Apr-1972",
      "file_name": "Page 28.pdf"
    },
    {
      "type": "dateofbirth",
      "value": "26-Apr-1972",
      "file_name": "Page 28.pdf"
    },
    {
      "type": "dateofbirth",
      "value": "12-Jan-1979",
      "file_name": "Page 28.pdf"
    },
    {
      "type": "dateofbirth",
      "value": "09-Oct-1980",
      "file_name": "Page 28.pdf"
    },
    {
      "type": "mobile",
      "value": "0438 801 907",
      "file_name": "Page 28.pdf"
    },
    {
      "type": "mobile",
      "value": "0412 731 112",
      "file_name": "Page 28.pdf"
    },
    {
      "type": "mobile",
      "value": "0429 460 081",
      "file_name": "Page 28.pdf"
    },
    {
      "type": "mobile",
      "value": "0408 684 842",
      "file_name": "Page 28.pdf"
    },
    {
      "type": "mobile",
      "value": "0414 983 912",
      "file_name": "Page 28.pdf"
    },
    {
      "type": "mobile",
      "value": "0425 376 397",
      "file_name": "Page 28.pdf"
    },
    {
      "type": "mobile",
      "value": "0414 983 912",
      "file_name": "Page 28.pdf"
    },
    {
      "type": "mobile",
      "value": "0438 443 983",
      "file_name": "Page 28.pdf"
    },
    {
      "type": "mobile",
      "value": "0411 282 798",
      "file_name": "Page 28.pdf"
    },
    {
      "type": "mobile",
      "value": "0412 912 605",
      "file_name": "Page 28.pdf"
    },
    {
      "type": "mobile",
      "value": "0412 756 315",
      "file_name": "Page 28.pdf"
    },
    {
      "type": "mobile",
      "value": "0404 465 337",
      "file_name": "Page 28.pdf"
    },
    {
      "type": "mobile",
      "value": "0404 075 090",
      "file_name": "Page 28.pdf"
    },
    {
      "type": "mobile",
      "value": "0429 902 200",
      "file_name": "Page 28.pdf"
    },
    {
      "type": "mobile",
      "value": "0425 256 374",
      "file_name": "Page 28.pdf"
    },
    {
      "type": "mobile",
      "value": "0416 673 723",
      "file_name": "Page 28.pdf"
    },
    {
      "type": "mobile",
      "value": "0427 302 679",
      "file_name": "Page 28.pdf"
    },
    {
      "type": "mobile",
      "value": "0497 530 993",
      "file_name": "Page 28.pdf"
    },
    {
      "type": "mobile",
      "value": "0400 197 159",
      "file_name": "Page 28.pdf"
    },
    {
      "type": "mobile",
      "value": "0431 027 315",
      "file_name": "Page 28.pdf"
    },
    {
      "type": "mobile",
      "value": "0412 432 296",
      "file_name": "Page 28.pdf"
    },
    {
      "type": "mobile",
      "value": "0403 041 061",
      "file_name": "Page 28.pdf"
    },
    {
      "type": "mobile",
      "value": "0402 945 953",
      "file_name": "Page 28.pdf"
    },
    {
      "type": "mobile",
      "value": "0437 133 778",
      "file_name": "Page 28.pdf"
    },
    {
      "type": "mobile",
      "value": "0435 570 044",
      "file_name": "Page 28.pdf"
    },
    {
      "type": "mobile",
      "value": "0407 566 871",
      "file_name": "Page 28.pdf"
    },
    {
      "type": "mobile",
      "value": "0402 421 883",
      "file_name": "Page 28.pdf"
    },
    {
      "type": "mobile",
      "value": "0418 282 429",
      "file_name": "Page 28.pdf"
    },
    {
      "type": "mobile",
      "value": "0450 202 480",
      "file_name": "Page 28.pdf"
    },
    {
      "type": "mobile",
      "value": "0401 787 997",
      "file_name": "Page 28.pdf"
    },
    {
      "type": "mobile",
      "value": "0422 076 268",
      "file_name": "Page 28.pdf"
    },
    {
      "type": "mobile",
      "value": "0400 796 573",
      "file_name": "Page 28.pdf"
    },
    {
      "type": "mobile",
      "value": "0409 527 429",
      "file_name": "Page 28.pdf"
    },
    {
      "type": "mobile",
      "value": "0422 854 024",
      "file_name": "Page 28.pdf"
    },
    {
      "type": "mobile",
      "value": "0499 688 068",
      "file_name": "Page 28.pdf"
    },
    {
      "type": "mobile",
      "value": "0417 260 472",
      "file_name": "Page 28.pdf"
    },
    {
      "type": "mobile",
      "value": "0403 504 348",
      "file_name": "Page 28.pdf"
    },
    {
      "type": "name",
      "value": "R Crotty",
      "file_name": "Page 28.pdf"
    },
    {
      "type": "name",
      "value": "R Crotty",
      "file_name": "Page 28.pdf"
    },
    {
      "type": "name",
      "value": "Chris Coleman",
      "file_name": "Page 28.pdf"
    },
    {
      "type": "name",
      "value": "Rochelle McGee",
      "file_name": "Page 28.pdf"
    },
    {
      "type": "name",
      "value": "Roslyn Corney",
      "file_name": "Page 28.pdf"
    },
    {
      "type": "name",
      "value": "Josie Van Der Starre",
      "file_name": "Page 28.pdf"
    },
    {
      "type": "name",
      "value": "... Michael John Murray",
      "file_name": "Page 28.pdf"
    },
    {
      "type": "name",
      "value": "R Hardy",
      "file_name": "Page 28.pdf"
    },
    {
      "type": "name",
      "value": "P Wallis",
      "file_name": "Page 28.pdf"
    },
    {
      "type": "name",
      "value": "T Dinh",
      "file_name": "Page 28.pdf"
    },
    {
      "type": "name",
      "value": "Sofija Mitrevski",
      "file_name": "Page 28.pdf"
    },
    {
      "type": "name",
      "value": "... David Christopher Tollard",
      "file_name": "Page 28.pdf"
    },
    {
      "type": "name",
      "value": "Andonis Chakos",
      "file_name": "Page 28.pdf"
    },
    {
      "type": "name",
      "value": "C A Burden",
      "file_name": "Page 28.pdf"
    },
    {
      "type": "name",
      "value": "Graham Charles Whitton",
      "file_name": "Page 28.pdf"
    },
    {
      "type": "name",
      "value": "D Tollard",
      "file_name": "Page 28.pdf"
    },
    {
      "type": "name",
      "value": "Romana Katrina Peristy",
      "file_name": "Page 28.pdf"
    },
    {
      "type": "name",
      "value": "Christopher Ho",
      "file_name": "Page 28.pdf"
    },
    {
      "type": "name",
      "value": "LS Tiernan",
      "file_name": "Page 28.pdf"
    },
    {
      "type": "name",
      "value": "Margaret Burton",
      "file_name": "Page 28.pdf"
    },
    {
      "type": "name",
      "value": "Rejeni Patel",
      "file_name": "Page 28.pdf"
    },
    {
      "type": "name",
      "value": "g Wendy Denise Armstron",
      "file_name": "Page 28.pdf"
    },
    {
      "type": "name",
      "value": "Roy Vernon Adamsơ",
      "file_name": "Page 28.pdf"
    },
    {
      "type": "name",
      "value": "Trent Green",
      "file_name": "Page 28.pdf"
    },
    {
      "type": "name",
      "value": "Laraine Ann New",
      "file_name": "Page 28.pdf"
    },
    {
      "type": "name",
      "value": "Brian Neville New",
      "file_name": "Page 28.pdf"
    },
    {
      "type": "name",
      "value": "Mark Fitzmaurice",
      "file_name": "Page 28.pdf"
    },
    {
      "type": "name",
      "value": "Susan Coleman",
      "file_name": "Page 28.pdf"
    },
    {
      "type": "name",
      "value": "Neale Parker",
      "file_name": "Page 28.pdf"
    },
    {
      "type": "name",
      "value": "Kire Mitrevski",
      "file_name": "Page 28.pdf"
    },
    {
      "type": "name",
      "value": "Megan Louise Hamilton",
      "file_name": "Page 28.pdf"
    },
    {
      "type": "name",
      "value": "Ellenor Dawn Murray",
      "file_name": "Page 28.pdf"
    },
    {
      "type": "name",
      "value": "Robyn Ayaz",
      "file_name": "Page 28.pdf"
    },
    {
      "type": "name",
      "value": "J Wynn",
      "file_name": "Page 28.pdf"
    },
    {
      "type": "name",
      "value": "Darren Fletcher",
      "file_name": "Page 28.pdf"
    },
    {
      "type": "name",
      "value": "Jenny Condon",
      "file_name": "Page 28.pdf"
    },
    {
      "type": "name",
      "value": "Jeffrey Condon",
      "file_name": "Page 28.pdf"
    },
    {
      "type": "name",
      "value": "Geoff Murdoch",
      "file_name": "Page 28.pdf"
    },
    {
      "type": "name",
      "value": "Mark Vallone",
      "file_name": "Page 28.pdf"
    },
    {
      "type": "name",
      "value": "Belinda Moore",
      "file_name": "Page 28.pdf"
    },
    {
      "type": "name",
      "value": "Alan Peter Baker",
      "file_name": "Page 28.pdf"
    },
    {
      "type": "name",
      "value": "Dale McCallum",
      "file_name": "Page 28.pdf"
    },
    {
      "type": "name",
      "value": "Ludmilla Ireland",
      "file_name": "Page 28.pdf"
    },
    {
      "type": "name",
      "value": "... Robert Steven Mitrevski",
      "file_name": "Page 28.pdf"
    },
    {
      "type": "name",
      "value": "Lee-Anne Judith Tollard",
      "file_name": "Page 28.pdf"
    },
    {
      "type": "name",
      "value": "George Temelkovski",
      "file_name": "Page 28.pdf"
    },
    {
      "type": "name",
      "value": "Yvonne Dawn Pink",
      "file_name": "Page 28.pdf"
    },
    {
      "type": "name",
      "value": "Margaret Rose Sinclair",
      "file_name": "Page 28.pdf"
    },
    {
      "type": "name",
      "value": "P Princehorn",
      "file_name": "Page 28.pdf"
    },
    {
      "type": "name",
      "value": "Maria Tynan",
      "file_name": "Page 28.pdf"
    },
    {
      "type": "name",
      "value": "Susan Jean Sinclair",
      "file_name": "Page 28.pdf"
    },
    {
      "type": "name",
      "value": "Scott William Farley",
      "file_name": "Page 28.pdf"
    },
    {
      "type": "name",
      "value": "Nicholas Bates",
      "file_name": "Page 28.pdf"
    },
    {
      "type": "name",
      "value": "Kevin McNamara",
      "file_name": "Page 28.pdf"
    },
    {
      "type": "name",
      "value": "Zoe Parsons",
      "file_name": "Page 28.pdf"
    },
    {
      "type": "name",
      "value": "Steven Rowse",
      "file_name": "Page 28.pdf"
    },
    {
      "type": "name",
      "value": "Carla Keegan-",
      "file_name": "Page 28.pdf"
    },
    {
      "type": "name",
      "value": "Jarrod Wynn",
      "file_name": "Page 28.pdf"
    },
    {
      "type": "name",
      "value": "GE Keegan",
      "file_name": "Page 28.pdf"
    },
    {
      "type": "name",
      "value": "Sarah Granger",
      "file_name": "Page 28.pdf"
    },
    {
      "type": "name",
      "value": "Lynn Birchill",
      "file_name": "Page 28.pdf"
    },
    {
      "type": "name",
      "value": "Mathew Sharman",
      "file_name": "Page 28.pdf"
    },
    {
      "type": "name",
      "value": "Michael Stuart Read",
      "file_name": "Page 28.pdf"
    },
    {
      "type": "name",
      "value": "Janice Norman",
      "file_name": "Page 28.pdf"
    },
    {
      "type": "name",
      "value": "John Knezevic",
      "file_name": "Page 28.pdf"
    },
    {
      "type": "name",
      "value": "Kim Brent",
      "file_name": "Page 28.pdf"
    },
    {
      "type": "name",
      "value": "y ... Dominic George Shamle",
      "file_name": "Page 28.pdf"
    },
    {
      "type": "name",
      "value": "Aemon Rhys Beech",
      "file_name": "Page 28.pdf"
    },
    {
      "type": "name",
      "value": "Glen Parker",
      "file_name": "Page 28.pdf"
    },
    {
      "type": "name",
      "value": "Janina Maszluck",
      "file_name": "Page 28.pdf"
    },
    {
      "type": "name",
      "value": "Brad Johns",
      "file_name": "Page 28.pdf"
    },
    {
      "type": "name",
      "value": "C Horton",
      "file_name": "Page 28.pdf"
    },
    {
      "type": "name",
      "value": "Maureen Pippen",
      "file_name": "Page 28.pdf"
    },
    {
      "type": "name",
      "value": "Jennifer Richards",
      "file_name": "Page 28.pdf"
    },
    {
      "type": "name",
      "value": "Ronn Wood",
      "file_name": "Page 28.pdf"
    },
    {
      "type": "name",
      "value": "Alexandra Mulconry",
      "file_name": "Page 28.pdf"
    },
    {
      "type": "name",
      "value": "Chris Lonergan",
      "file_name": "Page 28.pdf"
    },
    {
      "type": "name",
      "value": "L Bergqvist",
      "file_name": "Page 28.pdf"
    },
    {
      "type": "name",
      "value": "David Westbury",
      "file_name": "Page 28.pdf"
    },
    {
      "type": "name",
      "value": "Trudi Carr",
      "file_name": "Page 28.pdf"
    },
    {
      "type": "name",
      "value": "Drew Hamilton",
      "file_name": "Page 28.pdf"
    },
    {
      "type": "email",
      "value": "candscoleman@gmail.com",
      "file_name": "Page 28.pdf"
    },
    {
      "type": "email",
      "value": "rochelle@mcgeemail.net",
      "file_name": "Page 28.pdf"
    },
    {
      "type": "email",
      "value": "ffs@westnet.com.au",
      "file_name": "Page 28.pdf"
    },
    {
      "type": "email",
      "value": "tolmak@exemail.com.au",
      "file_name": "Page 28.pdf"
    },
    {
      "type": "email",
      "value": "bibliofriend@hotmail.com",
      "file_name": "Page 28.pdf"
    },
    {
      "type": "email",
      "value": "darrenfletcherd@optusne...",
      "file_name": "Page 28.pdf"
    },
    {
      "type": "email",
      "value": "jandjcondon@yahoo.com...",
      "file_name": "Page 28.pdf"
    },
    {
      "type": "email",
      "value": "jandjcondon@yahoo.com...",
      "file_name": "Page 28.pdf"
    },
    {
      "type": "email",
      "value": "gmurdoch@aapt.net.au",
      "file_name": "Page 28.pdf"
    },
    {
      "type": "email",
      "value": "mvallone@bigpond.net.au",
      "file_name": "Page 28.pdf"
    },
    {
      "type": "email",
      "value": "gregbelindamoore@telstr...",
      "file_name": "Page 28.pdf"
    },
    {
      "type": "email",
      "value": "mariatynan@bigpond.com",
      "file_name": "Page 28.pdf"
    },
    {
      "type": "email",
      "value": "nicholas.s.bates@gmail....",
      "file_name": "Page 28.pdf"
    },
    {
      "type": "email",
      "value": "macbeth@exemail.com.au",
      "file_name": "Page 28.pdf"
    },
    {
      "type": "email",
      "value": "mat.sharman@newcastle...",
      "file_name": "Page 28.pdf"
    },
    {
      "type": "email",
      "value": "janice.norman24@bigpo...",
      "file_name": "Page 28.pdf"
    },
    {
      "type": "email",
      "value": "john.knezevic@hotmail.c...",
      "file_name": "Page 28.pdf"
    },
    {
      "type": "email",
      "value": "dj_kao5@hotmail.com",
      "file_name": "Page 28.pdf"
    },
    {
      "type": "email",
      "value": "gtparker11@hotmail.com",
      "file_name": "Page 28.pdf"
    },
    {
      "type": "email",
      "value": "janina.maszluck@hotmai...",
      "file_name": "Page 28.pdf"
    },
    {
      "type": "email",
      "value": "jennifer.l.richards@bigpo...",
      "file_name": "Page 28.pdf"
    },
    {
      "type": "email",
      "value": "csjlonergan@gmail.com",
      "file_name": "Page 28.pdf"
    },
    {
      "type": "email",
      "value": "caer27@tpg.com.au",
      "file_name": "Page 28.pdf"
    },
    {
      "type": "email",
      "value": "trudijordancarr@gmail.com",
      "file_name": "Page 28.pdf"
    },
    {
      "type": "landline",
      "value": "02 4009 1859",
      "file_name": "Page 28.pdf"
    },
    {
      "type": "landline",
      "value": "02 4950 9934",
      "file_name": "Page 28.pdf"
    },
    {
      "type": "landline",
      "value": "02 4943 0806",
      "file_name": "Page 28.pdf"
    },
    {
      "type": "landline",
      "value": "02 4943 1691",
      "file_name": "Page 28.pdf"
    },
    {
      "type": "landline",
      "value": "02 4947 8843",
      "file_name": "Page 28.pdf"
    },
    {
      "type": "landline",
      "value": "02 4943 5545",
      "file_name": "Page 28.pdf"
    },
    {
      "type": "landline",
      "value": "02 4952 3978",
      "file_name": "Page 28.pdf"
    },
    {
      "type": "landline",
      "value": "02 4942 5127",
      "file_name": "Page 28.pdf"
    },
    {
      "type": "landline",
      "value": "02 4943 2708",
      "file_name": "Page 28.pdf"
    },
    {
      "type": "landline",
      "value": "02 4943 1619",
      "file_name": "Page 28.pdf"
    },
    {
      "type": "landline",
      "value": "02 4942 4406",
      "file_name": "Page 28.pdf"
    },
    {
      "type": "landline",
      "value": "02 4952 2267",
      "file_name": "Page 28.pdf"
    },
    {
      "type": "landline",
      "value": "02 4943 2708",
      "file_name": "Page 28.pdf"
    },
    {
      "type": "landline",
      "value": "02 4943 0039",
      "file_name": "Page 28.pdf"
    },
    {
      "type": "landline",
      "value": "02 4957 5499",
      "file_name": "Page 28.pdf"
    },
    {
      "type": "landline",
      "value": "02 4942 1929",
      "file_name": "Page 28.pdf"
    },
    {
      "type": "landline",
      "value": "02 4942 2778",
      "file_name": "Page 28.pdf"
    },
    {
      "type": "landline",
      "value": "02 4952 7455",
      "file_name": "Page 28.pdf"
    },
    {
      "type": "landline",
      "value": "02 4943 5051",
      "file_name": "Page 28.pdf"
    },
    {
      "type": "landline",
      "value": "02 4957 3360",
      "file_name": "Page 28.pdf"
    },
    {
      "type": "landline",
      "value": "02 4952 9085",
      "file_name": "Page 28.pdf"
    },
    {
      "type": "landline",
      "value": "02 4943 2118",
      "file_name": "Page 28.pdf"
    },
    {
      "type": "landline",
      "value": "02 4943 2118",
      "file_name": "Page 28.pdf"
    },
    {
      "type": "landline",
      "value": "02 4943 1699",
      "file_name": "Page 28.pdf"
    },
    {
      "type": "landline",
      "value": "02 4915 6729",
      "file_name": "Page 28.pdf"
    },
    {
      "type": "landline",
      "value": "02 4957 0337",
      "file_name": "Page 28.pdf"
    },
    {
      "type": "landline",
      "value": "02 4942 5127",
      "file_name": "Page 28.pdf"
    },
    {
      "type": "landline",
      "value": "02 4943 5693",
      "file_name": "Page 28.pdf"
    },
    {
      "type": "landline",
      "value": "02 4957 0500",
      "file_name": "Page 28.pdf"
    },
    {
      "type": "landline",
      "value": "02 4956 2558",
      "file_name": "Page 28.pdf"
    },
    {
      "type": "landline",
      "value": "02 4942 3374",
      "file_name": "Page 28.pdf"
    },
    {
      "type": "landline",
      "value": "02 4957 9484",
      "file_name": "Page 28.pdf"
    },
    {
      "type": "landline",
      "value": "02 4920 8127",
      "file_name": "Page 28.pdf"
    },
    {
      "type": "landline",
      "value": "02 4943 2130",
      "file_name": "Page 28.pdf"
    },
    {
      "type": "landline",
      "value": "03 6268 0462",
      "file_name": "Page 28.pdf"
    },
    {
      "type": "landline",
      "value": "02 4942 2577",
      "file_name": "Page 28.pdf"
    },
    {
      "type": "landline",
      "value": "02 4942 5127",
      "file_name": "Page 28.pdf"
    },
    {
      "type": "landline",
      "value": "02 4943 2708",
      "file_name": "Page 28.pdf"
    },
    {
      "type": "landline",
      "value": "02 4952 1437",
      "file_name": "Page 28.pdf"
    },
    {
      "type": "landline",
      "value": "02 4943 2296",
      "file_name": "Page 28.pdf"
    },
    {
      "type": "landline",
      "value": "02 4953 9583",
      "file_name": "Page 28.pdf"
    },
    {
      "type": "landline",
      "value": "02 4023 0598",
      "file_name": "Page 28.pdf"
    },
    {
      "type": "landline",
      "value": "02 4952 4447",
      "file_name": "Page 28.pdf"
    },
    {
      "type": "landline",
      "value": "02 4009 1000",
      "file_name": "Page 28.pdf"
    },
    {
      "type": "landline",
      "value": "02 4942 3639",
      "file_name": "Page 28.pdf"
    },
    {
      "type": "landline",
      "value": "03 6432 3206",
      "file_name": "Page 28.pdf"
    },
    {
      "type": "landline",
      "value": "03 9585 8174",
      "file_name": "Page 28.pdf"
    },
    {
      "type": "landline",
      "value": "03 6382 1968",
      "file_name": "Page 28.pdf"
    },
    {
      "type": "landline",
      "value": "02 9417 0202",
      "file_name": "Page 28.pdf"
    },
    {
      "type": "landline",
      "value": "02 4943 4249",
      "file_name": "Page 28.pdf"
    },
    {
      "type": "landline",
      "value": "02 4957 4484",
      "file_name": "Page 28.pdf"
    },
    {
      "type": "landline",
      "value": "02 4957 7470",
      "file_name": "Page 28.pdf"
    },
    {
      "type": "landline",
      "value": "02 4943 0739",
      "file_name": "Page 28.pdf"
    },
    {
      "type": "landline",
      "value": "02 4942 4572",
      "file_name": "Page 28.pdf"
    },
    {
      "type": "landline",
      "value": "07 4099 3893",
      "file_name": "Page 28.pdf"
    },
    {
      "type": "landline",
      "value": "02 4943 9078",
      "file_name": "Page 28.pdf"
    },
    {
      "type": "landline",
      "value": "03 9878 8490",
      "file_name": "Page 28.pdf"
    },
    {
      "type": "landline",
      "value": "02 4943 2732",
      "file_name": "Page 28.pdf"
    },
    {
      "type": "landline",
      "value": "02 4957 1738",
      "file_name": "Page 28.pdf"
    },
    {
      "type": "landline",
      "value": "02 4947 8841",
      "file_name": "Page 28.pdf"
    },
    {
      "type": "landline",
      "value": "02 4957 3787",
      "file_name": "Page 28.pdf"
    },
    {
      "type": "landline",
      "value": "02 6496 1490",
      "file_name": "Page 28.pdf"
    },
    {
      "type": "landline",
      "value": "02 4957 6636",
      "file_name": "Page 28.pdf"
    },
    {
      "type": "landline",
      "value": "02 4942 5221",
      "file_name": "Page 28.pdf"
    },
    {
      "type": "lastseen",
      "value": "30-Jun-2023",
      "file_name": "Page 28.pdf"
    },
    {
      "type": "lastseen",
      "value": "30-Jun-2023",
      "file_name": "Page 28.pdf"
    },
    {
      "type": "lastseen",
      "value": "30-Jun-2023",
      "file_name": "Page 28.pdf"
    },
    {
      "type": "lastseen",
      "value": "30-Jun-2023",
      "file_name": "Page 28.pdf"
    },
    {
      "type": "lastseen",
      "value": "30-Jun-2023",
      "file_name": "Page 28.pdf"
    },
    {
      "type": "lastseen",
      "value": "30-Jun-2023",
      "file_name": "Page 28.pdf"
    },
    {
      "type": "lastseen",
      "value": "30-Jun-2023",
      "file_name": "Page 28.pdf"
    },
    {
      "type": "lastseen",
      "value": "30-Jun-2023",
      "file_name": "Page 28.pdf"
    },
    {
      "type": "lastseen",
      "value": "30-Jun-2023",
      "file_name": "Page 28.pdf"
    },
    {
      "type": "lastseen",
      "value": "30-Jun-2023",
      "file_name": "Page 28.pdf"
    },
    {
      "type": "lastseen",
      "value": "30-Jun-2023",
      "file_name": "Page 28.pdf"
    },
    {
      "type": "lastseen",
      "value": "30-Jun-2023",
      "file_name": "Page 28.pdf"
    },
    {
      "type": "lastseen",
      "value": "30-Jun-2023",
      "file_name": "Page 28.pdf"
    },
    {
      "type": "lastseen",
      "value": "30-Jun-2023",
      "file_name": "Page 28.pdf"
    },
    {
      "type": "lastseen",
      "value": "30-Jun-2023",
      "file_name": "Page 28.pdf"
    },
    {
      "type": "lastseen",
      "value": "30-Jun-2023",
      "file_name": "Page 28.pdf"
    },
    {
      "type": "lastseen",
      "value": "30-Jun-2023",
      "file_name": "Page 28.pdf"
    },
    {
      "type": "lastseen",
      "value": "30-Jun-2023",
      "file_name": "Page 28.pdf"
    },
    {
      "type": "lastseen",
      "value": "30-Jun-2023",
      "file_name": "Page 28.pdf"
    },
    {
      "type": "lastseen",
      "value": "30-Jun-2023",
      "file_name": "Page 28.pdf"
    },
    {
      "type": "lastseen",
      "value": "30-Jun-2023",
      "file_name": "Page 28.pdf"
    },
    {
      "type": "lastseen",
      "value": "30-Jun-2023",
      "file_name": "Page 28.pdf"
    },
    {
      "type": "lastseen",
      "value": "30-Jun-2023",
      "file_name": "Page 28.pdf"
    },
    {
      "type": "lastseen",
      "value": "30-Jun-2023",
      "file_name": "Page 28.pdf"
    },
    {
      "type": "lastseen",
      "value": "30-Jun-2023",
      "file_name": "Page 28.pdf"
    },
    {
      "type": "lastseen",
      "value": "30-Jun-2023",
      "file_name": "Page 28.pdf"
    },
    {
      "type": "lastseen",
      "value": "30-Jun-2023",
      "file_name": "Page 28.pdf"
    },
    {
      "type": "lastseen",
      "value": "30-Jun-2023",
      "file_name": "Page 28.pdf"
    },
    {
      "type": "lastseen",
      "value": "30-Jun-2023",
      "file_name": "Page 28.pdf"
    },
    {
      "type": "lastseen",
      "value": "30-Jun-2023",
      "file_name": "Page 28.pdf"
    },
    {
      "type": "lastseen",
      "value": "30-Jun-2023",
      "file_name": "Page 28.pdf"
    },
    {
      "type": "lastseen",
      "value": "30-Jun-2023",
      "file_name": "Page 28.pdf"
    },
    {
      "type": "lastseen",
      "value": "30-Jun-2023",
      "file_name": "Page 28.pdf"
    },
    {
      "type": "lastseen",
      "value": "30-Jun-2023",
      "file_name": "Page 28.pdf"
    },
    {
      "type": "lastseen",
      "value": "30-Jun-2023",
      "file_name": "Page 28.pdf"
    },
    {
      "type": "lastseen",
      "value": "30-Jun-2023",
      "file_name": "Page 28.pdf"
    },
    {
      "type": "lastseen",
      "value": "30-Jun-2023",
      "file_name": "Page 28.pdf"
    },
    {
      "type": "lastseen",
      "value": "30-Jun-2023",
      "file_name": "Page 28.pdf"
    },
    {
      "type": "lastseen",
      "value": "30-Jun-2023",
      "file_name": "Page 28.pdf"
    },
    {
      "type": "lastseen",
      "value": "30-Jun-2023",
      "file_name": "Page 28.pdf"
    },
    {
      "type": "lastseen",
      "value": "30-Jun-2023",
      "file_name": "Page 28.pdf"
    },
    {
      "type": "lastseen",
      "value": "30-Jun-2023",
      "file_name": "Page 28.pdf"
    },
    {
      "type": "lastseen",
      "value": "30-Jun-2023",
      "file_name": "Page 28.pdf"
    },
    {
      "type": "lastseen",
      "value": "30-Jun-2023",
      "file_name": "Page 28.pdf"
    },
    {
      "type": "lastseen",
      "value": "30-Jun-2023",
      "file_name": "Page 28.pdf"
    },
    {
      "type": "lastseen",
      "value": "30-Jun-2023",
      "file_name": "Page 28.pdf"
    },
    {
      "type": "lastseen",
      "value": "30-Jun-2023",
      "file_name": "Page 28.pdf"
    },
    {
      "type": "lastseen",
      "value": "30-Jun-2023",
      "file_name": "Page 28.pdf"
    },
    {
      "type": "lastseen",
      "value": "30-Jun-2023",
      "file_name": "Page 28.pdf"
    },
    {
      "type": "lastseen",
      "value": "30-Jun-2023",
      "file_name": "Page 28.pdf"
    },
    {
      "type": "lastseen",
      "value": "30-Jun-2023",
      "file_name": "Page 28.pdf"
    },
    {
      "type": "lastseen",
      "value": "30-Jun-2023",
      "file_name": "Page 28.pdf"
    },
    {
      "type": "lastseen",
      "value": "30-Jun-2023",
      "file_name": "Page 28.pdf"
    },
    {
      "type": "lastseen",
      "value": "30-Jun-2023",
      "file_name": "Page 28.pdf"
    },
    {
      "type": "lastseen",
      "value": "30-Jun-2023",
      "file_name": "Page 28.pdf"
    },
    {
      "type": "lastseen",
      "value": "30-Jun-2023",
      "file_name": "Page 28.pdf"
    },
    {
      "type": "lastseen",
      "value": "30-Jun-2023",
      "file_name": "Page 28.pdf"
    },
    {
      "type": "lastseen",
      "value": "30-Jun-2023",
      "file_name": "Page 28.pdf"
    },
    {
      "type": "lastseen",
      "value": "30-Jun-2023",
      "file_name": "Page 28.pdf"
    },
    {
      "type": "lastseen",
      "value": "30-Jun-2023",
      "file_name": "Page 28.pdf"
    },
    {
      "type": "lastseen",
      "value": "30-Jun-2023",
      "file_name": "Page 28.pdf"
    },
    {
      "type": "lastseen",
      "value": "30-Jun-2023",
      "file_name": "Page 28.pdf"
    },
    {
      "type": "lastseen",
      "value": "30-Jun-2023",
      "file_name": "Page 28.pdf"
    },
    {
      "type": "lastseen",
      "value": "30-Jun-2023",
      "file_name": "Page 28.pdf"
    },
    {
      "type": "lastseen",
      "value": "30-Jun-2023",
      "file_name": "Page 28.pdf"
    },
    {
      "type": "lastseen",
      "value": "30-Jun-2023",
      "file_name": "Page 28.pdf"
    },
    {
      "type": "lastseen",
      "value": "30-Jun-2023",
      "file_name": "Page 28.pdf"
    },
    {
      "type": "lastseen",
      "value": "30-Jun-2023",
      "file_name": "Page 28.pdf"
    },
    {
      "type": "lastseen",
      "value": "30-Jun-2023",
      "file_name": "Page 28.pdf"
    },
    {
      "type": "lastseen",
      "value": "30-Jun-2023",
      "file_name": "Page 28.pdf"
    },
    {
      "type": "lastseen",
      "value": "30-Jun-2023",
      "file_name": "Page 28.pdf"
    },
    {
      "type": "lastseen",
      "value": "30-Jun-2023",
      "file_name": "Page 28.pdf"
    },
    {
      "type": "lastseen",
      "value": "30-Jun-2023",
      "file_name": "Page 28.pdf"
    },
    {
      "type": "lastseen",
      "value": "30-Jun-2023",
      "file_name": "Page 28.pdf"
    },
    {
      "type": "lastseen",
      "value": "30-Jun-2023",
      "file_name": "Page 28.pdf"
    },
    {
      "type": "lastseen",
      "value": "30-Jun-2023",
      "file_name": "Page 28.pdf"
    },
    {
      "type": "lastseen",
      "value": "30-Jun-2023",
      "file_name": "Page 28.pdf"
    },
    {
      "type": "lastseen",
      "value": "30-Jun-2023",
      "file_name": "Page 28.pdf"
    },
    {
      "type": "lastseen",
      "value": "30-Jun-2023",
      "file_name": "Page 28.pdf"
    },
    {
      "type": "lastseen",
      "value": "30-Jun-2023",
      "file_name": "Page 28.pdf"
    },
    {
      "type": "lastseen",
      "value": "30-Jun-2023",
      "file_name": "Page 28.pdf"
    }
  ]
}