{
  "processing_timestamp": "2025-10-22T22:56:59.886Z",
  "total_files": 2,
  "document_ai_entities": [
    {
      "type": "address",
      "value": "97 Carolyn Street\nADAMSTOWN HEIGHTS NSW 2289",
      "file_name": "Page 27.pdf"
    },
    {
      "type": "address",
      "value": "32 Madison Drive\nADAMSTOWN HEIGHTS\nNSW 2289",
      "file_name": "Page 27.pdf"
    },
    {
      "type": "address",
      "value": "7 Lansbury Close\nADAMSTOWN HEIGHTS NSW 2289",
      "file_name": "Page 27.pdf"
    },
    {
      "type": "address",
      "value": "33A City Road\nADAMSTOWN HEIGHTS NSW 2289",
      "file_name": "Page 27.pdf"
    },
    {
      "type": "address",
      "value": "9 Colarado Street\nADAMSTOWN HEIGHTS\nNSW 2289",
      "file_name": "Page 27.pdf"
    },
    {
      "type": "address",
      "value": "16 Kinross Avenue\nADAMSTOWN HEIGHTS NSW 2289",
      "file_name": "Page 27.pdf"
    },
    {
      "type": "address",
      "value": "6 Banksia Close\nADAMSTOWN HEIGHTS\nNSW 2289",
      "file_name": "Page 27.pdf"
    },
    {
      "type": "address",
      "value": "2 Madison Drive\nADAMSTOWN HEIGHTS\nNSW 2289",
      "file_name": "Page 27.pdf"
    },
    {
      "type": "address",
      "value": "2 Claremont Avenue\nADAMSTOWN HEIGHTS NSW 2289",
      "file_name": "Page 27.pdf"
    },
    {
      "type": "address",
      "value": "20 Astor Street\nADAMSTOWN HEIGHTS\nNSW 2289",
      "file_name": "Page 27.pdf"
    },
    {
      "type": "address",
      "value": "26 Kempwood Close\nADAMSTOWN HEIGHTS\nNSW 2289",
      "file_name": "Page 27.pdf"
    },
    {
      "type": "address",
      "value": "154 Princeton Avenue\nADAMSTOWN HEIGHTS NSW 2289",
      "file_name": "Page 27.pdf"
    },
    {
      "type": "address",
      "value": "27 Dalvern Close\nADAMSTOWN HEIGHTS\nNSW 2289",
      "file_name": "Page 27.pdf"
    },
    {
      "type": "address",
      "value": "9 Faul Street\nADAMSTOWN HEIGHTS\nNSW 2289",
      "file_name": "Page 27.pdf"
    },
    {
      "type": "address",
      "value": "5 Randall Parade\nADAMSTOWN HEIGHTS\nNSW 2289",
      "file_name": "Page 27.pdf"
    },
    {
      "type": "address",
      "value": "18A Hillcrest Parade\nADAMSTOWN HEIGHTS\nNSW 2289",
      "file_name": "Page 27.pdf"
    },
    {
      "type": "address",
      "value": "107 Madison Drive\nADAMSTOWN HEIGHTS\nNSW 2289",
      "file_name": "Page 27.pdf"
    },
    {
      "type": "address",
      "value": "11 Edison Street\nADAMSTOWN HEIGHTS\nNSW 2289",
      "file_name": "Page 27.pdf"
    },
    {
      "type": "address",
      "value": "13 Dalvern Close\nADAMSTOWN HEIGHTS\nNSW 2289",
      "file_name": "Page 27.pdf"
    },
    {
      "type": "address",
      "value": "2 Murray Street\nADAMSTOWN HEIGHTS\nNSW 2289",
      "file_name": "Page 27.pdf"
    },
    {
      "type": "address",
      "value": "38 Garden Grove Parade\nADAMSTOWN HEIGHTS\nNSW 2289",
      "file_name": "Page 27.pdf"
    },
    {
      "type": "address",
      "value": "20 Rosemont Street\nADAMSTOWN HEIGHTS\nNSW 2289",
      "file_name": "Page 27.pdf"
    },
    {
      "type": "address",
      "value": "103 Lexington Parade\nADAMSTOWN HEIGHTS\nNSW 2289",
      "file_name": "Page 27.pdf"
    },
    {
      "type": "address",
      "value": "117 Lexington Parade\nADAMSTOWN HEIGHTS\nNSW 2289",
      "file_name": "Page 27.pdf"
    },
    {
      "type": "address",
      "value": "48 Bulkara Street\nADAMSTOWN HEIGHTS NSW 2289",
      "file_name": "Page 27.pdf"
    },
    {
      "type": "address",
      "value": "4 Muraban Street\nADAMSTOWN HEIGHTS\nNSW 2289",
      "file_name": "Page 27.pdf"
    },
    {
      "type": "address",
      "value": "496 Brunker Road\nADAMSTOWN HEIGHTS NSW 2289",
      "file_name": "Page 27.pdf"
    },
    {
      "type": "address",
      "value": "87 Carolyn Street\nADAMSTOWN HEIGHTS\nNSW 2289",
      "file_name": "Page 27.pdf"
    },
    {
      "type": "address",
      "value": "193 Northcott Drive\nADAMSTOWN HEIGHTS NSW 2289",
      "file_name": "Page 27.pdf"
    },
    {
      "type": "address",
      "value": "23 Claremont Avenue\nADAMSTOWN HEIGHTS NSW 2289",
      "file_name": "Page 27.pdf"
    },
    {
      "type": "address",
      "value": "17 Elton Close\nADAMSTOWN HEIGHTS\nNSW 2289",
      "file_name": "Page 27.pdf"
    },
    {
      "type": "address",
      "value": "155 Princeton Avenue\nADAMSTOWN HEIGHTS NSW 2289",
      "file_name": "Page 27.pdf"
    },
    {
      "type": "address",
      "value": "45 Lucas Crescent\nADAMSTOWN HEIGHTS\nNSW 2289",
      "file_name": "Page 27.pdf"
    },
    {
      "type": "address",
      "value": "29 Lucas Crescent\nADAMSTOWN HEIGHTS\nNSW 2289",
      "file_name": "Page 27.pdf"
    },
    {
      "type": "address",
      "value": "4 Lansbury Close\nADAMSTOWN HEIGHTS\nNSW 2289",
      "file_name": "Page 27.pdf"
    },
    {
      "type": "address",
      "value": "2 Madison Drive\nADAMSTOWN HEIGHTS\nNSW 2289",
      "file_name": "Page 27.pdf"
    },
    {
      "type": "address",
      "value": "28 Clinton Avenue\nADAMSTOWN HEIGHTS\nNSW 2289",
      "file_name": "Page 27.pdf"
    },
    {
      "type": "address",
      "value": "20 Corriston Crescent\nADAMSTOWN HEIGHTS\nNSW 2289",
      "file_name": "Page 27.pdf"
    },
    {
      "type": "address",
      "value": "6 Corriston Crescent\nADAMSTOWN HEIGHTS\nNSW 2289",
      "file_name": "Page 27.pdf"
    },
    {
      "type": "address",
      "value": "10 Wade Street\nADAMSTOWN HEIGHTS NSW 2289",
      "file_name": "Page 27.pdf"
    },
    {
      "type": "address",
      "value": "124 Princeton Avenue\nADAMSTOWN HEIGHTS\nNSW 2289",
      "file_name": "Page 27.pdf"
    },
    {
      "type": "address",
      "value": "82 Madison Drive\nADAMSTOWN HEIGHTS NSW 2289",
      "file_name": "Page 27.pdf"
    },
    {
      "type": "address",
      "value": "10 Bolivia Close\nADAMSTOWN HEIGHTS\nNSW 2289",
      "file_name": "Page 27.pdf"
    },
    {
      "type": "address",
      "value": "10 Muraban Street\nADAMSTOWN HEIGHTS\nNSW 2289",
      "file_name": "Page 27.pdf"
    },
    {
      "type": "address",
      "value": "15 Tremont Avenue\nADAMSTOWN HEIGHTS\nNSW 2289",
      "file_name": "Page 27.pdf"
    },
    {
      "type": "address",
      "value": "14 Astor Street\nADAMSTOWN HEIGHTS NSW 2289",
      "file_name": "Page 27.pdf"
    },
    {
      "type": "address",
      "value": "65 Princeton Avenue\nADAMSTOWN HEIGHTS\nNSW 2289",
      "file_name": "Page 27.pdf"
    },
    {
      "type": "address",
      "value": "17 Orana Crescent\nADAMSTOWN HEIGHTS\nNSW 2289",
      "file_name": "Page 27.pdf"
    },
    {
      "type": "address",
      "value": "25 Wade Street\nADAMSTOWN HEIGHTS\nNSW 2289",
      "file_name": "Page 27.pdf"
    },
    {
      "type": "address",
      "value": "39 City Road\nADAMSTOWN HEIGHTS\nNSW 2289",
      "file_name": "Page 27.pdf"
    },
    {
      "type": "address",
      "value": "7 Cynthia Street\nADAMSTOWN HEIGHTS\nNSW 2289",
      "file_name": "Page 27.pdf"
    },
    {
      "type": "address",
      "value": "7 Fernleigh Loop\nADAMSTOWN HEIGHTS NSW 2289",
      "file_name": "Page 27.pdf"
    },
    {
      "type": "address",
      "value": "47 Merinda Close\nADAMSTOWN HEIGHTS\nNSW 2289",
      "file_name": "Page 27.pdf"
    },
    {
      "type": "address",
      "value": "5 Carolyn Street\nADAMSTOWN HEIGHTS NSW 2289",
      "file_name": "Page 27.pdf"
    },
    {
      "type": "address",
      "value": "9 Rachael Avenue\nADAMSTOWN HEIGHTS NSW 2289",
      "file_name": "Page 27.pdf"
    },
    {
      "type": "address",
      "value": "29 Randall Parade\nADAMSTOWN HEIGHTS\nNSW 2289",
      "file_name": "Page 27.pdf"
    },
    {
      "type": "address",
      "value": "11 Caroona Close\nADAMSTOWN HEIGHTS\nNSW 2289",
      "file_name": "Page 27.pdf"
    },
    {
      "type": "address",
      "value": "23 Galena Street\nADAMSTOWN HEIGHTS\nNSW 2289",
      "file_name": "Page 27.pdf"
    },
    {
      "type": "address",
      "value": "446 Brunker Road\nADAMSTOWN HEIGHTS\nNSW 2289",
      "file_name": "Page 27.pdf"
    },
    {
      "type": "address",
      "value": "119 Lexington Parade\nADAMSTOWN HEIGHTS\nNSW 2289",
      "file_name": "Page 27.pdf"
    },
    {
      "type": "address",
      "value": "74 Madison Drive\nADAMSTOWN HEIGHTS NSW 2289",
      "file_name": "Page 27.pdf"
    },
    {
      "type": "address",
      "value": "12 Madera Close\nADAMSTOWN HEIGHTS NSW 2289",
      "file_name": "Page 27.pdf"
    },
    {
      "type": "address",
      "value": "4 Myrtle Close\nADAMSTOWN HEIGHTS\nNSW 2289",
      "file_name": "Page 27.pdf"
    },
    {
      "type": "address",
      "value": "6 Harden Close\nADAMSTOWN HEIGHTS\nNSW 2289",
      "file_name": "Page 27.pdf"
    },
    {
      "type": "address",
      "value": "384 Brunker Road\nADAMSTOWN HEIGHTS\nNSW 2289",
      "file_name": "Page 27.pdf"
    },
    {
      "type": "address",
      "value": "19 Ashbury Street\nADAMSTOWN HEIGHTS\nNSW 2289",
      "file_name": "Page 27.pdf"
    },
    {
      "type": "address",
      "value": "23 Corriston Crescent\nADAMSTOWN HEIGHTS\nNSW 2289",
      "file_name": "Page 27.pdf"
    },
    {
      "type": "address",
      "value": "3 Myrtle Close\nADAMSTOWN HEIGHTS\nNSW 2289",
      "file_name": "Page 27.pdf"
    },
    {
      "type": "address",
      "value": "3 Lolita Close\nADAMSTOWN HEIGHTS\nNSW 2289",
      "file_name": "Page 27.pdf"
    },
    {
      "type": "address",
      "value": "24 Orana Crescent\nADAMSTOWN HEIGHTS\nNSW 2289",
      "file_name": "Page 27.pdf"
    },
    {
      "type": "address",
      "value": "48 Boronia Avenue\nADAMSTOWN HEIGHTS\nNSW 2289",
      "file_name": "Page 27.pdf"
    },
    {
      "type": "address",
      "value": "5 Bolivia Close\nADAMSTOWN HEIGHTS\nNSW 2289",
      "file_name": "Page 27.pdf"
    },
    {
      "type": "address",
      "value": "47 Lucas Crescent\nADAMSTOWN HEIGHTS NSW 2289",
      "file_name": "Page 27.pdf"
    },
    {
      "type": "address",
      "value": "5 Fernleigh Loop\nADAMSTOWN HEIGHTS\nNSW 2289",
      "file_name": "Page 27.pdf"
    },
    {
      "type": "address",
      "value": "3 Myrtle Close\nADAMSTOWN HEIGHTS\nNSW 2289",
      "file_name": "Page 27.pdf"
    },
    {
      "type": "address",
      "value": "29 Faul Street\nADAMSTOWN HEIGHTS\nNSW 2289",
      "file_name": "Page 27.pdf"
    },
    {
      "type": "address",
      "value": "45 Merinda Close\nADAMSTOWN HEIGHTS NSW 2289",
      "file_name": "Page 27.pdf"
    },
    {
      "type": "address",
      "value": "1 Grevillea Close\nADAMSTOWN HEIGHTS\nNSW 2289",
      "file_name": "Page 27.pdf"
    },
    {
      "type": "address",
      "value": "30 Lexington Parade\nADAMSTOWN HEIGHTS\nNSW 2289",
      "file_name": "Page 27.pdf"
    },
    {
      "type": "address",
      "value": "12 Ellerslie Road\nADAMSTOWN HEIGHTS NSW 2289",
      "file_name": "Page 27.pdf"
    },
    {
      "type": "address",
      "value": "81 Princeton Avenue ADAMSTOWN HEIGHTS",
      "file_name": "Page 27.pdf"
    },
    {
      "type": "dateofbirth",
      "value": "11-Sept-1950",
      "file_name": "Page 27.pdf"
    },
    {
      "type": "dateofbirth",
      "value": "12-Mar1939-",
      "file_name": "Page 27.pdf"
    },
    {
      "type": "dateofbirth",
      "value": "23-Mar-1953",
      "file_name": "Page 27.pdf"
    },
    {
      "type": "dateofbirth",
      "value": "01Aug-1950-",
      "file_name": "Page 27.pdf"
    },
    {
      "type": "dateofbirth",
      "value": "16May--1973",
      "file_name": "Page 27.pdf"
    },
    {
      "type": "dateofbirth",
      "value": "25May--1970",
      "file_name": "Page 27.pdf"
    },
    {
      "type": "dateofbirth",
      "value": "04May--1952",
      "file_name": "Page 27.pdf"
    },
    {
      "type": "dateofbirth",
      "value": "08Aug--1947",
      "file_name": "Page 27.pdf"
    },
    {
      "type": "dateofbirth",
      "value": "16-Feb-1972",
      "file_name": "Page 27.pdf"
    },
    {
      "type": "dateofbirth",
      "value": "28-Mar-1950",
      "file_name": "Page 27.pdf"
    },
    {
      "type": "dateofbirth",
      "value": "19-Sept1955-",
      "file_name": "Page 27.pdf"
    },
    {
      "type": "dateofbirth",
      "value": "13-Apr-1946",
      "file_name": "Page 27.pdf"
    },
    {
      "type": "dateofbirth",
      "value": "01Apr--1954",
      "file_name": "Page 27.pdf"
    },
    {
      "type": "dateofbirth",
      "value": "06-Dec-1985",
      "file_name": "Page 27.pdf"
    },
    {
      "type": "dateofbirth",
      "value": "24-Apr-1965",
      "file_name": "Page 27.pdf"
    },
    {
      "type": "dateofbirth",
      "value": "11-Jul-1938",
      "file_name": "Page 27.pdf"
    },
    {
      "type": "dateofbirth",
      "value": "01-Jan1980-",
      "file_name": "Page 27.pdf"
    },
    {
      "type": "dateofbirth",
      "value": "26May--1973",
      "file_name": "Page 27.pdf"
    },
    {
      "type": "dateofbirth",
      "value": "01May--1987",
      "file_name": "Page 27.pdf"
    },
    {
      "type": "dateofbirth",
      "value": "11-Oct1976-",
      "file_name": "Page 27.pdf"
    },
    {
      "type": "dateofbirth",
      "value": "25-Sept-1986",
      "file_name": "Page 27.pdf"
    },
    {
      "type": "dateofbirth",
      "value": "30May--1981",
      "file_name": "Page 27.pdf"
    },
    {
      "type": "dateofbirth",
      "value": "02-Oct1978-",
      "file_name": "Page 27.pdf"
    },
    {
      "type": "dateofbirth",
      "value": "27-Mar-1980",
      "file_name": "Page 27.pdf"
    },
    {
      "type": "dateofbirth",
      "value": "20-Nov1944-",
      "file_name": "Page 27.pdf"
    },
    {
      "type": "dateofbirth",
      "value": "12-Jul-1969",
      "file_name": "Page 27.pdf"
    },
    {
      "type": "dateofbirth",
      "value": "11-Apr-1975",
      "file_name": "Page 27.pdf"
    },
    {
      "type": "dateofbirth",
      "value": "14-Sept1966-",
      "file_name": "Page 27.pdf"
    },
    {
      "type": "dateofbirth",
      "value": "04-Jul-1970",
      "file_name": "Page 27.pdf"
    },
    {
      "type": "dateofbirth",
      "value": "25-Jun1966-",
      "file_name": "Page 27.pdf"
    },
    {
      "type": "dateofbirth",
      "value": "25-Apr-1985",
      "file_name": "Page 27.pdf"
    },
    {
      "type": "dateofbirth",
      "value": "08Aug-1947-",
      "file_name": "Page 27.pdf"
    },
    {
      "type": "dateofbirth",
      "value": "01-Sept1982-",
      "file_name": "Page 27.pdf"
    },
    {
      "type": "dateofbirth",
      "value": "21Jun-1943-",
      "file_name": "Page 27.pdf"
    },
    {
      "type": "dateofbirth",
      "value": "29-Dec-1943",
      "file_name": "Page 27.pdf"
    },
    {
      "type": "dateofbirth",
      "value": "10-May-1939",
      "file_name": "Page 27.pdf"
    },
    {
      "type": "dateofbirth",
      "value": "22Jul--1958",
      "file_name": "Page 27.pdf"
    },
    {
      "type": "dateofbirth",
      "value": "23-Mar-1943",
      "file_name": "Page 27.pdf"
    },
    {
      "type": "dateofbirth",
      "value": "27-Sept1943-",
      "file_name": "Page 27.pdf"
    },
    {
      "type": "dateofbirth",
      "value": "03-Jan-1986",
      "file_name": "Page 27.pdf"
    },
    {
      "type": "dateofbirth",
      "value": "07-Nov-1971",
      "file_name": "Page 27.pdf"
    },
    {
      "type": "dateofbirth",
      "value": "27-Nov1972-",
      "file_name": "Page 27.pdf"
    },
    {
      "type": "dateofbirth",
      "value": "09-Jan-1941",
      "file_name": "Page 27.pdf"
    },
    {
      "type": "dateofbirth",
      "value": "11-Nov-1957",
      "file_name": "Page 27.pdf"
    },
    {
      "type": "dateofbirth",
      "value": "10-Aug-1986",
      "file_name": "Page 27.pdf"
    },
    {
      "type": "dateofbirth",
      "value": "05-Mar-1974",
      "file_name": "Page 27.pdf"
    },
    {
      "type": "dateofbirth",
      "value": "14-May-1977",
      "file_name": "Page 27.pdf"
    },
    {
      "type": "dateofbirth",
      "value": "27May--1982",
      "file_name": "Page 27.pdf"
    },
    {
      "type": "dateofbirth",
      "value": "10-Dec-1977",
      "file_name": "Page 27.pdf"
    },
    {
      "type": "dateofbirth",
      "value": "06-Mar-1940",
      "file_name": "Page 27.pdf"
    },
    {
      "type": "dateofbirth",
      "value": "08-Nov-1977",
      "file_name": "Page 27.pdf"
    },
    {
      "type": "dateofbirth",
      "value": "20-Mar1961-",
      "file_name": "Page 27.pdf"
    },
    {
      "type": "dateofbirth",
      "value": "07-Mar-1975",
      "file_name": "Page 27.pdf"
    },
    {
      "type": "dateofbirth",
      "value": "29-Sept1968-",
      "file_name": "Page 27.pdf"
    },
    {
      "type": "dateofbirth",
      "value": "06-Jul-1983",
      "file_name": "Page 27.pdf"
    },
    {
      "type": "dateofbirth",
      "value": "16-Mar1973-",
      "file_name": "Page 27.pdf"
    },
    {
      "type": "dateofbirth",
      "value": "06-Mar-1967",
      "file_name": "Page 27.pdf"
    },
    {
      "type": "dateofbirth",
      "value": "24-Oct-1952",
      "file_name": "Page 27.pdf"
    },
    {
      "type": "dateofbirth",
      "value": "21-Mar1976-",
      "file_name": "Page 27.pdf"
    },
    {
      "type": "dateofbirth",
      "value": "01-Feb1971-",
      "file_name": "Page 27.pdf"
    },
    {
      "type": "dateofbirth",
      "value": "08-Apr-1957",
      "file_name": "Page 27.pdf"
    },
    {
      "type": "dateofbirth",
      "value": "28-Jan-1972",
      "file_name": "Page 27.pdf"
    },
    {
      "type": "dateofbirth",
      "value": "21-Feb-1942",
      "file_name": "Page 27.pdf"
    },
    {
      "type": "dateofbirth",
      "value": "08-Dec-1984",
      "file_name": "Page 27.pdf"
    },
    {
      "type": "dateofbirth",
      "value": "16-Nov-1943",
      "file_name": "Page 27.pdf"
    },
    {
      "type": "dateofbirth",
      "value": "30-Oct1941-",
      "file_name": "Page 27.pdf"
    },
    {
      "type": "dateofbirth",
      "value": "24-Jul-1971",
      "file_name": "Page 27.pdf"
    },
    {
      "type": "dateofbirth",
      "value": "26-Dec-1954",
      "file_name": "Page 27.pdf"
    },
    {
      "type": "dateofbirth",
      "value": "29Aug-1940-",
      "file_name": "Page 27.pdf"
    },
    {
      "type": "dateofbirth",
      "value": "30-Sept1975-",
      "file_name": "Page 27.pdf"
    },
    {
      "type": "dateofbirth",
      "value": "05-Jan-1955",
      "file_name": "Page 27.pdf"
    },
    {
      "type": "dateofbirth",
      "value": "21-Sept1972-",
      "file_name": "Page 27.pdf"
    },
    {
      "type": "dateofbirth",
      "value": "26-Mar-1969",
      "file_name": "Page 27.pdf"
    },
    {
      "type": "dateofbirth",
      "value": "27Apr-1940-",
      "file_name": "Page 27.pdf"
    },
    {
      "type": "dateofbirth",
      "value": "22Apr--1967",
      "file_name": "Page 27.pdf"
    },
    {
      "type": "dateofbirth",
      "value": "20-Feb1972-",
      "file_name": "Page 27.pdf"
    },
    {
      "type": "dateofbirth",
      "value": "18-Feb-1975",
      "file_name": "Page 27.pdf"
    },
    {
      "type": "mobile",
      "value": "0431 091 688",
      "file_name": "Page 27.pdf"
    },
    {
      "type": "mobile",
      "value": "0458\n771 006",
      "file_name": "Page 27.pdf"
    },
    {
      "type": "mobile",
      "value": "0402 436 349",
      "file_name": "Page 27.pdf"
    },
    {
      "type": "mobile",
      "value": "0425 292 021",
      "file_name": "Page 27.pdf"
    },
    {
      "type": "mobile",
      "value": "0422 184 258",
      "file_name": "Page 27.pdf"
    },
    {
      "type": "mobile",
      "value": "0414 431 151",
      "file_name": "Page 27.pdf"
    },
    {
      "type": "mobile",
      "value": "0404 842 353",
      "file_name": "Page 27.pdf"
    },
    {
      "type": "mobile",
      "value": "0407\n786 029",
      "file_name": "Page 27.pdf"
    },
    {
      "type": "mobile",
      "value": "0421 756 786",
      "file_name": "Page 27.pdf"
    },
    {
      "type": "mobile",
      "value": "0425\n315 063",
      "file_name": "Page 27.pdf"
    },
    {
      "type": "mobile",
      "value": "0439 730 526",
      "file_name": "Page 27.pdf"
    },
    {
      "type": "mobile",
      "value": "0402 658 741",
      "file_name": "Page 27.pdf"
    },
    {
      "type": "mobile",
      "value": "0402 406 049",
      "file_name": "Page 27.pdf"
    },
    {
      "type": "mobile",
      "value": "0414 654 622",
      "file_name": "Page 27.pdf"
    },
    {
      "type": "mobile",
      "value": "0410 486 690",
      "file_name": "Page 27.pdf"
    },
    {
      "type": "mobile",
      "value": "0438 301 281",
      "file_name": "Page 27.pdf"
    },
    {
      "type": "mobile",
      "value": "0423 900 809",
      "file_name": "Page 27.pdf"
    },
    {
      "type": "mobile",
      "value": "0403 997 079",
      "file_name": "Page 27.pdf"
    },
    {
      "type": "mobile",
      "value": "0410 288 907",
      "file_name": "Page 27.pdf"
    },
    {
      "type": "mobile",
      "value": "0421 288 019",
      "file_name": "Page 27.pdf"
    },
    {
      "type": "mobile",
      "value": "0417 522 285",
      "file_name": "Page 27.pdf"
    },
    {
      "type": "mobile",
      "value": "0408 657 725",
      "file_name": "Page 27.pdf"
    },
    {
      "type": "mobile",
      "value": "0421 968 774",
      "file_name": "Page 27.pdf"
    },
    {
      "type": "mobile",
      "value": "0438 534 787",
      "file_name": "Page 27.pdf"
    },
    {
      "type": "mobile",
      "value": "0425 377 300",
      "file_name": "Page 27.pdf"
    },
    {
      "type": "mobile",
      "value": "0422 155 175",
      "file_name": "Page 27.pdf"
    },
    {
      "type": "mobile",
      "value": "0402 703 797",
      "file_name": "Page 27.pdf"
    },
    {
      "type": "mobile",
      "value": "0408 499 717",
      "file_name": "Page 27.pdf"
    },
    {
      "type": "mobile",
      "value": "0416 644 005",
      "file_name": "Page 27.pdf"
    },
    {
      "type": "mobile",
      "value": "0418 208 133",
      "file_name": "Page 27.pdf"
    },
    {
      "type": "mobile",
      "value": "0438 478 802",
      "file_name": "Page 27.pdf"
    },
    {
      "type": "mobile",
      "value": "0419 242 942",
      "file_name": "Page 27.pdf"
    },
    {
      "type": "mobile",
      "value": "0418 282 429",
      "file_name": "Page 27.pdf"
    },
    {
      "type": "mobile",
      "value": "0407 952 847",
      "file_name": "Page 27.pdf"
    },
    {
      "type": "mobile",
      "value": "0427 090 538",
      "file_name": "Page 27.pdf"
    },
    {
      "type": "mobile",
      "value": "0418 434 215",
      "file_name": "Page 27.pdf"
    },
    {
      "type": "mobile",
      "value": "0423 255 065",
      "file_name": "Page 27.pdf"
    },
    {
      "type": "mobile",
      "value": "0455 125 555",
      "file_name": "Page 27.pdf"
    },
    {
      "type": "mobile",
      "value": "0419 461 736",
      "file_name": "Page 27.pdf"
    },
    {
      "type": "mobile",
      "value": "0448 949 369",
      "file_name": "Page 27.pdf"
    },
    {
      "type": "mobile",
      "value": "0407 790 159",
      "file_name": "Page 27.pdf"
    },
    {
      "type": "mobile",
      "value": "0422 651 007",
      "file_name": "Page 27.pdf"
    },
    {
      "type": "mobile",
      "value": "0404 060 345",
      "file_name": "Page 27.pdf"
    },
    {
      "type": "mobile",
      "value": "0404 916 806",
      "file_name": "Page 27.pdf"
    },
    {
      "type": "name",
      "value": "Jan Christine Wallis",
      "file_name": "Page 27.pdf"
    },
    {
      "type": "name",
      "value": "Barbara Sleishman",
      "file_name": "Page 27.pdf"
    },
    {
      "type": "name",
      "value": "Bernard Flynn",
      "file_name": "Page 27.pdf"
    },
    {
      "type": "name",
      "value": "Sandra Dupont",
      "file_name": "Page 27.pdf"
    },
    {
      "type": "name",
      "value": "Kristine McAlpine",
      "file_name": "Page 27.pdf"
    },
    {
      "type": "name",
      "value": "Stephen Pringle",
      "file_name": "Page 27.pdf"
    },
    {
      "type": "name",
      "value": "Stephen Deveridge",
      "file_name": "Page 27.pdf"
    },
    {
      "type": "name",
      "value": "Howard Benson",
      "file_name": "Page 27.pdf"
    },
    {
      "type": "name",
      "value": "Mark Andrei",
      "file_name": "Page 27.pdf"
    },
    {
      "type": "name",
      "value": "Maxwell Cairns",
      "file_name": "Page 27.pdf"
    },
    {
      "type": "name",
      "value": "Hilary Barbour",
      "file_name": "Page 27.pdf"
    },
    {
      "type": "name",
      "value": "Nerida Miller",
      "file_name": "Page 27.pdf"
    },
    {
      "type": "name",
      "value": "NA Croese",
      "file_name": "Page 27.pdf"
    },
    {
      "type": "name",
      "value": "Greg Corbett",
      "file_name": "Page 27.pdf"
    },
    {
      "type": "name",
      "value": "Natalie Daly",
      "file_name": "Page 27.pdf"
    },
    {
      "type": "name",
      "value": "Anskje Bronkhorst",
      "file_name": "Page 27.pdf"
    },
    {
      "type": "name",
      "value": "Anthony Walshe",
      "file_name": "Page 27.pdf"
    },
    {
      "type": "name",
      "value": "Jennifer Claire Hopkins",
      "file_name": "Page 27.pdf"
    },
    {
      "type": "name",
      "value": "Patricia Margaret Hardy",
      "file_name": "Page 27.pdf"
    },
    {
      "type": "name",
      "value": "Ross Cairns",
      "file_name": "Page 27.pdf"
    },
    {
      "type": "name",
      "value": "K Kelly",
      "file_name": "Page 27.pdf"
    },
    {
      "type": "name",
      "value": "Rebecca Blunt",
      "file_name": "Page 27.pdf"
    },
    {
      "type": "name",
      "value": "Dinh The",
      "file_name": "Page 27.pdf"
    },
    {
      "type": "name",
      "value": "Xuan Cao",
      "file_name": "Page 27.pdf"
    },
    {
      "type": "name",
      "value": "S Fisher",
      "file_name": "Page 27.pdf"
    },
    {
      "type": "name",
      "value": "Shannon Kelly",
      "file_name": "Page 27.pdf"
    },
    {
      "type": "name",
      "value": "Chris D Tester",
      "file_name": "Page 27.pdf"
    },
    {
      "type": "name",
      "value": "Malcolm Crain",
      "file_name": "Page 27.pdf"
    },
    {
      "type": "name",
      "value": "NB Bell",
      "file_name": "Page 27.pdf"
    },
    {
      "type": "name",
      "value": "E Roe",
      "file_name": "Page 27.pdf"
    },
    {
      "type": "name",
      "value": "Nathan Eltis",
      "file_name": "Page 27.pdf"
    },
    {
      "type": "name",
      "value": "N Mullien",
      "file_name": "Page 27.pdf"
    },
    {
      "type": "name",
      "value": "Shane Myers",
      "file_name": "Page 27.pdf"
    },
    {
      "type": "name",
      "value": "Bitte Single",
      "file_name": "Page 27.pdf"
    },
    {
      "type": "name",
      "value": "P Chalhoub",
      "file_name": "Page 27.pdf"
    },
    {
      "type": "name",
      "value": "HD Benson",
      "file_name": "Page 27.pdf"
    },
    {
      "type": "name",
      "value": "Chad Russell",
      "file_name": "Page 27.pdf"
    },
    {
      "type": "name",
      "value": "Robert Ireland",
      "file_name": "Page 27.pdf"
    },
    {
      "type": "name",
      "value": "M A Petherbridge",
      "file_name": "Page 27.pdf"
    },
    {
      "type": "name",
      "value": "PD Passlow",
      "file_name": "Page 27.pdf"
    },
    {
      "type": "name",
      "value": "PJ Mansfield",
      "file_name": "Page 27.pdf"
    },
    {
      "type": "name",
      "value": "J Hughes",
      "file_name": "Page 27.pdf"
    },
    {
      "type": "name",
      "value": "JR Stuart",
      "file_name": "Page 27.pdf"
    },
    {
      "type": "name",
      "value": "K Coolibah",
      "file_name": "Page 27.pdf"
    },
    {
      "type": "name",
      "value": "T Whittle",
      "file_name": "Page 27.pdf"
    },
    {
      "type": "name",
      "value": "SD Westbury",
      "file_name": "Page 27.pdf"
    },
    {
      "type": "name",
      "value": "Barry Minter",
      "file_name": "Page 27.pdf"
    },
    {
      "type": "name",
      "value": "Vicki Rigelsford",
      "file_name": "Page 27.pdf"
    },
    {
      "type": "name",
      "value": "Pranil Patel",
      "file_name": "Page 27.pdf"
    },
    {
      "type": "name",
      "value": "Catherine Spyrdz",
      "file_name": "Page 27.pdf"
    },
    {
      "type": "name",
      "value": "Patrick Jones",
      "file_name": "Page 27.pdf"
    },
    {
      "type": "name",
      "value": "Christopher Walsh",
      "file_name": "Page 27.pdf"
    },
    {
      "type": "name",
      "value": "Kelly Croft",
      "file_name": "Page 27.pdf"
    },
    {
      "type": "name",
      "value": "Helen Preston",
      "file_name": "Page 27.pdf"
    },
    {
      "type": "name",
      "value": "Rebecca Thomson",
      "file_name": "Page 27.pdf"
    },
    {
      "type": "name",
      "value": "Murree Russell",
      "file_name": "Page 27.pdf"
    },
    {
      "type": "name",
      "value": "BJ Melmeth",
      "file_name": "Page 27.pdf"
    },
    {
      "type": "name",
      "value": "P Hennessy",
      "file_name": "Page 27.pdf"
    },
    {
      "type": "name",
      "value": "Jessica Lewis",
      "file_name": "Page 27.pdf"
    },
    {
      "type": "name",
      "value": "Helen Tsioulis",
      "file_name": "Page 27.pdf"
    },
    {
      "type": "name",
      "value": "Helen Baines",
      "file_name": "Page 27.pdf"
    },
    {
      "type": "name",
      "value": "Janice Norman",
      "file_name": "Page 27.pdf"
    },
    {
      "type": "name",
      "value": "Sue Blunt",
      "file_name": "Page 27.pdf"
    },
    {
      "type": "name",
      "value": "Ursula Maloney",
      "file_name": "Page 27.pdf"
    },
    {
      "type": "name",
      "value": "Cheryl Denise Shaw",
      "file_name": "Page 27.pdf"
    },
    {
      "type": "name",
      "value": "Robert Petic",
      "file_name": "Page 27.pdf"
    },
    {
      "type": "name",
      "value": "Brenda Diana Doyle",
      "file_name": "Page 27.pdf"
    },
    {
      "type": "name",
      "value": "Megan Elizabeth Ebeling",
      "file_name": "Page 27.pdf"
    },
    {
      "type": "name",
      "value": "George Warren Hall",
      "file_name": "Page 27.pdf"
    },
    {
      "type": "name",
      "value": "Barrie Cooper",
      "file_name": "Page 27.pdf"
    },
    {
      "type": "name",
      "value": "Christopher Michael Tott\nerman",
      "file_name": "Page 27.pdf"
    },
    {
      "type": "name",
      "value": "Neil McNaughton",
      "file_name": "Page 27.pdf"
    },
    {
      "type": "name",
      "value": "Margaret Gordon Taylor",
      "file_name": "Page 27.pdf"
    },
    {
      "type": "name",
      "value": "Jason Biggins",
      "file_name": "Page 27.pdf"
    },
    {
      "type": "name",
      "value": "Sarah Ebeling",
      "file_name": "Page 27.pdf"
    },
    {
      "type": "name",
      "value": "Nadene Douglass",
      "file_name": "Page 27.pdf"
    },
    {
      "type": "name",
      "value": "Natalie\nFarley",
      "file_name": "Page 27.pdf"
    },
    {
      "type": "name",
      "value": "R W\nCrebert",
      "file_name": "Page 27.pdf"
    },
    {
      "type": "name",
      "value": "Julie Foot",
      "file_name": "Page 27.pdf"
    },
    {
      "type": "name",
      "value": "Dave Ray",
      "file_name": "Page 27.pdf"
    },
    {
      "type": "name",
      "value": "N Tonkin",
      "file_name": "Page 27.pdf"
    },
    {
      "type": "email",
      "value": "bernie.vicki.flynn@hotma...",
      "file_name": "Page 27.pdf"
    },
    {
      "type": "email",
      "value": "dupont@aapt.net.au",
      "file_name": "Page 27.pdf"
    },
    {
      "type": "email",
      "value": "fireflydesign@bigpond.com",
      "file_name": "Page 27.pdf"
    },
    {
      "type": "email",
      "value": "steve@southleagues.co",
      "file_name": "Page 27.pdf"
    },
    {
      "type": "email",
      "value": "sdevo@exemail.com.au",
      "file_name": "Page 27.pdf"
    },
    {
      "type": "email",
      "value": "hdb@hotkey.net.au",
      "file_name": "Page 27.pdf"
    },
    {
      "type": "email",
      "value": "markandnatasha@bigpo",
      "file_name": "Page 27.pdf"
    },
    {
      "type": "email",
      "value": "mcairns@kooee.com.au",
      "file_name": "Page 27.pdf"
    },
    {
      "type": "email",
      "value": "hilnric@gmail.com",
      "file_name": "Page 27.pdf"
    },
    {
      "type": "email",
      "value": "nerida_ian@bigpond.com",
      "file_name": "Page 27.pdf"
    },
    {
      "type": "email",
      "value": "greg_corbett@bigfoot.com",
      "file_name": "Page 27.pdf"
    },
    {
      "type": "email",
      "value": "nataliedaly@live.com",
      "file_name": "Page 27.pdf"
    },
    {
      "type": "email",
      "value": "tanjabronkhorst@hotmail...",
      "file_name": "Page 27.pdf"
    },
    {
      "type": "email",
      "value": "76.antman@gmail.com",
      "file_name": "Page 27.pdf"
    },
    {
      "type": "email",
      "value": "jenniferhopkins10@gmail...",
      "file_name": "Page 27.pdf"
    },
    {
      "type": "email",
      "value": "rebeccamarie1987@hot",
      "file_name": "Page 27.pdf"
    },
    {
      "type": "email",
      "value": "shannonkelly@outlook.c...",
      "file_name": "Page 27.pdf"
    },
    {
      "type": "email",
      "value": "marisproductions@bigpo...",
      "file_name": "Page 27.pdf"
    },
    {
      "type": "email",
      "value": "nath.eltis@exemail.com.au",
      "file_name": "Page 27.pdf"
    },
    {
      "type": "email",
      "value": "monkeymyers1@optusn...",
      "file_name": "Page 27.pdf"
    },
    {
      "type": "email",
      "value": "bitte@cnrstone.com.au",
      "file_name": "Page 27.pdf"
    },
    {
      "type": "email",
      "value": "ireland.robert@gmail.com",
      "file_name": "Page 27.pdf"
    },
    {
      "type": "email",
      "value": "jhu850ghes@tassie.net.au",
      "file_name": "Page 27.pdf"
    },
    {
      "type": "email",
      "value": "pevekartejas@yahoo.com",
      "file_name": "Page 27.pdf"
    },
    {
      "type": "email",
      "value": "barbet@exemail.com.au",
      "file_name": "Page 27.pdf"
    },
    {
      "type": "email",
      "value": "rigo@aanet.com.au",
      "file_name": "Page 27.pdf"
    },
    {
      "type": "email",
      "value": "pranilpatel@hotmail.com",
      "file_name": "Page 27.pdf"
    },
    {
      "type": "email",
      "value": "spyrdz@hotmail.com",
      "file_name": "Page 27.pdf"
    },
    {
      "type": "email",
      "value": "dangabe@iprimus.com.au",
      "file_name": "Page 27.pdf"
    },
    {
      "type": "email",
      "value": "cjwalsh82@hotmail.com",
      "file_name": "Page 27.pdf"
    },
    {
      "type": "email",
      "value": "kellduff@hotmail.com",
      "file_name": "Page 27.pdf"
    },
    {
      "type": "email",
      "value": "hpreston1940@gmail.com",
      "file_name": "Page 27.pdf"
    },
    {
      "type": "email",
      "value": "clint bec@hotmail.com",
      "file_name": "Page 27.pdf"
    },
    {
      "type": "email",
      "value": "murreerussell@bigpond....",
      "file_name": "Page 27.pdf"
    },
    {
      "type": "email",
      "value": "tsioulishelen@gmail.com",
      "file_name": "Page 27.pdf"
    },
    {
      "type": "email",
      "value": "hmbaines74@gmail.com",
      "file_name": "Page 27.pdf"
    },
    {
      "type": "email",
      "value": "janice.norman24@bigpo...",
      "file_name": "Page 27.pdf"
    },
    {
      "type": "email",
      "value": "the_blunts@hotmail.com",
      "file_name": "Page 27.pdf"
    },
    {
      "type": "email",
      "value": "umaloney@optusnet.co",
      "file_name": "Page 27.pdf"
    },
    {
      "type": "email",
      "value": "aadraka@usa.net",
      "file_name": "Page 27.pdf"
    },
    {
      "type": "email",
      "value": "sebeling23@gmail.com",
      "file_name": "Page 27.pdf"
    },
    {
      "type": "email",
      "value": "snfarley@bigpond.net.au",
      "file_name": "Page 27.pdf"
    },
    {
      "type": "landline",
      "value": "02 4943 0701",
      "file_name": "Page 27.pdf"
    },
    {
      "type": "landline",
      "value": "02 4942 2373",
      "file_name": "Page 27.pdf"
    },
    {
      "type": "landline",
      "value": "02 4943 6350",
      "file_name": "Page 27.pdf"
    },
    {
      "type": "landline",
      "value": "02 4957 9039",
      "file_name": "Page 27.pdf"
    },
    {
      "type": "landline",
      "value": "02 4920 8832",
      "file_name": "Page 27.pdf"
    },
    {
      "type": "landline",
      "value": "02 4023 7526",
      "file_name": "Page 27.pdf"
    },
    {
      "type": "landline",
      "value": "02 4920 6767",
      "file_name": "Page 27.pdf"
    },
    {
      "type": "landline",
      "value": "02 4943 6043",
      "file_name": "Page 27.pdf"
    },
    {
      "type": "landline",
      "value": "02 4952 6279",
      "file_name": "Page 27.pdf"
    },
    {
      "type": "landline",
      "value": "02 4942 2577",
      "file_name": "Page 27.pdf"
    },
    {
      "type": "landline",
      "value": "02 4943 3843",
      "file_name": "Page 27.pdf"
    },
    {
      "type": "landline",
      "value": "02 4957 3883",
      "file_name": "Page 27.pdf"
    },
    {
      "type": "landline",
      "value": "02 4943 2850",
      "file_name": "Page 27.pdf"
    },
    {
      "type": "landline",
      "value": "02 4952 2680",
      "file_name": "Page 27.pdf"
    },
    {
      "type": "landline",
      "value": "02 4920 8691",
      "file_name": "Page 27.pdf"
    },
    {
      "type": "landline",
      "value": "02 4942 5221",
      "file_name": "Page 27.pdf"
    },
    {
      "type": "landline",
      "value": "02 4952 2286",
      "file_name": "Page 27.pdf"
    },
    {
      "type": "landline",
      "value": "02 4952 2351",
      "file_name": "Page 27.pdf"
    },
    {
      "type": "landline",
      "value": "02 4942 1581",
      "file_name": "Page 27.pdf"
    },
    {
      "type": "landline",
      "value": "02 4943 7026",
      "file_name": "Page 27.pdf"
    },
    {
      "type": "landline",
      "value": "02 4956 1285",
      "file_name": "Page 27.pdf"
    },
    {
      "type": "landline",
      "value": "02 4942 2080",
      "file_name": "Page 27.pdf"
    },
    {
      "type": "landline",
      "value": "02 4920 7072",
      "file_name": "Page 27.pdf"
    },
    {
      "type": "landline",
      "value": "02 4943 8749",
      "file_name": "Page 27.pdf"
    },
    {
      "type": "landline",
      "value": "02 4942 4920",
      "file_name": "Page 27.pdf"
    },
    {
      "type": "landline",
      "value": "02 4942 2448",
      "file_name": "Page 27.pdf"
    },
    {
      "type": "landline",
      "value": "02 4957 2629",
      "file_name": "Page 27.pdf"
    },
    {
      "type": "landline",
      "value": "02 4943 7194",
      "file_name": "Page 27.pdf"
    },
    {
      "type": "landline",
      "value": "02 4960 1707",
      "file_name": "Page 27.pdf"
    },
    {
      "type": "lastseen",
      "value": "30-Jun-2023",
      "file_name": "Page 27.pdf"
    },
    {
      "type": "lastseen",
      "value": "30-Jun-2023",
      "file_name": "Page 27.pdf"
    },
    {
      "type": "lastseen",
      "value": "30-Jun-2023",
      "file_name": "Page 27.pdf"
    },
    {
      "type": "lastseen",
      "value": "30-Jun-2023",
      "file_name": "Page 27.pdf"
    },
    {
      "type": "lastseen",
      "value": "30-Jun-2023",
      "file_name": "Page 27.pdf"
    },
    {
      "type": "lastseen",
      "value": "30-Jun-2023",
      "file_name": "Page 27.pdf"
    },
    {
      "type": "lastseen",
      "value": "30-Jun-2023",
      "file_name": "Page 27.pdf"
    },
    {
      "type": "lastseen",
      "value": "30-Jun-2023",
      "file_name": "Page 27.pdf"
    },
    {
      "type": "lastseen",
      "value": "30-Jun-2023",
      "file_name": "Page 27.pdf"
    },
    {
      "type": "lastseen",
      "value": "30-Jun-2023",
      "file_name": "Page 27.pdf"
    },
    {
      "type": "lastseen",
      "value": "30-Jun-2023",
      "file_name": "Page 27.pdf"
    },
    {
      "type": "lastseen",
      "value": "30-Jun-2023",
      "file_name": "Page 27.pdf"
    },
    {
      "type": "lastseen",
      "value": "30-Jun-2023",
      "file_name": "Page 27.pdf"
    },
    {
      "type": "lastseen",
      "value": "30-Jun-2023",
      "file_name": "Page 27.pdf"
    },
    {
      "type": "lastseen",
      "value": "30-Jun-2023",
      "file_name": "Page 27.pdf"
    },
    {
      "type": "lastseen",
      "value": "30-Jun-2023",
      "file_name": "Page 27.pdf"
    },
    {
      "type": "lastseen",
      "value": "30-Jun-2023",
      "file_name": "Page 27.pdf"
    },
    {
      "type": "lastseen",
      "value": "30-Jun-2023",
      "file_name": "Page 27.pdf"
    },
    {
      "type": "lastseen",
      "value": "30-Jun-2023",
      "file_name": "Page 27.pdf"
    },
    {
      "type": "lastseen",
      "value": "30-Jun-2023",
      "file_name": "Page 27.pdf"
    },
    {
      "type": "lastseen",
      "value": "30-Jun-2023",
      "file_name": "Page 27.pdf"
    },
    {
      "type": "lastseen",
      "value": "30-Jun-2023",
      "file_name": "Page 27.pdf"
    },
    {
      "type": "lastseen",
      "value": "30-Jun-2023",
      "file_name": "Page 27.pdf"
    },
    {
      "type": "lastseen",
      "value": "30-Jun-2023",
      "file_name": "Page 27.pdf"
    },
    {
      "type": "lastseen",
      "value": "30-Jun-2023",
      "file_name": "Page 27.pdf"
    },
    {
      "type": "lastseen",
      "value": "30-Jun-2023",
      "file_name": "Page 27.pdf"
    },
    {
      "type": "lastseen",
      "value": "30-Jun-2023",
      "file_name": "Page 27.pdf"
    },
    {
      "type": "lastseen",
      "value": "30-Jun-2023",
      "file_name": "Page 27.pdf"
    },
    {
      "type": "lastseen",
      "value": "30-Jun-2023",
      "file_name": "Page 27.pdf"
    },
    {
      "type": "lastseen",
      "value": "30-Jun-2023",
      "file_name": "Page 27.pdf"
    },
    {
      "type": "lastseen",
      "value": "30-Jun-2023",
      "file_name": "Page 27.pdf"
    },
    {
      "type": "lastseen",
      "value": "30-Jun-2023",
      "file_name": "Page 27.pdf"
    },
    {
      "type": "lastseen",
      "value": "30-Jun-2023",
      "file_name": "Page 27.pdf"
    },
    {
      "type": "lastseen",
      "value": "30-Jun-2023",
      "file_name": "Page 27.pdf"
    },
    {
      "type": "lastseen",
      "value": "30-Jun-2023",
      "file_name": "Page 27.pdf"
    },
    {
      "type": "lastseen",
      "value": "30-Jun-2023",
      "file_name": "Page 27.pdf"
    },
    {
      "type": "lastseen",
      "value": "30-Jun-2023",
      "file_name": "Page 27.pdf"
    },
    {
      "type": "lastseen",
      "value": "30-Jun-2023",
      "file_name": "Page 27.pdf"
    },
    {
      "type": "lastseen",
      "value": "30-Jun-2023",
      "file_name": "Page 27.pdf"
    },
    {
      "type": "lastseen",
      "value": "30-Jun-2023",
      "file_name": "Page 27.pdf"
    },
    {
      "type": "lastseen",
      "value": "30-Jun-2023",
      "file_name": "Page 27.pdf"
    },
    {
      "type": "lastseen",
      "value": "30-Jun-2023",
      "file_name": "Page 27.pdf"
    },
    {
      "type": "lastseen",
      "value": "30-Jun-2023",
      "file_name": "Page 27.pdf"
    },
    {
      "type": "lastseen",
      "value": "30-Jun-2023",
      "file_name": "Page 27.pdf"
    },
    {
      "type": "lastseen",
      "value": "30-Jun-2023",
      "file_name": "Page 27.pdf"
    },
    {
      "type": "lastseen",
      "value": "30-Jun-2023",
      "file_name": "Page 27.pdf"
    },
    {
      "type": "lastseen",
      "value": "30-Jun-2023",
      "file_name": "Page 27.pdf"
    },
    {
      "type": "lastseen",
      "value": "30-Jun-2023",
      "file_name": "Page 27.pdf"
    },
    {
      "type": "lastseen",
      "value": "30-Jun-2023",
      "file_name": "Page 27.pdf"
    },
    {
      "type": "lastseen",
      "value": "30-Jun-2023",
      "file_name": "Page 27.pdf"
    },
    {
      "type": "lastseen",
      "value": "30-Jun-2023",
      "file_name": "Page 27.pdf"
    },
    {
      "type": "lastseen",
      "value": "30-Jun-2023",
      "file_name": "Page 27.pdf"
    },
    {
      "type": "lastseen",
      "value": "30-Jun-2023",
      "file_name": "Page 27.pdf"
    },
    {
      "type": "lastseen",
      "value": "30-Jun-2023",
      "file_name": "Page 27.pdf"
    },
    {
      "type": "lastseen",
      "value": "30-Jun-2023",
      "file_name": "Page 27.pdf"
    },
    {
      "type": "lastseen",
      "value": "30-Jun-2023",
      "file_name": "Page 27.pdf"
    },
    {
      "type": "lastseen",
      "value": "30-Jun-2023",
      "file_name": "Page 27.pdf"
    },
    {
      "type": "lastseen",
      "value": "30-Jun2023-",
      "file_name": "Page 27.pdf"
    },
    {
      "type": "lastseen",
      "value": "30-Jun-2023",
      "file_name": "Page 27.pdf"
    },
    {
      "type": "lastseen",
      "value": "30-Jun-2023",
      "file_name": "Page 27.pdf"
    },
    {
      "type": "lastseen",
      "value": "30-Jun-2023",
      "file_name": "Page 27.pdf"
    },
    {
      "type": "lastseen",
      "value": "30-Jun-2023",
      "file_name": "Page 27.pdf"
    },
    {
      "type": "lastseen",
      "value": "30-Jun-2023",
      "file_name": "Page 27.pdf"
    },
    {
      "type": "lastseen",
      "value": "30-Jun-2023",
      "file_name": "Page 27.pdf"
    },
    {
      "type": "lastseen",
      "value": "30-Jun-2023",
      "file_name": "Page 27.pdf"
    },
    {
      "type": "lastseen",
      "value": "30-Jun-2023",
      "file_name": "Page 27.pdf"
    },
    {
      "type": "lastseen",
      "value": "30-Jun-2023",
      "file_name": "Page 27.pdf"
    },
    {
      "type": "lastseen",
      "value": "30-Jun-2023",
      "file_name": "Page 27.pdf"
    },
    {
      "type": "lastseen",
      "value": "30-Jun-2023",
      "file_name": "Page 27.pdf"
    },
    {
      "type": "lastseen",
      "value": "30-Jun-2023",
      "file_name": "Page 27.pdf"
    },
    {
      "type": "lastseen",
      "value": "30-Jun-2023",
      "file_name": "Page 27.pdf"
    },
    {
      "type": "lastseen",
      "value": "30-Jun-2023",
      "file_name": "Page 27.pdf"
    },
    {
      "type": "lastseen",
      "value": "30-Jun-2023",
      "file_name": "Page 27.pdf"
    },
    {
      "type": "lastseen",
      "value": "30-Jun-2023",
      "file_name": "Page 27.pdf"
    },
    {
      "type": "lastseen",
      "value": "30-Jun-2023",
      "file_name": "Page 27.pdf"
    },
    {
      "type": "lastseen",
      "value": "30-Jun-2023",
      "file_name": "Page 27.pdf"
    },
    {
      "type": "lastseen",
      "value": "30-Jun-2023",
      "file_name": "Page 27.pdf"
    },
    {
      "type": "lastseen",
      "value": "30-Jun-2023",
      "file_name": "Page 27.pdf"
    },
    {
      "type": "lastseen",
      "value": "30-Jun-2023",
      "file_name": "Page 27.pdf"
    },
    {
      "type": "lastseen",
      "value": "30-Jun-2023",
      "file_name": "Page 27.pdf"
    },
    {
      "type": "lastseen",
      "value": "30-Jun-2023",
      "file_name": "Page 27.pdf"
    },
    {
      "type": "address",
      "value": "NSW 2289 35 Madison Drive\nADAMSTOWN HEIGHTS",
      "file_name": "Page 26.pdf"
    },
    {
      "type": "address",
      "value": "18 Faul Street\nADAMSTOWN HEIGHTS NSW 2289",
      "file_name": "Page 26.pdf"
    },
    {
      "type": "address",
      "value": "114 Northcott Drive\nADAMSTOWN HEIGHTS\nNSW 2289",
      "file_name": "Page 26.pdf"
    },
    {
      "type": "address",
      "value": "161 Northcott Drive\nADAMSTOWN HEIGHTS\nNSW 2289",
      "file_name": "Page 26.pdf"
    },
    {
      "type": "address",
      "value": "24 Sheridan Avenue\nADAMSTOWN HEIGHTS\nNSW 2289",
      "file_name": "Page 26.pdf"
    },
    {
      "type": "address",
      "value": "3 Myrtle Close ADAMSTOWN HEIGHTS\nNSW 2289",
      "file_name": "Page 26.pdf"
    },
    {
      "type": "address",
      "value": "53 Sheridan Avenue\nADAMSTOWN HEIGHTS\nNSW 2289",
      "file_name": "Page 26.pdf"
    },
    {
      "type": "address",
      "value": "4 Kara Street\nADAMSTOWN HEIGHTS\nNSW 2289",
      "file_name": "Page 26.pdf"
    },
    {
      "type": "address",
      "value": "75 Madison Drive\nADAMSTOWN HEIGHTS NSW 2289",
      "file_name": "Page 26.pdf"
    },
    {
      "type": "address",
      "value": "125 Princeton Avenue\nADAMSTOWN HEIGHTS\nNSW 2289",
      "file_name": "Page 26.pdf"
    },
    {
      "type": "address",
      "value": "6 Boronia Avenue\nADAMSTOWN HEIGHTS\nNSW 2289",
      "file_name": "Page 26.pdf"
    },
    {
      "type": "address",
      "value": "94 Northcott Drive\nADAMSTOWN HEIGHTS NSW 2289",
      "file_name": "Page 26.pdf"
    },
    {
      "type": "address",
      "value": "27 Terence Street\nADAMSTOWN HEIGHTS\nNSW 2289",
      "file_name": "Page 26.pdf"
    },
    {
      "type": "address",
      "value": "44 Boronia Avenue\nADAMSTOWN HEIGHTS\nNSW 2289",
      "file_name": "Page 26.pdf"
    },
    {
      "type": "address",
      "value": "13 Crossland Street\nADAMSTOWN HEIGHTS\nNSW 2289",
      "file_name": "Page 26.pdf"
    },
    {
      "type": "address",
      "value": "150 Princeton Avenue\nADAMSTOWN HEIGHTS\nNSW 2289",
      "file_name": "Page 26.pdf"
    },
    {
      "type": "address",
      "value": "16 Dalvern Close\nADAMSTOWN HEIGHTS\nNSW 2289",
      "file_name": "Page 26.pdf"
    },
    {
      "type": "address",
      "value": "75 Carolyn Street\nADAMSTOWN HEIGHTS\nNSW 2289",
      "file_name": "Page 26.pdf"
    },
    {
      "type": "address",
      "value": "15 Caroona Close\nADAMSTOWN HEIGHTS NSW 2289",
      "file_name": "Page 26.pdf"
    },
    {
      "type": "address",
      "value": "83 Madison Drive\nADAMSTOWN HEIGHTS\nNSW 2289",
      "file_name": "Page 26.pdf"
    },
    {
      "type": "address",
      "value": "25 Carolyn Street\nADAMSTOWN HEIGHTS\nNSW 2289",
      "file_name": "Page 26.pdf"
    },
    {
      "type": "address",
      "value": "6 Westwood Avenue\nADAMSTOWN HEIGHTS\nNSW 2289",
      "file_name": "Page 26.pdf"
    },
    {
      "type": "address",
      "value": "13 Merinda Close\nADAMSTOWN HEIGHTS\nNSW 2289",
      "file_name": "Page 26.pdf"
    },
    {
      "type": "address",
      "value": "430 Brunker Road\nADAMSTOWN HEIGHTS NSW 2289",
      "file_name": "Page 26.pdf"
    },
    {
      "type": "address",
      "value": "2 Randall Parade\nADAMSTOWN HEIGHTS\nNSW 2289",
      "file_name": "Page 26.pdf"
    },
    {
      "type": "address",
      "value": "4 Kara Street\nADAMSTOWN HEIGHTS NSW 2289",
      "file_name": "Page 26.pdf"
    },
    {
      "type": "address",
      "value": "Unit 2 54 Garden Grove\nParade\nADAMSTOWN HEIGHTS\nNSW 2289",
      "file_name": "Page 26.pdf"
    },
    {
      "type": "address",
      "value": "8 Astor Street\nADAMSTOWN HEIGHTS\nNSW 2289",
      "file_name": "Page 26.pdf"
    },
    {
      "type": "address",
      "value": "9 Astor Street\nADAMSTOWN HEIGHTS NSW 2289",
      "file_name": "Page 26.pdf"
    },
    {
      "type": "address",
      "value": "2 Caroona Close\nADAMSTOWN HEIGHTS\nNSW 2289",
      "file_name": "Page 26.pdf"
    },
    {
      "type": "address",
      "value": "13 Sheridan Avenue\nADAMSTOWN HEIGHTS\nNSW 2289",
      "file_name": "Page 26.pdf"
    },
    {
      "type": "address",
      "value": "Unit 6 54 Garden Grove\nParade\nADAMSTOWN HEIGHTS\nNSW 2289",
      "file_name": "Page 26.pdf"
    },
    {
      "type": "address",
      "value": "20 Bulkara Street\nADAMSTOWN HEIGHTS\nNSW 2289",
      "file_name": "Page 26.pdf"
    },
    {
      "type": "address",
      "value": "Unit 19 102 Madison Drive\nADAMSTOWN HEIGHTS NSW 2289",
      "file_name": "Page 26.pdf"
    },
    {
      "type": "address",
      "value": "Unit 5 102 Madison Drive\nADAMSTOWN HEIGHTS\nNSW 2289",
      "file_name": "Page 26.pdf"
    },
    {
      "type": "address",
      "value": "57 Lucas Crescent\nADAMSTOWN HEIGHTS\nNSW 2289",
      "file_name": "Page 26.pdf"
    },
    {
      "type": "address",
      "value": "22 Astor Street\nADAMSTOWN HEIGHTS\nNSW 2289",
      "file_name": "Page 26.pdf"
    },
    {
      "type": "address",
      "value": "3 Bulkara Street\nADAMSTOWN HEIGHTS\nNSW 2289",
      "file_name": "Page 26.pdf"
    },
    {
      "type": "address",
      "value": "28 Lexington Parade\nADAMSTOWN HEIGHTS\nNSW 2289",
      "file_name": "Page 26.pdf"
    },
    {
      "type": "address",
      "value": "15 Edison Street\nADAMSTOWN HEIGHTS\nNSW 2289",
      "file_name": "Page 26.pdf"
    },
    {
      "type": "address",
      "value": "43 Faul Street\nADAMSTOWN HEIGHTS\nNSW 2289",
      "file_name": "Page 26.pdf"
    },
    {
      "type": "address",
      "value": "25 Wade Street\nADAMSTOWN HEIGHTS\nNSW 2289",
      "file_name": "Page 26.pdf"
    },
    {
      "type": "address",
      "value": "82 Carolyn Street\nADAMSTOWN HEIGHTS\nNSW 2289",
      "file_name": "Page 26.pdf"
    },
    {
      "type": "address",
      "value": "13 Northwood Street\nADAMSTOWN HEIGHTS",
      "file_name": "Page 26.pdf"
    },
    {
      "type": "address",
      "value": "1 Garden Grove Parade\nADAMSTOWN HEIGHTS\nNSW 2289",
      "file_name": "Page 26.pdf"
    },
    {
      "type": "address",
      "value": "5 Edison Street\nADAMSTOWN HEIGHTS\nNSW 2289",
      "file_name": "Page 26.pdf"
    },
    {
      "type": "address",
      "value": "119 Lexington Parade\nADAMSTOWN HEIGHTS\nNSW 2289",
      "file_name": "Page 26.pdf"
    },
    {
      "type": "address",
      "value": "40 Faul Street\nADAMSTOWN HEIGHTS\nNSW 2289",
      "file_name": "Page 26.pdf"
    },
    {
      "type": "address",
      "value": "14 Fernleigh Loop\nADAMSTOWN HEIGHTS NSW 2289",
      "file_name": "Page 26.pdf"
    },
    {
      "type": "address",
      "value": "Unit 2 7A Madera Close\nADAMSTOWN HEIGHTS\nNSW 2289",
      "file_name": "Page 26.pdf"
    },
    {
      "type": "address",
      "value": "16 Hillcrest Parade\nADAMSTOWN HEIGHTS\nNSW 2289",
      "file_name": "Page 26.pdf"
    },
    {
      "type": "address",
      "value": "1 Randall Parade\nADAMSTOWN HEIGHTS\nNSW 2289",
      "file_name": "Page 26.pdf"
    },
    {
      "type": "address",
      "value": "53 Lucas Crescent\nADAMSTOWN HEIGHTS\nNSW 2289",
      "file_name": "Page 26.pdf"
    },
    {
      "type": "address",
      "value": "45 Lucas Crescent\nADAMSTOWN HEIGHTS\nNSW 2289",
      "file_name": "Page 26.pdf"
    },
    {
      "type": "address",
      "value": "167 Princeton Avenue\nADAMSTOWN HEIGHTS\nNSW 2289",
      "file_name": "Page 26.pdf"
    },
    {
      "type": "address",
      "value": "74 Madison Drive\nADAMSTOWN HEIGHTS\nNSW 2289",
      "file_name": "Page 26.pdf"
    },
    {
      "type": "address",
      "value": "4 Montana Close\nADAMSTOWN HEIGHTS\nNSW 2289",
      "file_name": "Page 26.pdf"
    },
    {
      "type": "address",
      "value": "44 Madison Drive\nADAMSTOWN HEIGHTS\nNSW 2289",
      "file_name": "Page 26.pdf"
    },
    {
      "type": "address",
      "value": "44 Madison Drive\nADAMSTOWN HEIGHTS\nNSW 2289",
      "file_name": "Page 26.pdf"
    },
    {
      "type": "address",
      "value": "101 Garden Grove Parade\nADAMSTOWN HEIGHTS\nNSW 2289",
      "file_name": "Page 26.pdf"
    },
    {
      "type": "address",
      "value": "26 Melissa Avenue\nADAMSTOWN HEIGHTS\nNSW 2289",
      "file_name": "Page 26.pdf"
    },
    {
      "type": "address",
      "value": "26 Melissa Avenue\nADAMSTOWN HEIGHTS\nNSW 2289",
      "file_name": "Page 26.pdf"
    },
    {
      "type": "address",
      "value": "122 Princeton Avenue\nADAMSTOWN HEIGHTS\nNSW 2289",
      "file_name": "Page 26.pdf"
    },
    {
      "type": "address",
      "value": "22 Wade Street\nADAMSTOWN HEIGHTS\nNSW 2289",
      "file_name": "Page 26.pdf"
    },
    {
      "type": "address",
      "value": "24 Montrose Avenue\nADAMSTOWN HEIGHTS\nNSW 2289",
      "file_name": "Page 26.pdf"
    },
    {
      "type": "address",
      "value": "11 Melissa Avenue\nADAMSTOWN HEIGHTS\nNSW 2289",
      "file_name": "Page 26.pdf"
    },
    {
      "type": "address",
      "value": "40 Montrose Avenue\nADAMSTOWN HEIGHTS\nNSW 2289",
      "file_name": "Page 26.pdf"
    },
    {
      "type": "address",
      "value": "15 Ashbury Street\nADAMSTOWN HEIGHTS\nNSW 2289",
      "file_name": "Page 26.pdf"
    },
    {
      "type": "address",
      "value": "33 Fernleigh Loop\nADAMSTOWN HEIGHTS\nNSW 2289",
      "file_name": "Page 26.pdf"
    },
    {
      "type": "address",
      "value": "129 Princeton Avenue\nADAMSTOWN HEIGHTS NSW 2289",
      "file_name": "Page 26.pdf"
    },
    {
      "type": "address",
      "value": "17 Boronia Avenue\nADAMSTOWN HEIGHTS\nNSW 2289",
      "file_name": "Page 26.pdf"
    },
    {
      "type": "address",
      "value": "109 Princeton Avenue\nADAMSTOWN HEIGHTS\nNSW 2289",
      "file_name": "Page 26.pdf"
    },
    {
      "type": "address",
      "value": "1 South Street\nADAMSTOWN HEIGHTS NSW 2289",
      "file_name": "Page 26.pdf"
    },
    {
      "type": "address",
      "value": "15 Caroona Close\nADAMSTOWN HEIGHTS\nNSW 2289",
      "file_name": "Page 26.pdf"
    },
    {
      "type": "address",
      "value": "12 Ellerslie Road\nADAMSTOWN HEIGHTS\nNSW 2289",
      "file_name": "Page 26.pdf"
    },
    {
      "type": "address",
      "value": "33 Fernleigh Loop ADAMSTOWN HEIGHTS NSW 2289",
      "file_name": "Page 26.pdf"
    },
    {
      "type": "address",
      "value": "15 Boronia Avenue\nADAMSTOWN HEIGHTS NSW 2289",
      "file_name": "Page 26.pdf"
    },
    {
      "type": "address",
      "value": "15 Stayton Street\nADAMSTOWN HEIGHTS\nNSW 2289",
      "file_name": "Page 26.pdf"
    },
    {
      "type": "address",
      "value": "33 Corriston Crescent\nADAMSTOWN HEIGHTS\nNSW 2289",
      "file_name": "Page 26.pdf"
    },
    {
      "type": "address",
      "value": "24 Ellerslie Road\nADAMSTOWN HEIGHTS NSW 2289",
      "file_name": "Page 26.pdf"
    },
    {
      "type": "address",
      "value": "4 Marin Street",
      "file_name": "Page 26.pdf"
    },
    {
      "type": "dateofbirth",
      "value": "30-Nov-1946",
      "file_name": "Page 26.pdf"
    },
    {
      "type": "dateofbirth",
      "value": "16-Dec-1952",
      "file_name": "Page 26.pdf"
    },
    {
      "type": "dateofbirth",
      "value": "10-Jul-1940",
      "file_name": "Page 26.pdf"
    },
    {
      "type": "dateofbirth",
      "value": "19-Dec-1935",
      "file_name": "Page 26.pdf"
    },
    {
      "type": "dateofbirth",
      "value": "29-Mar-1954",
      "file_name": "Page 26.pdf"
    },
    {
      "type": "dateofbirth",
      "value": "05-Jan-1955",
      "file_name": "Page 26.pdf"
    },
    {
      "type": "dateofbirth",
      "value": "04-Jan1953-",
      "file_name": "Page 26.pdf"
    },
    {
      "type": "dateofbirth",
      "value": "11-Mar-1946",
      "file_name": "Page 26.pdf"
    },
    {
      "type": "dateofbirth",
      "value": "20-Feb-1952",
      "file_name": "Page 26.pdf"
    },
    {
      "type": "dateofbirth",
      "value": "23-Sept-1952",
      "file_name": "Page 26.pdf"
    },
    {
      "type": "dateofbirth",
      "value": "11-Aug1946-",
      "file_name": "Page 26.pdf"
    },
    {
      "type": "dateofbirth",
      "value": "21-Mar-1949",
      "file_name": "Page 26.pdf"
    },
    {
      "type": "dateofbirth",
      "value": "10-Apr-1937",
      "file_name": "Page 26.pdf"
    },
    {
      "type": "dateofbirth",
      "value": "22-Dec-1939",
      "file_name": "Page 26.pdf"
    },
    {
      "type": "dateofbirth",
      "value": "14-Nov-1939",
      "file_name": "Page 26.pdf"
    },
    {
      "type": "dateofbirth",
      "value": "02-Jun1953-",
      "file_name": "Page 26.pdf"
    },
    {
      "type": "dateofbirth",
      "value": "12May--1938",
      "file_name": "Page 26.pdf"
    },
    {
      "type": "dateofbirth",
      "value": "26-Feb-1967",
      "file_name": "Page 26.pdf"
    },
    {
      "type": "dateofbirth",
      "value": "24-Oct1971-",
      "file_name": "Page 26.pdf"
    },
    {
      "type": "dateofbirth",
      "value": "14-May-1981",
      "file_name": "Page 26.pdf"
    },
    {
      "type": "dateofbirth",
      "value": "17-Feb1970-",
      "file_name": "Page 26.pdf"
    },
    {
      "type": "dateofbirth",
      "value": "02-Apr-1973",
      "file_name": "Page 26.pdf"
    },
    {
      "type": "dateofbirth",
      "value": "21-Aug1941-",
      "file_name": "Page 26.pdf"
    },
    {
      "type": "dateofbirth",
      "value": "08-Jul-1947",
      "file_name": "Page 26.pdf"
    },
    {
      "type": "dateofbirth",
      "value": "08-Feb-1985",
      "file_name": "Page 26.pdf"
    },
    {
      "type": "dateofbirth",
      "value": "21Aug--1940",
      "file_name": "Page 26.pdf"
    },
    {
      "type": "dateofbirth",
      "value": "29-Jun-1950",
      "file_name": "Page 26.pdf"
    },
    {
      "type": "dateofbirth",
      "value": "03-Jun1962-",
      "file_name": "Page 26.pdf"
    },
    {
      "type": "dateofbirth",
      "value": "02-Sept1937-",
      "file_name": "Page 26.pdf"
    },
    {
      "type": "dateofbirth",
      "value": "17-Dec-1952",
      "file_name": "Page 26.pdf"
    },
    {
      "type": "dateofbirth",
      "value": "16-Jun-1953",
      "file_name": "Page 26.pdf"
    },
    {
      "type": "dateofbirth",
      "value": "24-Jan-1968",
      "file_name": "Page 26.pdf"
    },
    {
      "type": "dateofbirth",
      "value": "18-Dec-1970",
      "file_name": "Page 26.pdf"
    },
    {
      "type": "dateofbirth",
      "value": "30-Mar-1986",
      "file_name": "Page 26.pdf"
    },
    {
      "type": "dateofbirth",
      "value": "14-Apr-1988",
      "file_name": "Page 26.pdf"
    },
    {
      "type": "dateofbirth",
      "value": "16-Jun1981-",
      "file_name": "Page 26.pdf"
    },
    {
      "type": "dateofbirth",
      "value": "29Aug--1984",
      "file_name": "Page 26.pdf"
    },
    {
      "type": "dateofbirth",
      "value": "28May--1954",
      "file_name": "Page 26.pdf"
    },
    {
      "type": "dateofbirth",
      "value": "29-Dec-1960",
      "file_name": "Page 26.pdf"
    },
    {
      "type": "dateofbirth",
      "value": "22-Sept1964-",
      "file_name": "Page 26.pdf"
    },
    {
      "type": "dateofbirth",
      "value": "06-Mar1960-",
      "file_name": "Page 26.pdf"
    },
    {
      "type": "dateofbirth",
      "value": "23May--1956",
      "file_name": "Page 26.pdf"
    },
    {
      "type": "dateofbirth",
      "value": "07May--1962",
      "file_name": "Page 26.pdf"
    },
    {
      "type": "dateofbirth",
      "value": "15-Nov-1982",
      "file_name": "Page 26.pdf"
    },
    {
      "type": "dateofbirth",
      "value": "19-Nov-1935",
      "file_name": "Page 26.pdf"
    },
    {
      "type": "dateofbirth",
      "value": "03-Dec-1979",
      "file_name": "Page 26.pdf"
    },
    {
      "type": "dateofbirth",
      "value": "21-Jun1962-",
      "file_name": "Page 26.pdf"
    },
    {
      "type": "dateofbirth",
      "value": "25-Nov1972-",
      "file_name": "Page 26.pdf"
    },
    {
      "type": "dateofbirth",
      "value": "07Jun-1950-",
      "file_name": "Page 26.pdf"
    },
    {
      "type": "dateofbirth",
      "value": "06-Jul1942-",
      "file_name": "Page 26.pdf"
    },
    {
      "type": "dateofbirth",
      "value": "15-Nov-1956",
      "file_name": "Page 26.pdf"
    },
    {
      "type": "dateofbirth",
      "value": "14-Apr-1977",
      "file_name": "Page 26.pdf"
    },
    {
      "type": "dateofbirth",
      "value": "30Aug--1956",
      "file_name": "Page 26.pdf"
    },
    {
      "type": "dateofbirth",
      "value": "29-Jun1974-",
      "file_name": "Page 26.pdf"
    },
    {
      "type": "dateofbirth",
      "value": "05May--1963",
      "file_name": "Page 26.pdf"
    },
    {
      "type": "dateofbirth",
      "value": "06May--1966",
      "file_name": "Page 26.pdf"
    },
    {
      "type": "dateofbirth",
      "value": "11-Aug1955-",
      "file_name": "Page 26.pdf"
    },
    {
      "type": "dateofbirth",
      "value": "16-Sept1940-",
      "file_name": "Page 26.pdf"
    },
    {
      "type": "dateofbirth",
      "value": "24Aug--1937",
      "file_name": "Page 26.pdf"
    },
    {
      "type": "dateofbirth",
      "value": "14-Nov-1937",
      "file_name": "Page 26.pdf"
    },
    {
      "type": "dateofbirth",
      "value": "24-Sept1959-",
      "file_name": "Page 26.pdf"
    },
    {
      "type": "dateofbirth",
      "value": "15-Sept-1984",
      "file_name": "Page 26.pdf"
    },
    {
      "type": "dateofbirth",
      "value": "18Jun-1942-",
      "file_name": "Page 26.pdf"
    },
    {
      "type": "dateofbirth",
      "value": "08-Dec-1938",
      "file_name": "Page 26.pdf"
    },
    {
      "type": "dateofbirth",
      "value": "17-Jan-1983",
      "file_name": "Page 26.pdf"
    },
    {
      "type": "dateofbirth",
      "value": "16-\nMay-1941",
      "file_name": "Page 26.pdf"
    },
    {
      "type": "dateofbirth",
      "value": "25-Nov-1948",
      "file_name": "Page 26.pdf"
    },
    {
      "type": "dateofbirth",
      "value": "19-Apr-1957",
      "file_name": "Page 26.pdf"
    },
    {
      "type": "dateofbirth",
      "value": "17-Dec-1968",
      "file_name": "Page 26.pdf"
    },
    {
      "type": "dateofbirth",
      "value": "24-Dec-1970",
      "file_name": "Page 26.pdf"
    },
    {
      "type": "dateofbirth",
      "value": "23-Nov1954-",
      "file_name": "Page 26.pdf"
    },
    {
      "type": "dateofbirth",
      "value": "10May--1945",
      "file_name": "Page 26.pdf"
    },
    {
      "type": "dateofbirth",
      "value": "06May--1971",
      "file_name": "Page 26.pdf"
    },
    {
      "type": "dateofbirth",
      "value": "01-\nSept1962-",
      "file_name": "Page 26.pdf"
    },
    {
      "type": "dateofbirth",
      "value": "20-Feb-1972",
      "file_name": "Page 26.pdf"
    },
    {
      "type": "dateofbirth",
      "value": "03Aug-\n-1967",
      "file_name": "Page 26.pdf"
    },
    {
      "type": "dateofbirth",
      "value": "20-Jan1969-",
      "file_name": "Page 26.pdf"
    },
    {
      "type": "dateofbirth",
      "value": "25-Mar-1943",
      "file_name": "Page 26.pdf"
    },
    {
      "type": "dateofbirth",
      "value": "12-Jan-1972",
      "file_name": "Page 26.pdf"
    },
    {
      "type": "dateofbirth",
      "value": "28-Mar-1947",
      "file_name": "Page 26.pdf"
    },
    {
      "type": "mobile",
      "value": "0407 260 689",
      "file_name": "Page 26.pdf"
    },
    {
      "type": "mobile",
      "value": "0458 790 381",
      "file_name": "Page 26.pdf"
    },
    {
      "type": "mobile",
      "value": "0417 123 174",
      "file_name": "Page 26.pdf"
    },
    {
      "type": "mobile",
      "value": "0431 542 878",
      "file_name": "Page 26.pdf"
    },
    {
      "type": "mobile",
      "value": "0431 068 202",
      "file_name": "Page 26.pdf"
    },
    {
      "type": "mobile",
      "value": "0421 783 578",
      "file_name": "Page 26.pdf"
    },
    {
      "type": "mobile",
      "value": "0412 382 237",
      "file_name": "Page 26.pdf"
    },
    {
      "type": "mobile",
      "value": "0422 973 277",
      "file_name": "Page 26.pdf"
    },
    {
      "type": "mobile",
      "value": "0416 063 055",
      "file_name": "Page 26.pdf"
    },
    {
      "type": "mobile",
      "value": "0412 225 045",
      "file_name": "Page 26.pdf"
    },
    {
      "type": "mobile",
      "value": "0404 047 480",
      "file_name": "Page 26.pdf"
    },
    {
      "type": "mobile",
      "value": "0403 561 841",
      "file_name": "Page 26.pdf"
    },
    {
      "type": "mobile",
      "value": "0423\n192\n414",
      "file_name": "Page 26.pdf"
    },
    {
      "type": "mobile",
      "value": "0412\n571 741",
      "file_name": "Page 26.pdf"
    },
    {
      "type": "mobile",
      "value": "0407\n451 781",
      "file_name": "Page 26.pdf"
    },
    {
      "type": "mobile",
      "value": "0413 915 183",
      "file_name": "Page 26.pdf"
    },
    {
      "type": "mobile",
      "value": "0425 219 796",
      "file_name": "Page 26.pdf"
    },
    {
      "type": "mobile",
      "value": "0478 070 872",
      "file_name": "Page 26.pdf"
    },
    {
      "type": "mobile",
      "value": "0419 515 281",
      "file_name": "Page 26.pdf"
    },
    {
      "type": "mobile",
      "value": "0401 933 093",
      "file_name": "Page 26.pdf"
    },
    {
      "type": "mobile",
      "value": "0406 726 097",
      "file_name": "Page 26.pdf"
    },
    {
      "type": "mobile",
      "value": "0422 864 101",
      "file_name": "Page 26.pdf"
    },
    {
      "type": "mobile",
      "value": "0421 180 839",
      "file_name": "Page 26.pdf"
    },
    {
      "type": "mobile",
      "value": "0413 140 871",
      "file_name": "Page 26.pdf"
    },
    {
      "type": "mobile",
      "value": "0413 000 883",
      "file_name": "Page 26.pdf"
    },
    {
      "type": "mobile",
      "value": "0401 106 675",
      "file_name": "Page 26.pdf"
    },
    {
      "type": "mobile",
      "value": "0403 244 080",
      "file_name": "Page 26.pdf"
    },
    {
      "type": "mobile",
      "value": "0425 350 734",
      "file_name": "Page 26.pdf"
    },
    {
      "type": "mobile",
      "value": "0400 309 282",
      "file_name": "Page 26.pdf"
    },
    {
      "type": "mobile",
      "value": "0403 041 061",
      "file_name": "Page 26.pdf"
    },
    {
      "type": "mobile",
      "value": "0413 608 001",
      "file_name": "Page 26.pdf"
    },
    {
      "type": "mobile",
      "value": "0439 686 114",
      "file_name": "Page 26.pdf"
    },
    {
      "type": "mobile",
      "value": "0417 123 174",
      "file_name": "Page 26.pdf"
    },
    {
      "type": "mobile",
      "value": "0420\n403\n144",
      "file_name": "Page 26.pdf"
    },
    {
      "type": "mobile",
      "value": "0413 363 285",
      "file_name": "Page 26.pdf"
    },
    {
      "type": "mobile",
      "value": "0421\n188 074",
      "file_name": "Page 26.pdf"
    },
    {
      "type": "name",
      "value": "Sandra Sherwin Craig",
      "file_name": "Page 26.pdf"
    },
    {
      "type": "name",
      "value": "Jone Laskovski",
      "file_name": "Page 26.pdf"
    },
    {
      "type": "name",
      "value": "Marjorie Rosenbaum",
      "file_name": "Page 26.pdf"
    },
    {
      "type": "name",
      "value": "Betty Louise Rich",
      "file_name": "Page 26.pdf"
    },
    {
      "type": "name",
      "value": "Louise Boyd",
      "file_name": "Page 26.pdf"
    },
    {
      "type": "name",
      "value": "Susan Maree Ebeling",
      "file_name": "Page 26.pdf"
    },
    {
      "type": "name",
      "value": "Jan Elizabeth Edwards",
      "file_name": "Page 26.pdf"
    },
    {
      "type": "name",
      "value": "Winifred Joan MacFarlan",
      "file_name": "Page 26.pdf"
    },
    {
      "type": "name",
      "value": "Peter John Howlett",
      "file_name": "Page 26.pdf"
    },
    {
      "type": "name",
      "value": "Gregory Rex Hern",
      "file_name": "Page 26.pdf"
    },
    {
      "type": "name",
      "value": "Ann Christine Edser",
      "file_name": "Page 26.pdf"
    },
    {
      "type": "name",
      "value": "Loretta Nicholls",
      "file_name": "Page 26.pdf"
    },
    {
      "type": "name",
      "value": "Maria Drozdzewski",
      "file_name": "Page 26.pdf"
    },
    {
      "type": "name",
      "value": "Peter Anthony Lee",
      "file_name": "Page 26.pdf"
    },
    {
      "type": "name",
      "value": "William Henry Wharton",
      "file_name": "Page 26.pdf"
    },
    {
      "type": "name",
      "value": "Kathryn Knott",
      "file_name": "Page 26.pdf"
    },
    {
      "type": "name",
      "value": "Daphne Jean Thomas",
      "file_name": "Page 26.pdf"
    },
    {
      "type": "name",
      "value": "Nicole\nPhillips",
      "file_name": "Page 26.pdf"
    },
    {
      "type": "name",
      "value": "Grant Davis",
      "file_name": "Page 26.pdf"
    },
    {
      "type": "name",
      "value": "James Senior",
      "file_name": "Page 26.pdf"
    },
    {
      "type": "name",
      "value": "Howard Bird",
      "file_name": "Page 26.pdf"
    },
    {
      "type": "name",
      "value": "Genevieve C Ferguson",
      "file_name": "Page 26.pdf"
    },
    {
      "type": "name",
      "value": "la A McLeod",
      "file_name": "Page 26.pdf"
    },
    {
      "type": "name",
      "value": "Cheryl Read",
      "file_name": "Page 26.pdf"
    },
    {
      "type": "name",
      "value": "Katie Bates",
      "file_name": "Page 26.pdf"
    },
    {
      "type": "name",
      "value": "John MacFarlane",
      "file_name": "Page 26.pdf"
    },
    {
      "type": "name",
      "value": "Geoffrey Roser",
      "file_name": "Page 26.pdf"
    },
    {
      "type": "name",
      "value": "Jennifer Carruthers",
      "file_name": "Page 26.pdf"
    },
    {
      "type": "name",
      "value": "Lorraine\nYvonne Mullins",
      "file_name": "Page 26.pdf"
    },
    {
      "type": "name",
      "value": "Robyn Ellen Pinkerton",
      "file_name": "Page 26.pdf"
    },
    {
      "type": "name",
      "value": "Robyn Kenna",
      "file_name": "Page 26.pdf"
    },
    {
      "type": "name",
      "value": "Tracy Fitzsimmons",
      "file_name": "Page 26.pdf"
    },
    {
      "type": "name",
      "value": "J Dalton",
      "file_name": "Page 26.pdf"
    },
    {
      "type": "name",
      "value": "E Mansfield",
      "file_name": "Page 26.pdf"
    },
    {
      "type": "name",
      "value": "Matt Clements",
      "file_name": "Page 26.pdf"
    },
    {
      "type": "name",
      "value": "Carla Van Der Wel",
      "file_name": "Page 26.pdf"
    },
    {
      "type": "name",
      "value": "J Wheeler",
      "file_name": "Page 26.pdf"
    },
    {
      "type": "name",
      "value": "Gayle Hopwood",
      "file_name": "Page 26.pdf"
    },
    {
      "type": "name",
      "value": "Kent Alexander Dwyer",
      "file_name": "Page 26.pdf"
    },
    {
      "type": "name",
      "value": "Chris Heinjus",
      "file_name": "Page 26.pdf"
    },
    {
      "type": "name",
      "value": "Gemma Kelaher",
      "file_name": "Page 26.pdf"
    },
    {
      "type": "name",
      "value": "Robert Patel",
      "file_name": "Page 26.pdf"
    },
    {
      "type": "name",
      "value": "Christina See",
      "file_name": "Page 26.pdf"
    },
    {
      "type": "name",
      "value": "Julie-Anne Marshall",
      "file_name": "Page 26.pdf"
    },
    {
      "type": "name",
      "value": "George Grivas",
      "file_name": "Page 26.pdf"
    },
    {
      "type": "name",
      "value": "Esyrahlyn Frost",
      "file_name": "Page 26.pdf"
    },
    {
      "type": "name",
      "value": "Michelle Fairfull우",
      "file_name": "Page 26.pdf"
    },
    {
      "type": "name",
      "value": "Melanie Gibson",
      "file_name": "Page 26.pdf"
    },
    {
      "type": "name",
      "value": "John Murray",
      "file_name": "Page 26.pdf"
    },
    {
      "type": "name",
      "value": "Diane Hay",
      "file_name": "Page 26.pdf"
    },
    {
      "type": "name",
      "value": "Umahdevi Nagamuthu",
      "file_name": "Page 26.pdf"
    },
    {
      "type": "name",
      "value": "Matthew Hawked",
      "file_name": "Page 26.pdf"
    },
    {
      "type": "name",
      "value": "Natpatsorn Oliver",
      "file_name": "Page 26.pdf"
    },
    {
      "type": "name",
      "value": "Kathleen KennedyMyers-",
      "file_name": "Page 26.pdf"
    },
    {
      "type": "name",
      "value": "Sandra Hartono",
      "file_name": "Page 26.pdf"
    },
    {
      "type": "name",
      "value": "Ross Baines",
      "file_name": "Page 26.pdf"
    },
    {
      "type": "name",
      "value": "Rita Di Prinzio",
      "file_name": "Page 26.pdf"
    },
    {
      "type": "name",
      "value": "Anne Brogan",
      "file_name": "Page 26.pdf"
    },
    {
      "type": "name",
      "value": "Daniel Anthony Brogan",
      "file_name": "Page 26.pdf"
    },
    {
      "type": "name",
      "value": "John Robert Litchfield",
      "file_name": "Page 26.pdf"
    },
    {
      "type": "name",
      "value": "Ann Maree Keating",
      "file_name": "Page 26.pdf"
    },
    {
      "type": "name",
      "value": "David James Keating",
      "file_name": "Page 26.pdf"
    },
    {
      "type": "name",
      "value": "Beverley Ann Medlicott",
      "file_name": "Page 26.pdf"
    },
    {
      "type": "name",
      "value": "William Norman Giles",
      "file_name": "Page 26.pdf"
    },
    {
      "type": "name",
      "value": "Keffa\nLouise Heaney",
      "file_name": "Page 26.pdf"
    },
    {
      "type": "name",
      "value": "Niki Georgiou",
      "file_name": "Page 26.pdf"
    },
    {
      "type": "name",
      "value": "Gary Brian Watkins",
      "file_name": "Page 26.pdf"
    },
    {
      "type": "name",
      "value": "Wallace Allen Johnston",
      "file_name": "Page 26.pdf"
    },
    {
      "type": "name",
      "value": "Cath Burden",
      "file_name": "Page 26.pdf"
    },
    {
      "type": "name",
      "value": "Michael Addisonở",
      "file_name": "Page 26.pdf"
    },
    {
      "type": "name",
      "value": "Maria Tynan",
      "file_name": "Page 26.pdf"
    },
    {
      "type": "name",
      "value": "Elaine Holdom",
      "file_name": "Page 26.pdf"
    },
    {
      "type": "name",
      "value": "Christopher McCarthy",
      "file_name": "Page 26.pdf"
    },
    {
      "type": "name",
      "value": "Grant Davis",
      "file_name": "Page 26.pdf"
    },
    {
      "type": "name",
      "value": "David Ray",
      "file_name": "Page 26.pdf"
    },
    {
      "type": "name",
      "value": "Lawrence D Burden",
      "file_name": "Page 26.pdf"
    },
    {
      "type": "name",
      "value": "M Pagey\nJane",
      "file_name": "Page 26.pdf"
    },
    {
      "type": "name",
      "value": "J Whitton\nDavid",
      "file_name": "Page 26.pdf"
    },
    {
      "type": "name",
      "value": "Glenn Skelly",
      "file_name": "Page 26.pdf"
    },
    {
      "type": "name",
      "value": "Chloe Morgan",
      "file_name": "Page 26.pdf"
    },
    {
      "type": "email",
      "value": "golden3@ms10.hinet.net",
      "file_name": "Page 26.pdf"
    },
    {
      "type": "email",
      "value": "ghern@ncc.nsw.gov.au",
      "file_name": "Page 26.pdf"
    },
    {
      "type": "email",
      "value": "epaint@bigpond.net.au",
      "file_name": "Page 26.pdf"
    },
    {
      "type": "email",
      "value": "nic.d.p@hotmail.com",
      "file_name": "Page 26.pdf"
    },
    {
      "type": "email",
      "value": "guzanne@optusnet.com.au",
      "file_name": "Page 26.pdf"
    },
    {
      "type": "email",
      "value": "ktcarruthers@gmail.com",
      "file_name": "Page 26.pdf"
    },
    {
      "type": "email",
      "value": "jennyc@castlechem.com",
      "file_name": "Page 26.pdf"
    },
    {
      "type": "email",
      "value": "elise_mansfield@yahoo",
      "file_name": "Page 26.pdf"
    },
    {
      "type": "email",
      "value": "carlamurphy7@hotmail.c",
      "file_name": "Page 26.pdf"
    },
    {
      "type": "email",
      "value": "gayle_lorraine@yahoo.com",
      "file_name": "Page 26.pdf"
    },
    {
      "type": "email",
      "value": "chrisfang24@gmail.com",
      "file_name": "Page 26.pdf"
    },
    {
      "type": "email",
      "value": "gkelaher@tycoint.com",
      "file_name": "Page 26.pdf"
    },
    {
      "type": "email",
      "value": "robertpatel56@gmail.com",
      "file_name": "Page 26.pdf"
    },
    {
      "type": "email",
      "value": "glennchristin@yahoo.co...",
      "file_name": "Page 26.pdf"
    },
    {
      "type": "email",
      "value": "julieanne_marshall@hot...",
      "file_name": "Page 26.pdf"
    },
    {
      "type": "email",
      "value": "helen.grivas@bigpond.com",
      "file_name": "Page 26.pdf"
    },
    {
      "type": "email",
      "value": "essie_frost@yahoo.com.au",
      "file_name": "Page 26.pdf"
    },
    {
      "type": "email",
      "value": "auchterlonie@optusnet.c...",
      "file_name": "Page 26.pdf"
    },
    {
      "type": "email",
      "value": "isabellalikescats@gmail....",
      "file_name": "Page 26.pdf"
    },
    {
      "type": "email",
      "value": "jmurray@virginbroadban...",
      "file_name": "Page 26.pdf"
    },
    {
      "type": "email",
      "value": "diane.hay@optusnet.co...",
      "file_name": "Page 26.pdf"
    },
    {
      "type": "email",
      "value": "umah56@gmail.com",
      "file_name": "Page 26.pdf"
    },
    {
      "type": "email",
      "value": "juniorhawke@hotmail.com",
      "file_name": "Page 26.pdf"
    },
    {
      "type": "email",
      "value": "olbu@mail.com",
      "file_name": "Page 26.pdf"
    },
    {
      "type": "email",
      "value": "monkeymyers1@optusn...",
      "file_name": "Page 26.pdf"
    },
    {
      "type": "email",
      "value": "sandra@topnutrition.com...",
      "file_name": "Page 26.pdf"
    },
    {
      "type": "email",
      "value": "ross.baines@metrolimet...",
      "file_name": "Page 26.pdf"
    },
    {
      "type": "email",
      "value": "rita@dipcoss.com",
      "file_name": "Page 26.pdf"
    },
    {
      "type": "email",
      "value": "Icburden@bigpond.com",
      "file_name": "Page 26.pdf"
    },
    {
      "type": "email",
      "value": "cabbagethecattledog@g...",
      "file_name": "Page 26.pdf"
    },
    {
      "type": "email",
      "value": "maria.tynan@hunterwate...",
      "file_name": "Page 26.pdf"
    },
    {
      "type": "email",
      "value": "ejholdom@hotmail.com",
      "file_name": "Page 26.pdf"
    },
    {
      "type": "email",
      "value": "vetboy001@optusnet.co...",
      "file_name": "Page 26.pdf"
    },
    {
      "type": "email",
      "value": "guzanne@optusnet.com.au",
      "file_name": "Page 26.pdf"
    },
    {
      "type": "email",
      "value": "dave.ray@vodafone.com",
      "file_name": "Page 26.pdf"
    },
    {
      "type": "email",
      "value": "c3164410@uon.edu.au",
      "file_name": "Page 26.pdf"
    },
    {
      "type": "landline",
      "value": "02 4943 3349",
      "file_name": "Page 26.pdf"
    },
    {
      "type": "landline",
      "value": "02 4943 3632",
      "file_name": "Page 26.pdf"
    },
    {
      "type": "landline",
      "value": "02 4957 4705",
      "file_name": "Page 26.pdf"
    },
    {
      "type": "landline",
      "value": "02 4957 4740",
      "file_name": "Page 26.pdf"
    },
    {
      "type": "landline",
      "value": "02\n4943\n2260",
      "file_name": "Page 26.pdf"
    },
    {
      "type": "landline",
      "value": "02\n4943\n2838",
      "file_name": "Page 26.pdf"
    },
    {
      "type": "landline",
      "value": "02 4947 8261",
      "file_name": "Page 26.pdf"
    },
    {
      "type": "landline",
      "value": "02\n4943 7277",
      "file_name": "Page 26.pdf"
    },
    {
      "type": "landline",
      "value": "02 4942 5080",
      "file_name": "Page 26.pdf"
    },
    {
      "type": "landline",
      "value": "02 4943\n3067",
      "file_name": "Page 26.pdf"
    },
    {
      "type": "landline",
      "value": "02\n4952\n5619",
      "file_name": "Page 26.pdf"
    },
    {
      "type": "landline",
      "value": "02\n4957 5209",
      "file_name": "Page 26.pdf"
    },
    {
      "type": "landline",
      "value": "02 4952\n2929",
      "file_name": "Page 26.pdf"
    },
    {
      "type": "landline",
      "value": "02 4957 2053",
      "file_name": "Page 26.pdf"
    },
    {
      "type": "landline",
      "value": "02 4943 5658",
      "file_name": "Page 26.pdf"
    },
    {
      "type": "landline",
      "value": "02 4943\n6906",
      "file_name": "Page 26.pdf"
    },
    {
      "type": "landline",
      "value": "02 4943\n6127",
      "file_name": "Page 26.pdf"
    },
    {
      "type": "landline",
      "value": "02 4957 1446",
      "file_name": "Page 26.pdf"
    },
    {
      "type": "landline",
      "value": "02 4943 0762",
      "file_name": "Page 26.pdf"
    },
    {
      "type": "landline",
      "value": "02\n4952\n5492",
      "file_name": "Page 26.pdf"
    },
    {
      "type": "landline",
      "value": "02 4957 7854",
      "file_name": "Page 26.pdf"
    },
    {
      "type": "landline",
      "value": "02 4920 7213",
      "file_name": "Page 26.pdf"
    },
    {
      "type": "landline",
      "value": "02 4957 7470",
      "file_name": "Page 26.pdf"
    },
    {
      "type": "landline",
      "value": "02 4943 7277",
      "file_name": "Page 26.pdf"
    },
    {
      "type": "landline",
      "value": "02\n4023\n3587",
      "file_name": "Page 26.pdf"
    },
    {
      "type": "landline",
      "value": "02 4920 8661",
      "file_name": "Page 26.pdf"
    },
    {
      "type": "landline",
      "value": "02\n4943\n7064",
      "file_name": "Page 26.pdf"
    },
    {
      "type": "landline",
      "value": "02 4943 0992",
      "file_name": "Page 26.pdf"
    },
    {
      "type": "landline",
      "value": "02\n4943 8377",
      "file_name": "Page 26.pdf"
    },
    {
      "type": "landline",
      "value": "02\n4956 4150",
      "file_name": "Page 26.pdf"
    },
    {
      "type": "landline",
      "value": "02 4956 2978",
      "file_name": "Page 26.pdf"
    },
    {
      "type": "landline",
      "value": "02 4920 8442",
      "file_name": "Page 26.pdf"
    },
    {
      "type": "landline",
      "value": "02 4943 2849",
      "file_name": "Page 26.pdf"
    },
    {
      "type": "landline",
      "value": "02 4947 8272",
      "file_name": "Page 26.pdf"
    },
    {
      "type": "landline",
      "value": "02 4952 3519",
      "file_name": "Page 26.pdf"
    },
    {
      "type": "landline",
      "value": "02 4920 8153",
      "file_name": "Page 26.pdf"
    },
    {
      "type": "landline",
      "value": "02 4920 8397",
      "file_name": "Page 26.pdf"
    },
    {
      "type": "landline",
      "value": "02 4952 7455",
      "file_name": "Page 26.pdf"
    },
    {
      "type": "landline",
      "value": "02 4920 6406",
      "file_name": "Page 26.pdf"
    },
    {
      "type": "landline",
      "value": "02 4943 5760",
      "file_name": "Page 26.pdf"
    },
    {
      "type": "landline",
      "value": "02\n4920\n6771",
      "file_name": "Page 26.pdf"
    },
    {
      "type": "landline",
      "value": "02 4942 1229",
      "file_name": "Page 26.pdf"
    },
    {
      "type": "landline",
      "value": "02 4943 3041",
      "file_name": "Page 26.pdf"
    },
    {
      "type": "landline",
      "value": "02 4943 1995",
      "file_name": "Page 26.pdf"
    },
    {
      "type": "landline",
      "value": "02 4920 6767",
      "file_name": "Page 26.pdf"
    },
    {
      "type": "landline",
      "value": "06 1254 5799",
      "file_name": "Page 26.pdf"
    },
    {
      "type": "landline",
      "value": "02 4943 5178",
      "file_name": "Page 26.pdf"
    },
    {
      "type": "landline",
      "value": "02 4943 9699",
      "file_name": "Page 26.pdf"
    },
    {
      "type": "landline",
      "value": "02 4943 9699",
      "file_name": "Page 26.pdf"
    },
    {
      "type": "landline",
      "value": "02 4957 5674",
      "file_name": "Page 26.pdf"
    },
    {
      "type": "landline",
      "value": "02 4943\n8284",
      "file_name": "Page 26.pdf"
    },
    {
      "type": "landline",
      "value": "02 4943 8284",
      "file_name": "Page 26.pdf"
    },
    {
      "type": "landline",
      "value": "02\n4942\n2444",
      "file_name": "Page 26.pdf"
    },
    {
      "type": "landline",
      "value": "02\n4952\n2492",
      "file_name": "Page 26.pdf"
    },
    {
      "type": "landline",
      "value": "02 4943 8303",
      "file_name": "Page 26.pdf"
    },
    {
      "type": "landline",
      "value": "02\n4943\n4013",
      "file_name": "Page 26.pdf"
    },
    {
      "type": "landline",
      "value": "02\n4942\n4039",
      "file_name": "Page 26.pdf"
    },
    {
      "type": "landline",
      "value": "02 4920\n6356",
      "file_name": "Page 26.pdf"
    },
    {
      "type": "landline",
      "value": "02 4942\n4406",
      "file_name": "Page 26.pdf"
    },
    {
      "type": "landline",
      "value": "02 4947 8019",
      "file_name": "Page 26.pdf"
    },
    {
      "type": "landline",
      "value": "02 4943\n1383",
      "file_name": "Page 26.pdf"
    },
    {
      "type": "landline",
      "value": "02 4942\n4406",
      "file_name": "Page 26.pdf"
    },
    {
      "type": "landline",
      "value": "02 4957 7062",
      "file_name": "Page 26.pdf"
    },
    {
      "type": "landline",
      "value": "02\n4943\n9086",
      "file_name": "Page 26.pdf"
    },
    {
      "type": "landline",
      "value": "02\n4943\n4434",
      "file_name": "Page 26.pdf"
    },
    {
      "type": "landline",
      "value": "02\n4943 0087",
      "file_name": "Page 26.pdf"
    },
    {
      "type": "lastseen",
      "value": "30-Jun-2023",
      "file_name": "Page 26.pdf"
    },
    {
      "type": "lastseen",
      "value": "30-Jun-2023",
      "file_name": "Page 26.pdf"
    },
    {
      "type": "lastseen",
      "value": "30-Jun-2023",
      "file_name": "Page 26.pdf"
    },
    {
      "type": "lastseen",
      "value": "30-Jun-2023",
      "file_name": "Page 26.pdf"
    },
    {
      "type": "lastseen",
      "value": "30-Jun-2023",
      "file_name": "Page 26.pdf"
    },
    {
      "type": "lastseen",
      "value": "30-Jun-2023",
      "file_name": "Page 26.pdf"
    },
    {
      "type": "lastseen",
      "value": "30-Jun-2023",
      "file_name": "Page 26.pdf"
    },
    {
      "type": "lastseen",
      "value": "30-Jun-2023",
      "file_name": "Page 26.pdf"
    },
    {
      "type": "lastseen",
      "value": "30-Jun-2023",
      "file_name": "Page 26.pdf"
    },
    {
      "type": "lastseen",
      "value": "30-Jun-2023",
      "file_name": "Page 26.pdf"
    },
    {
      "type": "lastseen",
      "value": "30-Jun-2023",
      "file_name": "Page 26.pdf"
    },
    {
      "type": "lastseen",
      "value": "30-Jun-2023",
      "file_name": "Page 26.pdf"
    },
    {
      "type": "lastseen",
      "value": "30-Jun-2023",
      "file_name": "Page 26.pdf"
    },
    {
      "type": "lastseen",
      "value": "30-Jun-2023",
      "file_name": "Page 26.pdf"
    },
    {
      "type": "lastseen",
      "value": "30-Jun-2023",
      "file_name": "Page 26.pdf"
    },
    {
      "type": "lastseen",
      "value": "30-Jun-2023",
      "file_name": "Page 26.pdf"
    },
    {
      "type": "lastseen",
      "value": "30-Jun-2023",
      "file_name": "Page 26.pdf"
    },
    {
      "type": "lastseen",
      "value": "30-Jun-2023",
      "file_name": "Page 26.pdf"
    },
    {
      "type": "lastseen",
      "value": "30-Jun-2023",
      "file_name": "Page 26.pdf"
    },
    {
      "type": "lastseen",
      "value": "30-Jun-2023",
      "file_name": "Page 26.pdf"
    },
    {
      "type": "lastseen",
      "value": "30-Jun-2023",
      "file_name": "Page 26.pdf"
    },
    {
      "type": "lastseen",
      "value": "30-Jun-2023",
      "file_name": "Page 26.pdf"
    },
    {
      "type": "lastseen",
      "value": "30-Jun-2023",
      "file_name": "Page 26.pdf"
    },
    {
      "type": "lastseen",
      "value": "30-Jun-2023",
      "file_name": "Page 26.pdf"
    },
    {
      "type": "lastseen",
      "value": "30-Jun-2023",
      "file_name": "Page 26.pdf"
    },
    {
      "type": "lastseen",
      "value": "30-Jun-2023",
      "file_name": "Page 26.pdf"
    },
    {
      "type": "lastseen",
      "value": "30-Jun-2023",
      "file_name": "Page 26.pdf"
    },
    {
      "type": "lastseen",
      "value": "30-Jun-2023",
      "file_name": "Page 26.pdf"
    },
    {
      "type": "lastseen",
      "value": "30-Jun-2023",
      "file_name": "Page 26.pdf"
    },
    {
      "type": "lastseen",
      "value": "30-Jun-2023",
      "file_name": "Page 26.pdf"
    },
    {
      "type": "lastseen",
      "value": "30-Jun-2023",
      "file_name": "Page 26.pdf"
    },
    {
      "type": "lastseen",
      "value": "30-Jun-2023",
      "file_name": "Page 26.pdf"
    },
    {
      "type": "lastseen",
      "value": "30-Jun-2023",
      "file_name": "Page 26.pdf"
    },
    {
      "type": "lastseen",
      "value": "30-Jun-2023",
      "file_name": "Page 26.pdf"
    },
    {
      "type": "lastseen",
      "value": "30-Jun-2023",
      "file_name": "Page 26.pdf"
    },
    {
      "type": "lastseen",
      "value": "30-Jun-2023",
      "file_name": "Page 26.pdf"
    },
    {
      "type": "lastseen",
      "value": "30-Jun-2023",
      "file_name": "Page 26.pdf"
    },
    {
      "type": "lastseen",
      "value": "30-Jun-2023",
      "file_name": "Page 26.pdf"
    },
    {
      "type": "lastseen",
      "value": "30-Jun-2023",
      "file_name": "Page 26.pdf"
    },
    {
      "type": "lastseen",
      "value": "30-Jun-2023",
      "file_name": "Page 26.pdf"
    },
    {
      "type": "lastseen",
      "value": "30-Jun-2023",
      "file_name": "Page 26.pdf"
    },
    {
      "type": "lastseen",
      "value": "30-Jun-2023",
      "file_name": "Page 26.pdf"
    },
    {
      "type": "lastseen",
      "value": "30-Jun-2023",
      "file_name": "Page 26.pdf"
    },
    {
      "type": "lastseen",
      "value": "30-Jun-2023",
      "file_name": "Page 26.pdf"
    },
    {
      "type": "lastseen",
      "value": "30-Jun-2023",
      "file_name": "Page 26.pdf"
    },
    {
      "type": "lastseen",
      "value": "30-Jun-2023",
      "file_name": "Page 26.pdf"
    },
    {
      "type": "lastseen",
      "value": "30-Jun-2023",
      "file_name": "Page 26.pdf"
    },
    {
      "type": "lastseen",
      "value": "30-Jun-2023",
      "file_name": "Page 26.pdf"
    },
    {
      "type": "lastseen",
      "value": "30-Jun-2023",
      "file_name": "Page 26.pdf"
    },
    {
      "type": "lastseen",
      "value": "30-Jun-2023",
      "file_name": "Page 26.pdf"
    },
    {
      "type": "lastseen",
      "value": "30-Jun-2023",
      "file_name": "Page 26.pdf"
    },
    {
      "type": "lastseen",
      "value": "30-Jun-2023",
      "file_name": "Page 26.pdf"
    },
    {
      "type": "lastseen",
      "value": "30-Jun-2023",
      "file_name": "Page 26.pdf"
    },
    {
      "type": "lastseen",
      "value": "30-Jun-2023",
      "file_name": "Page 26.pdf"
    },
    {
      "type": "lastseen",
      "value": "30-Jun2023-",
      "file_name": "Page 26.pdf"
    },
    {
      "type": "lastseen",
      "value": "30-Jun-2023",
      "file_name": "Page 26.pdf"
    },
    {
      "type": "lastseen",
      "value": "30-Jun-2023",
      "file_name": "Page 26.pdf"
    },
    {
      "type": "lastseen",
      "value": "30-Jun-2023",
      "file_name": "Page 26.pdf"
    },
    {
      "type": "lastseen",
      "value": "30-Jun-2023",
      "file_name": "Page 26.pdf"
    },
    {
      "type": "lastseen",
      "value": "30-Jun-2023",
      "file_name": "Page 26.pdf"
    },
    {
      "type": "lastseen",
      "value": "30-Jun-2023",
      "file_name": "Page 26.pdf"
    },
    {
      "type": "lastseen",
      "value": "30-Jun-2023",
      "file_name": "Page 26.pdf"
    },
    {
      "type": "lastseen",
      "value": "30-Jun-2023",
      "file_name": "Page 26.pdf"
    },
    {
      "type": "lastseen",
      "value": "30-Jun-2023",
      "file_name": "Page 26.pdf"
    },
    {
      "type": "lastseen",
      "value": "30-Jun-2023",
      "file_name": "Page 26.pdf"
    },
    {
      "type": "lastseen",
      "value": "30-Jun-2023",
      "file_name": "Page 26.pdf"
    },
    {
      "type": "lastseen",
      "value": "30-Jun-2023",
      "file_name": "Page 26.pdf"
    },
    {
      "type": "lastseen",
      "value": "30-Jun-2023",
      "file_name": "Page 26.pdf"
    },
    {
      "type": "lastseen",
      "value": "30-Jun-2023",
      "file_name": "Page 26.pdf"
    },
    {
      "type": "lastseen",
      "value": "30-Jun-2023",
      "file_name": "Page 26.pdf"
    },
    {
      "type": "lastseen",
      "value": "30-Jun-2023",
      "file_name": "Page 26.pdf"
    },
    {
      "type": "lastseen",
      "value": "30-Jun-2023",
      "file_name": "Page 26.pdf"
    },
    {
      "type": "lastseen",
      "value": "30-Jun-2023",
      "file_name": "Page 26.pdf"
    },
    {
      "type": "lastseen",
      "value": "30-Jun-2023",
      "file_name": "Page 26.pdf"
    },
    {
      "type": "lastseen",
      "value": "30-Jun-\n2023",
      "file_name": "Page 26.pdf"
    },
    {
      "type": "lastseen",
      "value": "30-Jun-2023",
      "file_name": "Page 26.pdf"
    },
    {
      "type": "lastseen",
      "value": "30-Jun-2023",
      "file_name": "Page 26.pdf"
    },
    {
      "type": "lastseen",
      "value": "30-Jun-2023",
      "file_name": "Page 26.pdf"
    },
    {
      "type": "lastseen",
      "value": "30-Jun-2023",
      "file_name": "Page 26.pdf"
    },
    {
      "type": "lastseen",
      "value": "30-Jun-2023",
      "file_name": "Page 26.pdf"
    }
  ]
}