{
  "processing_timestamp": "2025-10-23T03:50:40.800Z",
  "total_files": 1,
  "raw_records": [
    {
      "full_name": "Sandra Sherwin Craig",
      "mobile": "0407 260 689",
      "address": "NSW 2289 35 Madison Drive\nADAMSTOWN HEIGHTS",
      "email": "golden3@ms10.hinet.net",
      "dateofbirth": "30-Nov-1946",
      "landline": "02 4943 3349",
      "lastseen": "30-Jun-2023",
      "file_name": "Page 26.pdf"
    },
    {
      "full_name": "Jone Laskovski",
      "mobile": "0458 790 381",
      "address": "18 Faul Street\nADAMSTOWN HEIGHTS NSW 2289",
      "email": "ghern@ncc.nsw.gov.au",
      "dateofbirth": "16-Dec-1952",
      "landline": "02 4943 3632",
      "lastseen": "30-Jun-2023",
      "file_name": "Page 26.pdf"
    },
    {
      "full_name": "Marjorie Rosenbaum",
      "mobile": "0417 123 174",
      "address": "114 Northcott Drive\nADAMSTOWN HEIGHTS\nNSW 2289",
      "email": "epaint@bigpond.net.au",
      "dateofbirth": "10-Jul-1940",
      "landline": "02 4957 4705",
      "lastseen": "30-Jun-2023",
      "file_name": "Page 26.pdf"
    },
    {
      "full_name": "Betty Louise Rich",
      "mobile": "0431 542 878",
      "address": "161 Northcott Drive\nADAMSTOWN HEIGHTS\nNSW 2289",
      "email": "nic.d.p@hotmail.com",
      "dateofbirth": "19-Dec-1935",
      "landline": "02 4957 4740",
      "lastseen": "30-Jun-2023",
      "file_name": "Page 26.pdf"
    },
    {
      "full_name": "Louise Boyd",
      "mobile": "0431 068 202",
      "address": "24 Sheridan Avenue\nADAMSTOWN HEIGHTS\nNSW 2289",
      "email": "guzanne@optusnet.com.au",
      "dateofbirth": "29-Mar-1954",
      "landline": "02\n4943\n2260",
      "lastseen": "30-Jun-2023",
      "file_name": "Page 26.pdf"
    },
    {
      "full_name": "Susan Maree Ebeling",
      "mobile": "0421 783 578",
      "address": "3 Myrtle Close ADAMSTOWN HEIGHTS\nNSW 2289",
      "email": "ktcarruthers@gmail.com",
      "dateofbirth": "05-Jan-1955",
      "landline": "02\n4943\n2838",
      "lastseen": "30-Jun-2023",
      "file_name": "Page 26.pdf"
    },
    {
      "full_name": "Jan Elizabeth Edwards",
      "mobile": "0412 382 237",
      "address": "53 Sheridan Avenue\nADAMSTOWN HEIGHTS\nNSW 2289",
      "email": "jennyc@castlechem.com",
      "dateofbirth": "04-Jan1953-",
      "landline": "02 4947 8261",
      "lastseen": "30-Jun-2023",
      "file_name": "Page 26.pdf"
    },
    {
      "full_name": "Winifred Joan MacFarlan",
      "mobile": "0422 973 277",
      "address": "4 Kara Street\nADAMSTOWN HEIGHTS\nNSW 2289",
      "email": "elise_mansfield@yahoo",
      "dateofbirth": "11-Mar-1946",
      "landline": "02\n4943 7277",
      "lastseen": "30-Jun-2023",
      "file_name": "Page 26.pdf"
    },
    {
      "full_name": "Peter John Howlett",
      "mobile": "0416 063 055",
      "address": "75 Madison Drive\nADAMSTOWN HEIGHTS NSW 2289",
      "email": "carlamurphy7@hotmail.c",
      "dateofbirth": "20-Feb-1952",
      "landline": "02 4942 5080",
      "lastseen": "30-Jun-2023",
      "file_name": "Page 26.pdf"
    },
    {
      "full_name": "Gregory Rex Hern",
      "mobile": "0412 225 045",
      "address": "125 Princeton Avenue\nADAMSTOWN HEIGHTS\nNSW 2289",
      "email": "gayle_lorraine@yahoo.com",
      "dateofbirth": "23-Sept-1952",
      "landline": "02 4943\n3067",
      "lastseen": "30-Jun-2023",
      "file_name": "Page 26.pdf"
    },
    {
      "full_name": "Ann Christine Edser",
      "mobile": "0404 047 480",
      "address": "6 Boronia Avenue\nADAMSTOWN HEIGHTS\nNSW 2289",
      "email": "chrisfang24@gmail.com",
      "dateofbirth": "11-Aug1946-",
      "landline": "02\n4952\n5619",
      "lastseen": "30-Jun-2023",
      "file_name": "Page 26.pdf"
    },
    {
      "full_name": "Loretta Nicholls",
      "mobile": "0403 561 841",
      "address": "94 Northcott Drive\nADAMSTOWN HEIGHTS NSW 2289",
      "email": "gkelaher@tycoint.com",
      "dateofbirth": "21-Mar-1949",
      "landline": "02\n4957 5209",
      "lastseen": "30-Jun-2023",
      "file_name": "Page 26.pdf"
    },
    {
      "full_name": "Maria Drozdzewski",
      "mobile": "0423\n192\n414",
      "address": "27 Terence Street\nADAMSTOWN HEIGHTS\nNSW 2289",
      "email": "robertpatel56@gmail.com",
      "dateofbirth": "10-Apr-1937",
      "landline": "02 4952\n2929",
      "lastseen": "30-Jun-2023",
      "file_name": "Page 26.pdf"
    },
    {
      "full_name": "Peter Anthony Lee",
      "mobile": "0412\n571 741",
      "address": "44 Boronia Avenue\nADAMSTOWN HEIGHTS\nNSW 2289",
      "email": "glennchristin@yahoo.co...",
      "dateofbirth": "22-Dec-1939",
      "landline": "02 4957 2053",
      "lastseen": "30-Jun-2023",
      "file_name": "Page 26.pdf"
    },
    {
      "full_name": "William Henry Wharton",
      "mobile": "0407\n451 781",
      "address": "13 Crossland Street\nADAMSTOWN HEIGHTS\nNSW 2289",
      "email": "julieanne_marshall@hot...",
      "dateofbirth": "14-Nov-1939",
      "landline": "02 4943 5658",
      "lastseen": "30-Jun-2023",
      "file_name": "Page 26.pdf"
    },
    {
      "full_name": "Kathryn Knott",
      "mobile": "0413 915 183",
      "address": "150 Princeton Avenue\nADAMSTOWN HEIGHTS\nNSW 2289",
      "email": "helen.grivas@bigpond.com",
      "dateofbirth": "02-Jun1953-",
      "landline": "02 4943\n6906",
      "lastseen": "30-Jun-2023",
      "file_name": "Page 26.pdf"
    },
    {
      "full_name": "Grant Davis",
      "mobile": "0425 219 796",
      "address": "16 Dalvern Close\nADAMSTOWN HEIGHTS\nNSW 2289",
      "email": "essie_frost@yahoo.com.au",
      "dateofbirth": "12May--1938",
      "landline": "02 4943\n6127",
      "lastseen": "30-Jun-2023",
      "file_name": "Page 26.pdf"
    },
    {
      "full_name": "James Senior",
      "mobile": "0478 070 872",
      "address": "75 Carolyn Street\nADAMSTOWN HEIGHTS\nNSW 2289",
      "email": "auchterlonie@optusnet.c...",
      "dateofbirth": "26-Feb-1967",
      "landline": "02 4957 1446",
      "lastseen": "30-Jun-2023",
      "file_name": "Page 26.pdf"
    },
    {
      "full_name": "Howard Bird",
      "mobile": "0419 515 281",
      "address": "15 Caroona Close\nADAMSTOWN HEIGHTS NSW 2289",
      "email": "isabellalikescats@gmail....",
      "dateofbirth": "24-Oct1971-",
      "landline": "02 4943 0762",
      "lastseen": "30-Jun-2023",
      "file_name": "Page 26.pdf"
    },
    {
      "full_name": "Genevieve C Ferguson",
      "mobile": "0401 933 093",
      "address": "83 Madison Drive\nADAMSTOWN HEIGHTS\nNSW 2289",
      "email": "jmurray@virginbroadban...",
      "dateofbirth": "14-May-1981",
      "landline": "02\n4952\n5492",
      "lastseen": "30-Jun-2023",
      "file_name": "Page 26.pdf"
    },
    {
      "full_name": "la A McLeod",
      "mobile": "0406 726 097",
      "address": "25 Carolyn Street\nADAMSTOWN HEIGHTS\nNSW 2289",
      "email": "diane.hay@optusnet.co...",
      "dateofbirth": "17-Feb1970-",
      "landline": "02 4957 7854",
      "lastseen": "30-Jun-2023",
      "file_name": "Page 26.pdf"
    },
    {
      "full_name": "Cheryl Read",
      "mobile": "0422 864 101",
      "address": "6 Westwood Avenue\nADAMSTOWN HEIGHTS\nNSW 2289",
      "email": "umah56@gmail.com",
      "dateofbirth": "02-Apr-1973",
      "landline": "02 4920 7213",
      "lastseen": "30-Jun-2023",
      "file_name": "Page 26.pdf"
    },
    {
      "full_name": "Katie Bates",
      "mobile": "0421 180 839",
      "address": "13 Merinda Close\nADAMSTOWN HEIGHTS\nNSW 2289",
      "email": "juniorhawke@hotmail.com",
      "dateofbirth": "21-Aug1941-",
      "landline": "02 4957 7470",
      "lastseen": "30-Jun-2023",
      "file_name": "Page 26.pdf"
    },
    {
      "full_name": "John MacFarlane",
      "mobile": "0413 140 871",
      "address": "430 Brunker Road\nADAMSTOWN HEIGHTS NSW 2289",
      "email": "olbu@mail.com",
      "dateofbirth": "08-Jul-1947",
      "landline": "02 4943 7277",
      "lastseen": "30-Jun-2023",
      "file_name": "Page 26.pdf"
    },
    {
      "full_name": "Geoffrey Roser",
      "mobile": "0413 000 883",
      "address": "2 Randall Parade\nADAMSTOWN HEIGHTS\nNSW 2289",
      "email": "monkeymyers1@optusn...",
      "dateofbirth": "08-Feb-1985",
      "landline": "02\n4023\n3587",
      "lastseen": "30-Jun-2023",
      "file_name": "Page 26.pdf"
    },
    {
      "full_name": "Jennifer Carruthers",
      "mobile": "0401 106 675",
      "address": "4 Kara Street\nADAMSTOWN HEIGHTS NSW 2289",
      "email": "sandra@topnutrition.com...",
      "dateofbirth": "21Aug--1940",
      "landline": "02 4920 8661",
      "lastseen": "30-Jun-2023",
      "file_name": "Page 26.pdf"
    },
    {
      "full_name": "Robyn Ellen Pinkerton",
      "mobile": "0403 244 080",
      "address": "Parade Unit 2 54 Garden Grove ADAMSTOWN HEIGHTS\nNSW 2289",
      "email": "ross.baines@metrolimet...",
      "dateofbirth": "29-Jun-1950",
      "landline": "02\n4943\n7064",
      "lastseen": "30-Jun-2023",
      "file_name": "Page 26.pdf"
    },
    {
      "full_name": "Robyn Kenna",
      "mobile": "0425 350 734",
      "address": "8 Astor Street\nADAMSTOWN HEIGHTS\nNSW 2289",
      "email": "rita@dipcoss.com",
      "dateofbirth": "03-Jun1962-",
      "landline": "02 4943 0992",
      "lastseen": "30-Jun-2023",
      "file_name": "Page 26.pdf"
    },
    {
      "full_name": "Tracy Fitzsimmons",
      "mobile": "0400 309 282",
      "address": "9 Astor Street\nADAMSTOWN HEIGHTS NSW 2289",
      "email": "Icburden@bigpond.com",
      "dateofbirth": "02-Sept1937-",
      "landline": "02\n4943 8377",
      "lastseen": "30-Jun-2023",
      "file_name": "Page 26.pdf"
    },
    {
      "full_name": "J Dalton",
      "mobile": "0403 041 061",
      "address": "2 Caroona Close\nADAMSTOWN HEIGHTS\nNSW 2289",
      "email": "cabbagethecattledog@g...",
      "dateofbirth": "17-Dec-1952",
      "landline": "02\n4956 4150",
      "lastseen": "30-Jun-2023",
      "file_name": "Page 26.pdf"
    },
    {
      "full_name": "E Mansfield",
      "mobile": "0413 608 001",
      "address": "13 Sheridan Avenue\nADAMSTOWN HEIGHTS\nNSW 2289",
      "email": "maria.tynan@hunterwate...",
      "dateofbirth": "16-Jun-1953",
      "landline": "02 4956 2978",
      "lastseen": "30-Jun-2023",
      "file_name": "Page 26.pdf"
    },
    {
      "full_name": "Matt Clements",
      "mobile": "0439 686 114",
      "address": "Parade Unit 6 54 Garden Grove ADAMSTOWN HEIGHTS\nNSW 2289",
      "email": "ejholdom@hotmail.com",
      "dateofbirth": "24-Jan-1968",
      "landline": "02 4920 8442",
      "lastseen": "30-Jun-2023",
      "file_name": "Page 26.pdf"
    },
    {
      "full_name": "Carla Van Der Wel",
      "mobile": "0417 123 174",
      "address": "20 Bulkara Street\nADAMSTOWN HEIGHTS\nNSW 2289",
      "email": "vetboy001@optusnet.co...",
      "dateofbirth": "18-Dec-1970",
      "landline": "02 4943 2849",
      "lastseen": "30-Jun-2023",
      "file_name": "Page 26.pdf"
    },
    {
      "full_name": "J Wheeler",
      "mobile": "0420\n403\n144",
      "address": "Unit 19 102 Madison Drive\nADAMSTOWN HEIGHTS NSW 2289",
      "email": "guzanne@optusnet.com.au",
      "dateofbirth": "30-Mar-1986",
      "landline": "02 4947 8272",
      "lastseen": "30-Jun-2023",
      "file_name": "Page 26.pdf"
    },
    {
      "full_name": "Gayle Hopwood",
      "mobile": "0413 363 285",
      "address": "Unit 5 102 Madison Drive\nADAMSTOWN HEIGHTS\nNSW 2289",
      "email": "dave.ray@vodafone.com",
      "dateofbirth": "14-Apr-1988",
      "landline": "02 4952 3519",
      "lastseen": "30-Jun-2023",
      "file_name": "Page 26.pdf"
    },
    {
      "full_name": "Kent Alexander Dwyer",
      "mobile": "0421\n188 074",
      "address": "57 Lucas Crescent\nADAMSTOWN HEIGHTS\nNSW 2289",
      "email": "c3164410@uon.edu.au",
      "dateofbirth": "16-Jun1981-",
      "landline": "02 4920 8153",
      "lastseen": "30-Jun-2023",
      "file_name": "Page 26.pdf"
    },
    {
      "full_name": "Chris Heinjus",
      "address": "22 Astor Street\nADAMSTOWN HEIGHTS\nNSW 2289",
      "dateofbirth": "29Aug--1984",
      "landline": "02 4920 8397",
      "lastseen": "30-Jun-2023",
      "file_name": "Page 26.pdf"
    },
    {
      "full_name": "Gemma Kelaher",
      "address": "3 Bulkara Street\nADAMSTOWN HEIGHTS\nNSW 2289",
      "dateofbirth": "28May--1954",
      "landline": "02 4952 7455",
      "lastseen": "30-Jun-2023",
      "file_name": "Page 26.pdf"
    },
    {
      "full_name": "Robert Patel",
      "address": "28 Lexington Parade\nADAMSTOWN HEIGHTS\nNSW 2289",
      "dateofbirth": "29-Dec-1960",
      "landline": "02 4920 6406",
      "lastseen": "30-Jun-2023",
      "file_name": "Page 26.pdf"
    },
    {
      "full_name": "Christina See",
      "address": "15 Edison Street\nADAMSTOWN HEIGHTS\nNSW 2289",
      "dateofbirth": "22-Sept1964-",
      "landline": "02 4943 5760",
      "lastseen": "30-Jun-2023",
      "file_name": "Page 26.pdf"
    },
    {
      "full_name": "Julie-Anne Marshall",
      "address": "43 Faul Street\nADAMSTOWN HEIGHTS\nNSW 2289",
      "dateofbirth": "06-Mar1960-",
      "landline": "02\n4920\n6771",
      "lastseen": "30-Jun-2023",
      "file_name": "Page 26.pdf"
    },
    {
      "full_name": "George Grivas",
      "address": "25 Wade Street\nADAMSTOWN HEIGHTS\nNSW 2289",
      "dateofbirth": "23May--1956",
      "landline": "02 4942 1229",
      "lastseen": "30-Jun-2023",
      "file_name": "Page 26.pdf"
    },
    {
      "full_name": "Esyrahlyn Frost",
      "address": "82 Carolyn Street\nADAMSTOWN HEIGHTS\nNSW 2289",
      "dateofbirth": "07May--1962",
      "landline": "02 4943 3041",
      "lastseen": "30-Jun-2023",
      "file_name": "Page 26.pdf"
    },
    {
      "full_name": "Michelle Fairfull우",
      "address": "13 Northwood Street\nADAMSTOWN HEIGHTS",
      "dateofbirth": "15-Nov-1982",
      "landline": "02 4943 1995",
      "lastseen": "30-Jun-2023",
      "file_name": "Page 26.pdf"
    },
    {
      "full_name": "Melanie Gibson",
      "address": "1 Garden Grove Parade\nADAMSTOWN HEIGHTS\nNSW 2289",
      "dateofbirth": "19-Nov-1935",
      "landline": "02 4920 6767",
      "lastseen": "30-Jun-2023",
      "file_name": "Page 26.pdf"
    },
    {
      "full_name": "John Murray",
      "address": "5 Edison Street\nADAMSTOWN HEIGHTS\nNSW 2289",
      "dateofbirth": "03-Dec-1979",
      "landline": "06 1254 5799",
      "lastseen": "30-Jun-2023",
      "file_name": "Page 26.pdf"
    },
    {
      "full_name": "Diane Hay",
      "address": "119 Lexington Parade\nADAMSTOWN HEIGHTS\nNSW 2289",
      "dateofbirth": "21-Jun1962-",
      "landline": "02 4943 5178",
      "lastseen": "30-Jun-2023",
      "file_name": "Page 26.pdf"
    },
    {
      "full_name": "Umahdevi Nagamuthu",
      "address": "40 Faul Street\nADAMSTOWN HEIGHTS\nNSW 2289",
      "dateofbirth": "25-Nov1972-",
      "landline": "02 4943 9699",
      "lastseen": "30-Jun-2023",
      "file_name": "Page 26.pdf"
    },
    {
      "full_name": "Matthew Hawked",
      "address": "14 Fernleigh Loop\nADAMSTOWN HEIGHTS NSW 2289",
      "dateofbirth": "07Jun-1950-",
      "landline": "02 4943 9699",
      "lastseen": "30-Jun-2023",
      "file_name": "Page 26.pdf"
    },
    {
      "full_name": "Natpatsorn Oliver",
      "address": "Unit 2 7A Madera Close\nADAMSTOWN HEIGHTS\nNSW 2289",
      "dateofbirth": "06-Jul1942-",
      "landline": "02 4957 5674",
      "lastseen": "30-Jun-2023",
      "file_name": "Page 26.pdf"
    },
    {
      "full_name": "Sandra Hartono",
      "address": "16 Hillcrest Parade\nADAMSTOWN HEIGHTS\nNSW 2289",
      "dateofbirth": "15-Nov-1956",
      "landline": "02 4943\n8284",
      "lastseen": "30-Jun-2023",
      "file_name": "Page 26.pdf"
    },
    {
      "full_name": "Ross Baines",
      "address": "1 Randall Parade\nADAMSTOWN HEIGHTS\nNSW 2289",
      "dateofbirth": "14-Apr-1977",
      "landline": "02 4943 8284",
      "lastseen": "30-Jun-2023",
      "file_name": "Page 26.pdf"
    },
    {
      "full_name": "Rita Di Prinzio",
      "address": "53 Lucas Crescent\nADAMSTOWN HEIGHTS\nNSW 2289",
      "dateofbirth": "30Aug--1956",
      "landline": "02\n4942\n2444",
      "lastseen": "30-Jun-2023",
      "file_name": "Page 26.pdf"
    },
    {
      "full_name": "Anne Brogan",
      "address": "45 Lucas Crescent\nADAMSTOWN HEIGHTS\nNSW 2289",
      "dateofbirth": "29-Jun1974-",
      "landline": "02\n4952\n2492",
      "lastseen": "30-Jun-2023",
      "file_name": "Page 26.pdf"
    },
    {
      "full_name": "Daniel Anthony Brogan",
      "address": "167 Princeton Avenue\nADAMSTOWN HEIGHTS\nNSW 2289",
      "dateofbirth": "05May--1963",
      "landline": "02 4943 8303",
      "lastseen": "30-Jun2023-",
      "file_name": "Page 26.pdf"
    },
    {
      "full_name": "John Robert Litchfield",
      "address": "74 Madison Drive\nADAMSTOWN HEIGHTS\nNSW 2289",
      "dateofbirth": "06May--1966",
      "landline": "02\n4943\n4013",
      "lastseen": "30-Jun-2023",
      "file_name": "Page 26.pdf"
    },
    {
      "full_name": "Ann Maree Keating",
      "address": "4 Montana Close\nADAMSTOWN HEIGHTS\nNSW 2289",
      "dateofbirth": "11-Aug1955-",
      "landline": "02\n4942\n4039",
      "lastseen": "30-Jun-2023",
      "file_name": "Page 26.pdf"
    },
    {
      "full_name": "David James Keating",
      "address": "44 Madison Drive\nADAMSTOWN HEIGHTS\nNSW 2289",
      "dateofbirth": "16-Sept1940-",
      "landline": "02 4920\n6356",
      "lastseen": "30-Jun-2023",
      "file_name": "Page 26.pdf"
    },
    {
      "full_name": "Beverley Ann Medlicott",
      "address": "44 Madison Drive\nADAMSTOWN HEIGHTS\nNSW 2289",
      "dateofbirth": "24Aug--1937",
      "landline": "02 4942\n4406",
      "lastseen": "30-Jun-2023",
      "file_name": "Page 26.pdf"
    },
    {
      "full_name": "William Norman Giles",
      "address": "101 Garden Grove Parade\nADAMSTOWN HEIGHTS\nNSW 2289",
      "dateofbirth": "14-Nov-1937",
      "landline": "02 4947 8019",
      "lastseen": "30-Jun-2023",
      "file_name": "Page 26.pdf"
    },
    {
      "full_name": "Niki Georgiou",
      "address": "26 Melissa Avenue\nADAMSTOWN HEIGHTS\nNSW 2289",
      "dateofbirth": "24-Sept1959-",
      "landline": "02 4943\n1383",
      "lastseen": "30-Jun-2023",
      "file_name": "Page 26.pdf"
    },
    {
      "full_name": "Gary Brian Watkins",
      "address": "26 Melissa Avenue\nADAMSTOWN HEIGHTS\nNSW 2289",
      "dateofbirth": "15-Sept-1984",
      "landline": "02 4942\n4406",
      "lastseen": "30-Jun-2023",
      "file_name": "Page 26.pdf"
    },
    {
      "full_name": "Wallace Allen Johnston",
      "address": "122 Princeton Avenue\nADAMSTOWN HEIGHTS\nNSW 2289",
      "dateofbirth": "18Jun-1942-",
      "landline": "02 4957 7062",
      "lastseen": "30-Jun-2023",
      "file_name": "Page 26.pdf"
    },
    {
      "full_name": "Cath Burden",
      "address": "22 Wade Street\nADAMSTOWN HEIGHTS\nNSW 2289",
      "dateofbirth": "08-Dec-1938",
      "landline": "02\n4943\n9086",
      "lastseen": "30-Jun-2023",
      "file_name": "Page 26.pdf"
    },
    {
      "full_name": "Michael Addisonở",
      "address": "24 Montrose Avenue\nADAMSTOWN HEIGHTS\nNSW 2289",
      "dateofbirth": "17-Jan-1983",
      "landline": "02\n4943\n4434",
      "lastseen": "30-Jun-2023",
      "file_name": "Page 26.pdf"
    },
    {
      "full_name": "Maria Tynan",
      "address": "11 Melissa Avenue\nADAMSTOWN HEIGHTS\nNSW 2289",
      "dateofbirth": "16-\nMay-1941",
      "landline": "02\n4943 0087",
      "lastseen": "30-Jun-2023",
      "file_name": "Page 26.pdf"
    },
    {
      "full_name": "Elaine Holdom",
      "address": "40 Montrose Avenue\nADAMSTOWN HEIGHTS\nNSW 2289",
      "dateofbirth": "25-Nov-1948",
      "lastseen": "30-Jun-2023",
      "file_name": "Page 26.pdf"
    },
    {
      "full_name": "Christopher McCarthy",
      "address": "15 Ashbury Street\nADAMSTOWN HEIGHTS\nNSW 2289",
      "dateofbirth": "19-Apr-1957",
      "lastseen": "30-Jun-2023",
      "file_name": "Page 26.pdf"
    },
    {
      "full_name": "Grant Davis",
      "address": "33 Fernleigh Loop\nADAMSTOWN HEIGHTS\nNSW 2289",
      "dateofbirth": "17-Dec-1968",
      "lastseen": "30-Jun-2023",
      "file_name": "Page 26.pdf"
    },
    {
      "full_name": "David Ray",
      "address": "129 Princeton Avenue\nADAMSTOWN HEIGHTS NSW 2289",
      "dateofbirth": "24-Dec-1970",
      "lastseen": "30-Jun-2023",
      "file_name": "Page 26.pdf"
    },
    {
      "full_name": "Lawrence D Burden",
      "address": "17 Boronia Avenue\nADAMSTOWN HEIGHTS\nNSW 2289",
      "dateofbirth": "23-Nov1954-",
      "lastseen": "30-Jun-2023",
      "file_name": "Page 26.pdf"
    },
    {
      "full_name": "Glenn Skelly",
      "address": "109 Princeton Avenue\nADAMSTOWN HEIGHTS\nNSW 2289",
      "dateofbirth": "10May--1945",
      "lastseen": "30-Jun-2023",
      "file_name": "Page 26.pdf"
    },
    {
      "full_name": "Chloe Morgan",
      "address": "1 South Street\nADAMSTOWN HEIGHTS NSW 2289",
      "dateofbirth": "06May--1971",
      "lastseen": "30-Jun-2023",
      "file_name": "Page 26.pdf"
    }
  ],
  "document_ai_entities": [
    {
      "type": "address",
      "value": "NSW 2289 35 Madison Drive\nADAMSTOWN HEIGHTS",
      "file_name": "Page 26.pdf"
    },
    {
      "type": "address",
      "value": "18 Faul Street\nADAMSTOWN HEIGHTS NSW 2289",
      "file_name": "Page 26.pdf"
    },
    {
      "type": "address",
      "value": "114 Northcott Drive\nADAMSTOWN HEIGHTS\nNSW 2289",
      "file_name": "Page 26.pdf"
    },
    {
      "type": "address",
      "value": "161 Northcott Drive\nADAMSTOWN HEIGHTS\nNSW 2289",
      "file_name": "Page 26.pdf"
    },
    {
      "type": "address",
      "value": "24 Sheridan Avenue\nADAMSTOWN HEIGHTS\nNSW 2289",
      "file_name": "Page 26.pdf"
    },
    {
      "type": "address",
      "value": "3 Myrtle Close ADAMSTOWN HEIGHTS\nNSW 2289",
      "file_name": "Page 26.pdf"
    },
    {
      "type": "address",
      "value": "53 Sheridan Avenue\nADAMSTOWN HEIGHTS\nNSW 2289",
      "file_name": "Page 26.pdf"
    },
    {
      "type": "address",
      "value": "4 Kara Street\nADAMSTOWN HEIGHTS\nNSW 2289",
      "file_name": "Page 26.pdf"
    },
    {
      "type": "address",
      "value": "75 Madison Drive\nADAMSTOWN HEIGHTS NSW 2289",
      "file_name": "Page 26.pdf"
    },
    {
      "type": "address",
      "value": "125 Princeton Avenue\nADAMSTOWN HEIGHTS\nNSW 2289",
      "file_name": "Page 26.pdf"
    },
    {
      "type": "address",
      "value": "6 Boronia Avenue\nADAMSTOWN HEIGHTS\nNSW 2289",
      "file_name": "Page 26.pdf"
    },
    {
      "type": "address",
      "value": "94 Northcott Drive\nADAMSTOWN HEIGHTS NSW 2289",
      "file_name": "Page 26.pdf"
    },
    {
      "type": "address",
      "value": "27 Terence Street\nADAMSTOWN HEIGHTS\nNSW 2289",
      "file_name": "Page 26.pdf"
    },
    {
      "type": "address",
      "value": "44 Boronia Avenue\nADAMSTOWN HEIGHTS\nNSW 2289",
      "file_name": "Page 26.pdf"
    },
    {
      "type": "address",
      "value": "13 Crossland Street\nADAMSTOWN HEIGHTS\nNSW 2289",
      "file_name": "Page 26.pdf"
    },
    {
      "type": "address",
      "value": "150 Princeton Avenue\nADAMSTOWN HEIGHTS\nNSW 2289",
      "file_name": "Page 26.pdf"
    },
    {
      "type": "address",
      "value": "16 Dalvern Close\nADAMSTOWN HEIGHTS\nNSW 2289",
      "file_name": "Page 26.pdf"
    },
    {
      "type": "address",
      "value": "75 Carolyn Street\nADAMSTOWN HEIGHTS\nNSW 2289",
      "file_name": "Page 26.pdf"
    },
    {
      "type": "address",
      "value": "15 Caroona Close\nADAMSTOWN HEIGHTS NSW 2289",
      "file_name": "Page 26.pdf"
    },
    {
      "type": "address",
      "value": "83 Madison Drive\nADAMSTOWN HEIGHTS\nNSW 2289",
      "file_name": "Page 26.pdf"
    },
    {
      "type": "address",
      "value": "25 Carolyn Street\nADAMSTOWN HEIGHTS\nNSW 2289",
      "file_name": "Page 26.pdf"
    },
    {
      "type": "address",
      "value": "6 Westwood Avenue\nADAMSTOWN HEIGHTS\nNSW 2289",
      "file_name": "Page 26.pdf"
    },
    {
      "type": "address",
      "value": "13 Merinda Close\nADAMSTOWN HEIGHTS\nNSW 2289",
      "file_name": "Page 26.pdf"
    },
    {
      "type": "address",
      "value": "430 Brunker Road\nADAMSTOWN HEIGHTS NSW 2289",
      "file_name": "Page 26.pdf"
    },
    {
      "type": "address",
      "value": "2 Randall Parade\nADAMSTOWN HEIGHTS\nNSW 2289",
      "file_name": "Page 26.pdf"
    },
    {
      "type": "address",
      "value": "4 Kara Street\nADAMSTOWN HEIGHTS NSW 2289",
      "file_name": "Page 26.pdf"
    },
    {
      "type": "address",
      "value": "Parade Unit 2 54 Garden Grove ADAMSTOWN HEIGHTS\nNSW 2289",
      "file_name": "Page 26.pdf"
    },
    {
      "type": "address",
      "value": "8 Astor Street\nADAMSTOWN HEIGHTS\nNSW 2289",
      "file_name": "Page 26.pdf"
    },
    {
      "type": "address",
      "value": "9 Astor Street\nADAMSTOWN HEIGHTS NSW 2289",
      "file_name": "Page 26.pdf"
    },
    {
      "type": "address",
      "value": "2 Caroona Close\nADAMSTOWN HEIGHTS\nNSW 2289",
      "file_name": "Page 26.pdf"
    },
    {
      "type": "address",
      "value": "13 Sheridan Avenue\nADAMSTOWN HEIGHTS\nNSW 2289",
      "file_name": "Page 26.pdf"
    },
    {
      "type": "address",
      "value": "Parade Unit 6 54 Garden Grove ADAMSTOWN HEIGHTS\nNSW 2289",
      "file_name": "Page 26.pdf"
    },
    {
      "type": "address",
      "value": "20 Bulkara Street\nADAMSTOWN HEIGHTS\nNSW 2289",
      "file_name": "Page 26.pdf"
    },
    {
      "type": "address",
      "value": "Unit 19 102 Madison Drive\nADAMSTOWN HEIGHTS NSW 2289",
      "file_name": "Page 26.pdf"
    },
    {
      "type": "address",
      "value": "Unit 5 102 Madison Drive\nADAMSTOWN HEIGHTS\nNSW 2289",
      "file_name": "Page 26.pdf"
    },
    {
      "type": "address",
      "value": "57 Lucas Crescent\nADAMSTOWN HEIGHTS\nNSW 2289",
      "file_name": "Page 26.pdf"
    },
    {
      "type": "address",
      "value": "22 Astor Street\nADAMSTOWN HEIGHTS\nNSW 2289",
      "file_name": "Page 26.pdf"
    },
    {
      "type": "address",
      "value": "3 Bulkara Street\nADAMSTOWN HEIGHTS\nNSW 2289",
      "file_name": "Page 26.pdf"
    },
    {
      "type": "address",
      "value": "28 Lexington Parade\nADAMSTOWN HEIGHTS\nNSW 2289",
      "file_name": "Page 26.pdf"
    },
    {
      "type": "address",
      "value": "15 Edison Street\nADAMSTOWN HEIGHTS\nNSW 2289",
      "file_name": "Page 26.pdf"
    },
    {
      "type": "address",
      "value": "43 Faul Street\nADAMSTOWN HEIGHTS\nNSW 2289",
      "file_name": "Page 26.pdf"
    },
    {
      "type": "address",
      "value": "25 Wade Street\nADAMSTOWN HEIGHTS\nNSW 2289",
      "file_name": "Page 26.pdf"
    },
    {
      "type": "address",
      "value": "82 Carolyn Street\nADAMSTOWN HEIGHTS\nNSW 2289",
      "file_name": "Page 26.pdf"
    },
    {
      "type": "address",
      "value": "13 Northwood Street\nADAMSTOWN HEIGHTS",
      "file_name": "Page 26.pdf"
    },
    {
      "type": "address",
      "value": "1 Garden Grove Parade\nADAMSTOWN HEIGHTS\nNSW 2289",
      "file_name": "Page 26.pdf"
    },
    {
      "type": "address",
      "value": "5 Edison Street\nADAMSTOWN HEIGHTS\nNSW 2289",
      "file_name": "Page 26.pdf"
    },
    {
      "type": "address",
      "value": "119 Lexington Parade\nADAMSTOWN HEIGHTS\nNSW 2289",
      "file_name": "Page 26.pdf"
    },
    {
      "type": "address",
      "value": "40 Faul Street\nADAMSTOWN HEIGHTS\nNSW 2289",
      "file_name": "Page 26.pdf"
    },
    {
      "type": "address",
      "value": "14 Fernleigh Loop\nADAMSTOWN HEIGHTS NSW 2289",
      "file_name": "Page 26.pdf"
    },
    {
      "type": "address",
      "value": "Unit 2 7A Madera Close\nADAMSTOWN HEIGHTS\nNSW 2289",
      "file_name": "Page 26.pdf"
    },
    {
      "type": "address",
      "value": "16 Hillcrest Parade\nADAMSTOWN HEIGHTS\nNSW 2289",
      "file_name": "Page 26.pdf"
    },
    {
      "type": "address",
      "value": "1 Randall Parade\nADAMSTOWN HEIGHTS\nNSW 2289",
      "file_name": "Page 26.pdf"
    },
    {
      "type": "address",
      "value": "53 Lucas Crescent\nADAMSTOWN HEIGHTS\nNSW 2289",
      "file_name": "Page 26.pdf"
    },
    {
      "type": "address",
      "value": "45 Lucas Crescent\nADAMSTOWN HEIGHTS\nNSW 2289",
      "file_name": "Page 26.pdf"
    },
    {
      "type": "address",
      "value": "167 Princeton Avenue\nADAMSTOWN HEIGHTS\nNSW 2289",
      "file_name": "Page 26.pdf"
    },
    {
      "type": "address",
      "value": "74 Madison Drive\nADAMSTOWN HEIGHTS\nNSW 2289",
      "file_name": "Page 26.pdf"
    },
    {
      "type": "address",
      "value": "4 Montana Close\nADAMSTOWN HEIGHTS\nNSW 2289",
      "file_name": "Page 26.pdf"
    },
    {
      "type": "address",
      "value": "44 Madison Drive\nADAMSTOWN HEIGHTS\nNSW 2289",
      "file_name": "Page 26.pdf"
    },
    {
      "type": "address",
      "value": "44 Madison Drive\nADAMSTOWN HEIGHTS\nNSW 2289",
      "file_name": "Page 26.pdf"
    },
    {
      "type": "address",
      "value": "101 Garden Grove Parade\nADAMSTOWN HEIGHTS\nNSW 2289",
      "file_name": "Page 26.pdf"
    },
    {
      "type": "address",
      "value": "26 Melissa Avenue\nADAMSTOWN HEIGHTS\nNSW 2289",
      "file_name": "Page 26.pdf"
    },
    {
      "type": "address",
      "value": "26 Melissa Avenue\nADAMSTOWN HEIGHTS\nNSW 2289",
      "file_name": "Page 26.pdf"
    },
    {
      "type": "address",
      "value": "122 Princeton Avenue\nADAMSTOWN HEIGHTS\nNSW 2289",
      "file_name": "Page 26.pdf"
    },
    {
      "type": "address",
      "value": "22 Wade Street\nADAMSTOWN HEIGHTS\nNSW 2289",
      "file_name": "Page 26.pdf"
    },
    {
      "type": "address",
      "value": "24 Montrose Avenue\nADAMSTOWN HEIGHTS\nNSW 2289",
      "file_name": "Page 26.pdf"
    },
    {
      "type": "address",
      "value": "11 Melissa Avenue\nADAMSTOWN HEIGHTS\nNSW 2289",
      "file_name": "Page 26.pdf"
    },
    {
      "type": "address",
      "value": "40 Montrose Avenue\nADAMSTOWN HEIGHTS\nNSW 2289",
      "file_name": "Page 26.pdf"
    },
    {
      "type": "address",
      "value": "15 Ashbury Street\nADAMSTOWN HEIGHTS\nNSW 2289",
      "file_name": "Page 26.pdf"
    },
    {
      "type": "address",
      "value": "33 Fernleigh Loop\nADAMSTOWN HEIGHTS\nNSW 2289",
      "file_name": "Page 26.pdf"
    },
    {
      "type": "address",
      "value": "129 Princeton Avenue\nADAMSTOWN HEIGHTS NSW 2289",
      "file_name": "Page 26.pdf"
    },
    {
      "type": "address",
      "value": "17 Boronia Avenue\nADAMSTOWN HEIGHTS\nNSW 2289",
      "file_name": "Page 26.pdf"
    },
    {
      "type": "address",
      "value": "109 Princeton Avenue\nADAMSTOWN HEIGHTS\nNSW 2289",
      "file_name": "Page 26.pdf"
    },
    {
      "type": "address",
      "value": "1 South Street\nADAMSTOWN HEIGHTS NSW 2289",
      "file_name": "Page 26.pdf"
    },
    {
      "type": "address",
      "value": "15 Caroona Close\nADAMSTOWN HEIGHTS\nNSW 2289",
      "file_name": "Page 26.pdf"
    },
    {
      "type": "address",
      "value": "12 Ellerslie Road\nADAMSTOWN HEIGHTS\nNSW 2289",
      "file_name": "Page 26.pdf"
    },
    {
      "type": "address",
      "value": "33 Fernleigh Loop ADAMSTOWN HEIGHTS NSW 2289",
      "file_name": "Page 26.pdf"
    },
    {
      "type": "address",
      "value": "15 Boronia Avenue\nADAMSTOWN HEIGHTS NSW 2289",
      "file_name": "Page 26.pdf"
    },
    {
      "type": "address",
      "value": "15 Stayton Street\nADAMSTOWN HEIGHTS\nNSW 2289",
      "file_name": "Page 26.pdf"
    },
    {
      "type": "address",
      "value": "33 Corriston Crescent\nADAMSTOWN HEIGHTS\nNSW 2289",
      "file_name": "Page 26.pdf"
    },
    {
      "type": "address",
      "value": "24 Ellerslie Road\nADAMSTOWN HEIGHTS NSW 2289",
      "file_name": "Page 26.pdf"
    },
    {
      "type": "address",
      "value": "4 Marin Street",
      "file_name": "Page 26.pdf"
    },
    {
      "type": "dateofbirth",
      "value": "30-Nov-1946",
      "file_name": "Page 26.pdf"
    },
    {
      "type": "dateofbirth",
      "value": "16-Dec-1952",
      "file_name": "Page 26.pdf"
    },
    {
      "type": "dateofbirth",
      "value": "10-Jul-1940",
      "file_name": "Page 26.pdf"
    },
    {
      "type": "dateofbirth",
      "value": "19-Dec-1935",
      "file_name": "Page 26.pdf"
    },
    {
      "type": "dateofbirth",
      "value": "29-Mar-1954",
      "file_name": "Page 26.pdf"
    },
    {
      "type": "dateofbirth",
      "value": "05-Jan-1955",
      "file_name": "Page 26.pdf"
    },
    {
      "type": "dateofbirth",
      "value": "04-Jan1953-",
      "file_name": "Page 26.pdf"
    },
    {
      "type": "dateofbirth",
      "value": "11-Mar-1946",
      "file_name": "Page 26.pdf"
    },
    {
      "type": "dateofbirth",
      "value": "20-Feb-1952",
      "file_name": "Page 26.pdf"
    },
    {
      "type": "dateofbirth",
      "value": "23-Sept-1952",
      "file_name": "Page 26.pdf"
    },
    {
      "type": "dateofbirth",
      "value": "11-Aug1946-",
      "file_name": "Page 26.pdf"
    },
    {
      "type": "dateofbirth",
      "value": "21-Mar-1949",
      "file_name": "Page 26.pdf"
    },
    {
      "type": "dateofbirth",
      "value": "10-Apr-1937",
      "file_name": "Page 26.pdf"
    },
    {
      "type": "dateofbirth",
      "value": "22-Dec-1939",
      "file_name": "Page 26.pdf"
    },
    {
      "type": "dateofbirth",
      "value": "14-Nov-1939",
      "file_name": "Page 26.pdf"
    },
    {
      "type": "dateofbirth",
      "value": "02-Jun1953-",
      "file_name": "Page 26.pdf"
    },
    {
      "type": "dateofbirth",
      "value": "12May--1938",
      "file_name": "Page 26.pdf"
    },
    {
      "type": "dateofbirth",
      "value": "26-Feb-1967",
      "file_name": "Page 26.pdf"
    },
    {
      "type": "dateofbirth",
      "value": "24-Oct1971-",
      "file_name": "Page 26.pdf"
    },
    {
      "type": "dateofbirth",
      "value": "14-May-1981",
      "file_name": "Page 26.pdf"
    },
    {
      "type": "dateofbirth",
      "value": "17-Feb1970-",
      "file_name": "Page 26.pdf"
    },
    {
      "type": "dateofbirth",
      "value": "02-Apr-1973",
      "file_name": "Page 26.pdf"
    },
    {
      "type": "dateofbirth",
      "value": "21-Aug1941-",
      "file_name": "Page 26.pdf"
    },
    {
      "type": "dateofbirth",
      "value": "08-Jul-1947",
      "file_name": "Page 26.pdf"
    },
    {
      "type": "dateofbirth",
      "value": "08-Feb-1985",
      "file_name": "Page 26.pdf"
    },
    {
      "type": "dateofbirth",
      "value": "21Aug--1940",
      "file_name": "Page 26.pdf"
    },
    {
      "type": "dateofbirth",
      "value": "29-Jun-1950",
      "file_name": "Page 26.pdf"
    },
    {
      "type": "dateofbirth",
      "value": "03-Jun1962-",
      "file_name": "Page 26.pdf"
    },
    {
      "type": "dateofbirth",
      "value": "02-Sept1937-",
      "file_name": "Page 26.pdf"
    },
    {
      "type": "dateofbirth",
      "value": "17-Dec-1952",
      "file_name": "Page 26.pdf"
    },
    {
      "type": "dateofbirth",
      "value": "16-Jun-1953",
      "file_name": "Page 26.pdf"
    },
    {
      "type": "dateofbirth",
      "value": "24-Jan-1968",
      "file_name": "Page 26.pdf"
    },
    {
      "type": "dateofbirth",
      "value": "18-Dec-1970",
      "file_name": "Page 26.pdf"
    },
    {
      "type": "dateofbirth",
      "value": "30-Mar-1986",
      "file_name": "Page 26.pdf"
    },
    {
      "type": "dateofbirth",
      "value": "14-Apr-1988",
      "file_name": "Page 26.pdf"
    },
    {
      "type": "dateofbirth",
      "value": "16-Jun1981-",
      "file_name": "Page 26.pdf"
    },
    {
      "type": "dateofbirth",
      "value": "29Aug--1984",
      "file_name": "Page 26.pdf"
    },
    {
      "type": "dateofbirth",
      "value": "28May--1954",
      "file_name": "Page 26.pdf"
    },
    {
      "type": "dateofbirth",
      "value": "29-Dec-1960",
      "file_name": "Page 26.pdf"
    },
    {
      "type": "dateofbirth",
      "value": "22-Sept1964-",
      "file_name": "Page 26.pdf"
    },
    {
      "type": "dateofbirth",
      "value": "06-Mar1960-",
      "file_name": "Page 26.pdf"
    },
    {
      "type": "dateofbirth",
      "value": "23May--1956",
      "file_name": "Page 26.pdf"
    },
    {
      "type": "dateofbirth",
      "value": "07May--1962",
      "file_name": "Page 26.pdf"
    },
    {
      "type": "dateofbirth",
      "value": "15-Nov-1982",
      "file_name": "Page 26.pdf"
    },
    {
      "type": "dateofbirth",
      "value": "19-Nov-1935",
      "file_name": "Page 26.pdf"
    },
    {
      "type": "dateofbirth",
      "value": "03-Dec-1979",
      "file_name": "Page 26.pdf"
    },
    {
      "type": "dateofbirth",
      "value": "21-Jun1962-",
      "file_name": "Page 26.pdf"
    },
    {
      "type": "dateofbirth",
      "value": "25-Nov1972-",
      "file_name": "Page 26.pdf"
    },
    {
      "type": "dateofbirth",
      "value": "07Jun-1950-",
      "file_name": "Page 26.pdf"
    },
    {
      "type": "dateofbirth",
      "value": "06-Jul1942-",
      "file_name": "Page 26.pdf"
    },
    {
      "type": "dateofbirth",
      "value": "15-Nov-1956",
      "file_name": "Page 26.pdf"
    },
    {
      "type": "dateofbirth",
      "value": "14-Apr-1977",
      "file_name": "Page 26.pdf"
    },
    {
      "type": "dateofbirth",
      "value": "30Aug--1956",
      "file_name": "Page 26.pdf"
    },
    {
      "type": "dateofbirth",
      "value": "29-Jun1974-",
      "file_name": "Page 26.pdf"
    },
    {
      "type": "dateofbirth",
      "value": "05May--1963",
      "file_name": "Page 26.pdf"
    },
    {
      "type": "dateofbirth",
      "value": "06May--1966",
      "file_name": "Page 26.pdf"
    },
    {
      "type": "dateofbirth",
      "value": "11-Aug1955-",
      "file_name": "Page 26.pdf"
    },
    {
      "type": "dateofbirth",
      "value": "16-Sept1940-",
      "file_name": "Page 26.pdf"
    },
    {
      "type": "dateofbirth",
      "value": "24Aug--1937",
      "file_name": "Page 26.pdf"
    },
    {
      "type": "dateofbirth",
      "value": "14-Nov-1937",
      "file_name": "Page 26.pdf"
    },
    {
      "type": "dateofbirth",
      "value": "24-Sept1959-",
      "file_name": "Page 26.pdf"
    },
    {
      "type": "dateofbirth",
      "value": "15-Sept-1984",
      "file_name": "Page 26.pdf"
    },
    {
      "type": "dateofbirth",
      "value": "18Jun-1942-",
      "file_name": "Page 26.pdf"
    },
    {
      "type": "dateofbirth",
      "value": "08-Dec-1938",
      "file_name": "Page 26.pdf"
    },
    {
      "type": "dateofbirth",
      "value": "17-Jan-1983",
      "file_name": "Page 26.pdf"
    },
    {
      "type": "dateofbirth",
      "value": "16-\nMay-1941",
      "file_name": "Page 26.pdf"
    },
    {
      "type": "dateofbirth",
      "value": "25-Nov-1948",
      "file_name": "Page 26.pdf"
    },
    {
      "type": "dateofbirth",
      "value": "19-Apr-1957",
      "file_name": "Page 26.pdf"
    },
    {
      "type": "dateofbirth",
      "value": "17-Dec-1968",
      "file_name": "Page 26.pdf"
    },
    {
      "type": "dateofbirth",
      "value": "24-Dec-1970",
      "file_name": "Page 26.pdf"
    },
    {
      "type": "dateofbirth",
      "value": "23-Nov1954-",
      "file_name": "Page 26.pdf"
    },
    {
      "type": "dateofbirth",
      "value": "10May--1945",
      "file_name": "Page 26.pdf"
    },
    {
      "type": "dateofbirth",
      "value": "06May--1971",
      "file_name": "Page 26.pdf"
    },
    {
      "type": "dateofbirth",
      "value": "01-\nSept1962-",
      "file_name": "Page 26.pdf"
    },
    {
      "type": "dateofbirth",
      "value": "20-Feb-1972",
      "file_name": "Page 26.pdf"
    },
    {
      "type": "dateofbirth",
      "value": "03Aug-\n-1967",
      "file_name": "Page 26.pdf"
    },
    {
      "type": "dateofbirth",
      "value": "20-Jan1969-",
      "file_name": "Page 26.pdf"
    },
    {
      "type": "dateofbirth",
      "value": "25-Mar-1943",
      "file_name": "Page 26.pdf"
    },
    {
      "type": "dateofbirth",
      "value": "12-Jan-1972",
      "file_name": "Page 26.pdf"
    },
    {
      "type": "dateofbirth",
      "value": "28-Mar-1947",
      "file_name": "Page 26.pdf"
    },
    {
      "type": "mobile",
      "value": "0407 260 689",
      "file_name": "Page 26.pdf"
    },
    {
      "type": "mobile",
      "value": "0458 790 381",
      "file_name": "Page 26.pdf"
    },
    {
      "type": "mobile",
      "value": "0417 123 174",
      "file_name": "Page 26.pdf"
    },
    {
      "type": "mobile",
      "value": "0431 542 878",
      "file_name": "Page 26.pdf"
    },
    {
      "type": "mobile",
      "value": "0431 068 202",
      "file_name": "Page 26.pdf"
    },
    {
      "type": "mobile",
      "value": "0421 783 578",
      "file_name": "Page 26.pdf"
    },
    {
      "type": "mobile",
      "value": "0412 382 237",
      "file_name": "Page 26.pdf"
    },
    {
      "type": "mobile",
      "value": "0422 973 277",
      "file_name": "Page 26.pdf"
    },
    {
      "type": "mobile",
      "value": "0416 063 055",
      "file_name": "Page 26.pdf"
    },
    {
      "type": "mobile",
      "value": "0412 225 045",
      "file_name": "Page 26.pdf"
    },
    {
      "type": "mobile",
      "value": "0404 047 480",
      "file_name": "Page 26.pdf"
    },
    {
      "type": "mobile",
      "value": "0403 561 841",
      "file_name": "Page 26.pdf"
    },
    {
      "type": "mobile",
      "value": "0423\n192\n414",
      "file_name": "Page 26.pdf"
    },
    {
      "type": "mobile",
      "value": "0412\n571 741",
      "file_name": "Page 26.pdf"
    },
    {
      "type": "mobile",
      "value": "0407\n451 781",
      "file_name": "Page 26.pdf"
    },
    {
      "type": "mobile",
      "value": "0413 915 183",
      "file_name": "Page 26.pdf"
    },
    {
      "type": "mobile",
      "value": "0425 219 796",
      "file_name": "Page 26.pdf"
    },
    {
      "type": "mobile",
      "value": "0478 070 872",
      "file_name": "Page 26.pdf"
    },
    {
      "type": "mobile",
      "value": "0419 515 281",
      "file_name": "Page 26.pdf"
    },
    {
      "type": "mobile",
      "value": "0401 933 093",
      "file_name": "Page 26.pdf"
    },
    {
      "type": "mobile",
      "value": "0406 726 097",
      "file_name": "Page 26.pdf"
    },
    {
      "type": "mobile",
      "value": "0422 864 101",
      "file_name": "Page 26.pdf"
    },
    {
      "type": "mobile",
      "value": "0421 180 839",
      "file_name": "Page 26.pdf"
    },
    {
      "type": "mobile",
      "value": "0413 140 871",
      "file_name": "Page 26.pdf"
    },
    {
      "type": "mobile",
      "value": "0413 000 883",
      "file_name": "Page 26.pdf"
    },
    {
      "type": "mobile",
      "value": "0401 106 675",
      "file_name": "Page 26.pdf"
    },
    {
      "type": "mobile",
      "value": "0403 244 080",
      "file_name": "Page 26.pdf"
    },
    {
      "type": "mobile",
      "value": "0425 350 734",
      "file_name": "Page 26.pdf"
    },
    {
      "type": "mobile",
      "value": "0400 309 282",
      "file_name": "Page 26.pdf"
    },
    {
      "type": "mobile",
      "value": "0403 041 061",
      "file_name": "Page 26.pdf"
    },
    {
      "type": "mobile",
      "value": "0413 608 001",
      "file_name": "Page 26.pdf"
    },
    {
      "type": "mobile",
      "value": "0439 686 114",
      "file_name": "Page 26.pdf"
    },
    {
      "type": "mobile",
      "value": "0417 123 174",
      "file_name": "Page 26.pdf"
    },
    {
      "type": "mobile",
      "value": "0420\n403\n144",
      "file_name": "Page 26.pdf"
    },
    {
      "type": "mobile",
      "value": "0413 363 285",
      "file_name": "Page 26.pdf"
    },
    {
      "type": "mobile",
      "value": "0421\n188 074",
      "file_name": "Page 26.pdf"
    },
    {
      "type": "name",
      "value": "Sandra Sherwin Craig",
      "file_name": "Page 26.pdf"
    },
    {
      "type": "name",
      "value": "Jone Laskovski",
      "file_name": "Page 26.pdf"
    },
    {
      "type": "name",
      "value": "Marjorie Rosenbaum",
      "file_name": "Page 26.pdf"
    },
    {
      "type": "name",
      "value": "Betty Louise Rich",
      "file_name": "Page 26.pdf"
    },
    {
      "type": "name",
      "value": "Louise Boyd",
      "file_name": "Page 26.pdf"
    },
    {
      "type": "name",
      "value": "Susan Maree Ebeling",
      "file_name": "Page 26.pdf"
    },
    {
      "type": "name",
      "value": "Jan Elizabeth Edwards",
      "file_name": "Page 26.pdf"
    },
    {
      "type": "name",
      "value": "Winifred Joan MacFarlan",
      "file_name": "Page 26.pdf"
    },
    {
      "type": "name",
      "value": "Peter John Howlett",
      "file_name": "Page 26.pdf"
    },
    {
      "type": "name",
      "value": "Gregory Rex Hern",
      "file_name": "Page 26.pdf"
    },
    {
      "type": "name",
      "value": "Ann Christine Edser",
      "file_name": "Page 26.pdf"
    },
    {
      "type": "name",
      "value": "Loretta Nicholls",
      "file_name": "Page 26.pdf"
    },
    {
      "type": "name",
      "value": "Maria Drozdzewski",
      "file_name": "Page 26.pdf"
    },
    {
      "type": "name",
      "value": "Peter Anthony Lee",
      "file_name": "Page 26.pdf"
    },
    {
      "type": "name",
      "value": "William Henry Wharton",
      "file_name": "Page 26.pdf"
    },
    {
      "type": "name",
      "value": "Kathryn Knott",
      "file_name": "Page 26.pdf"
    },
    {
      "type": "name",
      "value": "Grant Davis",
      "file_name": "Page 26.pdf"
    },
    {
      "type": "name",
      "value": "James Senior",
      "file_name": "Page 26.pdf"
    },
    {
      "type": "name",
      "value": "Howard Bird",
      "file_name": "Page 26.pdf"
    },
    {
      "type": "name",
      "value": "Genevieve C Ferguson",
      "file_name": "Page 26.pdf"
    },
    {
      "type": "name",
      "value": "la A McLeod",
      "file_name": "Page 26.pdf"
    },
    {
      "type": "name",
      "value": "Cheryl Read",
      "file_name": "Page 26.pdf"
    },
    {
      "type": "name",
      "value": "Katie Bates",
      "file_name": "Page 26.pdf"
    },
    {
      "type": "name",
      "value": "John MacFarlane",
      "file_name": "Page 26.pdf"
    },
    {
      "type": "name",
      "value": "Geoffrey Roser",
      "file_name": "Page 26.pdf"
    },
    {
      "type": "name",
      "value": "Jennifer Carruthers",
      "file_name": "Page 26.pdf"
    },
    {
      "type": "name",
      "value": "Robyn Ellen Pinkerton",
      "file_name": "Page 26.pdf"
    },
    {
      "type": "name",
      "value": "Robyn Kenna",
      "file_name": "Page 26.pdf"
    },
    {
      "type": "name",
      "value": "Tracy Fitzsimmons",
      "file_name": "Page 26.pdf"
    },
    {
      "type": "name",
      "value": "J Dalton",
      "file_name": "Page 26.pdf"
    },
    {
      "type": "name",
      "value": "E Mansfield",
      "file_name": "Page 26.pdf"
    },
    {
      "type": "name",
      "value": "Matt Clements",
      "file_name": "Page 26.pdf"
    },
    {
      "type": "name",
      "value": "Carla Van Der Wel",
      "file_name": "Page 26.pdf"
    },
    {
      "type": "name",
      "value": "J Wheeler",
      "file_name": "Page 26.pdf"
    },
    {
      "type": "name",
      "value": "Gayle Hopwood",
      "file_name": "Page 26.pdf"
    },
    {
      "type": "name",
      "value": "Kent Alexander Dwyer",
      "file_name": "Page 26.pdf"
    },
    {
      "type": "name",
      "value": "Chris Heinjus",
      "file_name": "Page 26.pdf"
    },
    {
      "type": "name",
      "value": "Gemma Kelaher",
      "file_name": "Page 26.pdf"
    },
    {
      "type": "name",
      "value": "Robert Patel",
      "file_name": "Page 26.pdf"
    },
    {
      "type": "name",
      "value": "Christina See",
      "file_name": "Page 26.pdf"
    },
    {
      "type": "name",
      "value": "Julie-Anne Marshall",
      "file_name": "Page 26.pdf"
    },
    {
      "type": "name",
      "value": "George Grivas",
      "file_name": "Page 26.pdf"
    },
    {
      "type": "name",
      "value": "Esyrahlyn Frost",
      "file_name": "Page 26.pdf"
    },
    {
      "type": "name",
      "value": "Michelle Fairfull우",
      "file_name": "Page 26.pdf"
    },
    {
      "type": "name",
      "value": "Melanie Gibson",
      "file_name": "Page 26.pdf"
    },
    {
      "type": "name",
      "value": "John Murray",
      "file_name": "Page 26.pdf"
    },
    {
      "type": "name",
      "value": "Diane Hay",
      "file_name": "Page 26.pdf"
    },
    {
      "type": "name",
      "value": "Umahdevi Nagamuthu",
      "file_name": "Page 26.pdf"
    },
    {
      "type": "name",
      "value": "Matthew Hawked",
      "file_name": "Page 26.pdf"
    },
    {
      "type": "name",
      "value": "Natpatsorn Oliver",
      "file_name": "Page 26.pdf"
    },
    {
      "type": "name",
      "value": "Sandra Hartono",
      "file_name": "Page 26.pdf"
    },
    {
      "type": "name",
      "value": "Ross Baines",
      "file_name": "Page 26.pdf"
    },
    {
      "type": "name",
      "value": "Rita Di Prinzio",
      "file_name": "Page 26.pdf"
    },
    {
      "type": "name",
      "value": "Anne Brogan",
      "file_name": "Page 26.pdf"
    },
    {
      "type": "name",
      "value": "Daniel Anthony Brogan",
      "file_name": "Page 26.pdf"
    },
    {
      "type": "name",
      "value": "John Robert Litchfield",
      "file_name": "Page 26.pdf"
    },
    {
      "type": "name",
      "value": "Ann Maree Keating",
      "file_name": "Page 26.pdf"
    },
    {
      "type": "name",
      "value": "David James Keating",
      "file_name": "Page 26.pdf"
    },
    {
      "type": "name",
      "value": "Beverley Ann Medlicott",
      "file_name": "Page 26.pdf"
    },
    {
      "type": "name",
      "value": "William Norman Giles",
      "file_name": "Page 26.pdf"
    },
    {
      "type": "name",
      "value": "Niki Georgiou",
      "file_name": "Page 26.pdf"
    },
    {
      "type": "name",
      "value": "Gary Brian Watkins",
      "file_name": "Page 26.pdf"
    },
    {
      "type": "name",
      "value": "Wallace Allen Johnston",
      "file_name": "Page 26.pdf"
    },
    {
      "type": "name",
      "value": "Cath Burden",
      "file_name": "Page 26.pdf"
    },
    {
      "type": "name",
      "value": "Michael Addisonở",
      "file_name": "Page 26.pdf"
    },
    {
      "type": "name",
      "value": "Maria Tynan",
      "file_name": "Page 26.pdf"
    },
    {
      "type": "name",
      "value": "Elaine Holdom",
      "file_name": "Page 26.pdf"
    },
    {
      "type": "name",
      "value": "Christopher McCarthy",
      "file_name": "Page 26.pdf"
    },
    {
      "type": "name",
      "value": "Grant Davis",
      "file_name": "Page 26.pdf"
    },
    {
      "type": "name",
      "value": "David Ray",
      "file_name": "Page 26.pdf"
    },
    {
      "type": "name",
      "value": "Lawrence D Burden",
      "file_name": "Page 26.pdf"
    },
    {
      "type": "name",
      "value": "Glenn Skelly",
      "file_name": "Page 26.pdf"
    },
    {
      "type": "name",
      "value": "Chloe Morgan",
      "file_name": "Page 26.pdf"
    },
    {
      "type": "email",
      "value": "golden3@ms10.hinet.net",
      "file_name": "Page 26.pdf"
    },
    {
      "type": "email",
      "value": "ghern@ncc.nsw.gov.au",
      "file_name": "Page 26.pdf"
    },
    {
      "type": "email",
      "value": "epaint@bigpond.net.au",
      "file_name": "Page 26.pdf"
    },
    {
      "type": "email",
      "value": "nic.d.p@hotmail.com",
      "file_name": "Page 26.pdf"
    },
    {
      "type": "email",
      "value": "guzanne@optusnet.com.au",
      "file_name": "Page 26.pdf"
    },
    {
      "type": "email",
      "value": "ktcarruthers@gmail.com",
      "file_name": "Page 26.pdf"
    },
    {
      "type": "email",
      "value": "jennyc@castlechem.com",
      "file_name": "Page 26.pdf"
    },
    {
      "type": "email",
      "value": "elise_mansfield@yahoo",
      "file_name": "Page 26.pdf"
    },
    {
      "type": "email",
      "value": "carlamurphy7@hotmail.c",
      "file_name": "Page 26.pdf"
    },
    {
      "type": "email",
      "value": "gayle_lorraine@yahoo.com",
      "file_name": "Page 26.pdf"
    },
    {
      "type": "email",
      "value": "chrisfang24@gmail.com",
      "file_name": "Page 26.pdf"
    },
    {
      "type": "email",
      "value": "gkelaher@tycoint.com",
      "file_name": "Page 26.pdf"
    },
    {
      "type": "email",
      "value": "robertpatel56@gmail.com",
      "file_name": "Page 26.pdf"
    },
    {
      "type": "email",
      "value": "glennchristin@yahoo.co...",
      "file_name": "Page 26.pdf"
    },
    {
      "type": "email",
      "value": "julieanne_marshall@hot...",
      "file_name": "Page 26.pdf"
    },
    {
      "type": "email",
      "value": "helen.grivas@bigpond.com",
      "file_name": "Page 26.pdf"
    },
    {
      "type": "email",
      "value": "essie_frost@yahoo.com.au",
      "file_name": "Page 26.pdf"
    },
    {
      "type": "email",
      "value": "auchterlonie@optusnet.c...",
      "file_name": "Page 26.pdf"
    },
    {
      "type": "email",
      "value": "isabellalikescats@gmail....",
      "file_name": "Page 26.pdf"
    },
    {
      "type": "email",
      "value": "jmurray@virginbroadban...",
      "file_name": "Page 26.pdf"
    },
    {
      "type": "email",
      "value": "diane.hay@optusnet.co...",
      "file_name": "Page 26.pdf"
    },
    {
      "type": "email",
      "value": "umah56@gmail.com",
      "file_name": "Page 26.pdf"
    },
    {
      "type": "email",
      "value": "juniorhawke@hotmail.com",
      "file_name": "Page 26.pdf"
    },
    {
      "type": "email",
      "value": "olbu@mail.com",
      "file_name": "Page 26.pdf"
    },
    {
      "type": "email",
      "value": "monkeymyers1@optusn...",
      "file_name": "Page 26.pdf"
    },
    {
      "type": "email",
      "value": "sandra@topnutrition.com...",
      "file_name": "Page 26.pdf"
    },
    {
      "type": "email",
      "value": "ross.baines@metrolimet...",
      "file_name": "Page 26.pdf"
    },
    {
      "type": "email",
      "value": "rita@dipcoss.com",
      "file_name": "Page 26.pdf"
    },
    {
      "type": "email",
      "value": "Icburden@bigpond.com",
      "file_name": "Page 26.pdf"
    },
    {
      "type": "email",
      "value": "cabbagethecattledog@g...",
      "file_name": "Page 26.pdf"
    },
    {
      "type": "email",
      "value": "maria.tynan@hunterwate...",
      "file_name": "Page 26.pdf"
    },
    {
      "type": "email",
      "value": "ejholdom@hotmail.com",
      "file_name": "Page 26.pdf"
    },
    {
      "type": "email",
      "value": "vetboy001@optusnet.co...",
      "file_name": "Page 26.pdf"
    },
    {
      "type": "email",
      "value": "guzanne@optusnet.com.au",
      "file_name": "Page 26.pdf"
    },
    {
      "type": "email",
      "value": "dave.ray@vodafone.com",
      "file_name": "Page 26.pdf"
    },
    {
      "type": "email",
      "value": "c3164410@uon.edu.au",
      "file_name": "Page 26.pdf"
    },
    {
      "type": "landline",
      "value": "02 4943 3349",
      "file_name": "Page 26.pdf"
    },
    {
      "type": "landline",
      "value": "02 4943 3632",
      "file_name": "Page 26.pdf"
    },
    {
      "type": "landline",
      "value": "02 4957 4705",
      "file_name": "Page 26.pdf"
    },
    {
      "type": "landline",
      "value": "02 4957 4740",
      "file_name": "Page 26.pdf"
    },
    {
      "type": "landline",
      "value": "02\n4943\n2260",
      "file_name": "Page 26.pdf"
    },
    {
      "type": "landline",
      "value": "02\n4943\n2838",
      "file_name": "Page 26.pdf"
    },
    {
      "type": "landline",
      "value": "02 4947 8261",
      "file_name": "Page 26.pdf"
    },
    {
      "type": "landline",
      "value": "02\n4943 7277",
      "file_name": "Page 26.pdf"
    },
    {
      "type": "landline",
      "value": "02 4942 5080",
      "file_name": "Page 26.pdf"
    },
    {
      "type": "landline",
      "value": "02 4943\n3067",
      "file_name": "Page 26.pdf"
    },
    {
      "type": "landline",
      "value": "02\n4952\n5619",
      "file_name": "Page 26.pdf"
    },
    {
      "type": "landline",
      "value": "02\n4957 5209",
      "file_name": "Page 26.pdf"
    },
    {
      "type": "landline",
      "value": "02 4952\n2929",
      "file_name": "Page 26.pdf"
    },
    {
      "type": "landline",
      "value": "02 4957 2053",
      "file_name": "Page 26.pdf"
    },
    {
      "type": "landline",
      "value": "02 4943 5658",
      "file_name": "Page 26.pdf"
    },
    {
      "type": "landline",
      "value": "02 4943\n6906",
      "file_name": "Page 26.pdf"
    },
    {
      "type": "landline",
      "value": "02 4943\n6127",
      "file_name": "Page 26.pdf"
    },
    {
      "type": "landline",
      "value": "02 4957 1446",
      "file_name": "Page 26.pdf"
    },
    {
      "type": "landline",
      "value": "02 4943 0762",
      "file_name": "Page 26.pdf"
    },
    {
      "type": "landline",
      "value": "02\n4952\n5492",
      "file_name": "Page 26.pdf"
    },
    {
      "type": "landline",
      "value": "02 4957 7854",
      "file_name": "Page 26.pdf"
    },
    {
      "type": "landline",
      "value": "02 4920 7213",
      "file_name": "Page 26.pdf"
    },
    {
      "type": "landline",
      "value": "02 4957 7470",
      "file_name": "Page 26.pdf"
    },
    {
      "type": "landline",
      "value": "02 4943 7277",
      "file_name": "Page 26.pdf"
    },
    {
      "type": "landline",
      "value": "02\n4023\n3587",
      "file_name": "Page 26.pdf"
    },
    {
      "type": "landline",
      "value": "02 4920 8661",
      "file_name": "Page 26.pdf"
    },
    {
      "type": "landline",
      "value": "02\n4943\n7064",
      "file_name": "Page 26.pdf"
    },
    {
      "type": "landline",
      "value": "02 4943 0992",
      "file_name": "Page 26.pdf"
    },
    {
      "type": "landline",
      "value": "02\n4943 8377",
      "file_name": "Page 26.pdf"
    },
    {
      "type": "landline",
      "value": "02\n4956 4150",
      "file_name": "Page 26.pdf"
    },
    {
      "type": "landline",
      "value": "02 4956 2978",
      "file_name": "Page 26.pdf"
    },
    {
      "type": "landline",
      "value": "02 4920 8442",
      "file_name": "Page 26.pdf"
    },
    {
      "type": "landline",
      "value": "02 4943 2849",
      "file_name": "Page 26.pdf"
    },
    {
      "type": "landline",
      "value": "02 4947 8272",
      "file_name": "Page 26.pdf"
    },
    {
      "type": "landline",
      "value": "02 4952 3519",
      "file_name": "Page 26.pdf"
    },
    {
      "type": "landline",
      "value": "02 4920 8153",
      "file_name": "Page 26.pdf"
    },
    {
      "type": "landline",
      "value": "02 4920 8397",
      "file_name": "Page 26.pdf"
    },
    {
      "type": "landline",
      "value": "02 4952 7455",
      "file_name": "Page 26.pdf"
    },
    {
      "type": "landline",
      "value": "02 4920 6406",
      "file_name": "Page 26.pdf"
    },
    {
      "type": "landline",
      "value": "02 4943 5760",
      "file_name": "Page 26.pdf"
    },
    {
      "type": "landline",
      "value": "02\n4920\n6771",
      "file_name": "Page 26.pdf"
    },
    {
      "type": "landline",
      "value": "02 4942 1229",
      "file_name": "Page 26.pdf"
    },
    {
      "type": "landline",
      "value": "02 4943 3041",
      "file_name": "Page 26.pdf"
    },
    {
      "type": "landline",
      "value": "02 4943 1995",
      "file_name": "Page 26.pdf"
    },
    {
      "type": "landline",
      "value": "02 4920 6767",
      "file_name": "Page 26.pdf"
    },
    {
      "type": "landline",
      "value": "06 1254 5799",
      "file_name": "Page 26.pdf"
    },
    {
      "type": "landline",
      "value": "02 4943 5178",
      "file_name": "Page 26.pdf"
    },
    {
      "type": "landline",
      "value": "02 4943 9699",
      "file_name": "Page 26.pdf"
    },
    {
      "type": "landline",
      "value": "02 4943 9699",
      "file_name": "Page 26.pdf"
    },
    {
      "type": "landline",
      "value": "02 4957 5674",
      "file_name": "Page 26.pdf"
    },
    {
      "type": "landline",
      "value": "02 4943\n8284",
      "file_name": "Page 26.pdf"
    },
    {
      "type": "landline",
      "value": "02 4943 8284",
      "file_name": "Page 26.pdf"
    },
    {
      "type": "landline",
      "value": "02\n4942\n2444",
      "file_name": "Page 26.pdf"
    },
    {
      "type": "landline",
      "value": "02\n4952\n2492",
      "file_name": "Page 26.pdf"
    },
    {
      "type": "landline",
      "value": "02 4943 8303",
      "file_name": "Page 26.pdf"
    },
    {
      "type": "landline",
      "value": "02\n4943\n4013",
      "file_name": "Page 26.pdf"
    },
    {
      "type": "landline",
      "value": "02\n4942\n4039",
      "file_name": "Page 26.pdf"
    },
    {
      "type": "landline",
      "value": "02 4920\n6356",
      "file_name": "Page 26.pdf"
    },
    {
      "type": "landline",
      "value": "02 4942\n4406",
      "file_name": "Page 26.pdf"
    },
    {
      "type": "landline",
      "value": "02 4947 8019",
      "file_name": "Page 26.pdf"
    },
    {
      "type": "landline",
      "value": "02 4943\n1383",
      "file_name": "Page 26.pdf"
    },
    {
      "type": "landline",
      "value": "02 4942\n4406",
      "file_name": "Page 26.pdf"
    },
    {
      "type": "landline",
      "value": "02 4957 7062",
      "file_name": "Page 26.pdf"
    },
    {
      "type": "landline",
      "value": "02\n4943\n9086",
      "file_name": "Page 26.pdf"
    },
    {
      "type": "landline",
      "value": "02\n4943\n4434",
      "file_name": "Page 26.pdf"
    },
    {
      "type": "landline",
      "value": "02\n4943 0087",
      "file_name": "Page 26.pdf"
    },
    {
      "type": "lastseen",
      "value": "30-Jun-2023",
      "file_name": "Page 26.pdf"
    },
    {
      "type": "lastseen",
      "value": "30-Jun-2023",
      "file_name": "Page 26.pdf"
    },
    {
      "type": "lastseen",
      "value": "30-Jun-2023",
      "file_name": "Page 26.pdf"
    },
    {
      "type": "lastseen",
      "value": "30-Jun-2023",
      "file_name": "Page 26.pdf"
    },
    {
      "type": "lastseen",
      "value": "30-Jun-2023",
      "file_name": "Page 26.pdf"
    },
    {
      "type": "lastseen",
      "value": "30-Jun-2023",
      "file_name": "Page 26.pdf"
    },
    {
      "type": "lastseen",
      "value": "30-Jun-2023",
      "file_name": "Page 26.pdf"
    },
    {
      "type": "lastseen",
      "value": "30-Jun-2023",
      "file_name": "Page 26.pdf"
    },
    {
      "type": "lastseen",
      "value": "30-Jun-2023",
      "file_name": "Page 26.pdf"
    },
    {
      "type": "lastseen",
      "value": "30-Jun-2023",
      "file_name": "Page 26.pdf"
    },
    {
      "type": "lastseen",
      "value": "30-Jun-2023",
      "file_name": "Page 26.pdf"
    },
    {
      "type": "lastseen",
      "value": "30-Jun-2023",
      "file_name": "Page 26.pdf"
    },
    {
      "type": "lastseen",
      "value": "30-Jun-2023",
      "file_name": "Page 26.pdf"
    },
    {
      "type": "lastseen",
      "value": "30-Jun-2023",
      "file_name": "Page 26.pdf"
    },
    {
      "type": "lastseen",
      "value": "30-Jun-2023",
      "file_name": "Page 26.pdf"
    },
    {
      "type": "lastseen",
      "value": "30-Jun-2023",
      "file_name": "Page 26.pdf"
    },
    {
      "type": "lastseen",
      "value": "30-Jun-2023",
      "file_name": "Page 26.pdf"
    },
    {
      "type": "lastseen",
      "value": "30-Jun-2023",
      "file_name": "Page 26.pdf"
    },
    {
      "type": "lastseen",
      "value": "30-Jun-2023",
      "file_name": "Page 26.pdf"
    },
    {
      "type": "lastseen",
      "value": "30-Jun-2023",
      "file_name": "Page 26.pdf"
    },
    {
      "type": "lastseen",
      "value": "30-Jun-2023",
      "file_name": "Page 26.pdf"
    },
    {
      "type": "lastseen",
      "value": "30-Jun-2023",
      "file_name": "Page 26.pdf"
    },
    {
      "type": "lastseen",
      "value": "30-Jun-2023",
      "file_name": "Page 26.pdf"
    },
    {
      "type": "lastseen",
      "value": "30-Jun-2023",
      "file_name": "Page 26.pdf"
    },
    {
      "type": "lastseen",
      "value": "30-Jun-2023",
      "file_name": "Page 26.pdf"
    },
    {
      "type": "lastseen",
      "value": "30-Jun-2023",
      "file_name": "Page 26.pdf"
    },
    {
      "type": "lastseen",
      "value": "30-Jun-2023",
      "file_name": "Page 26.pdf"
    },
    {
      "type": "lastseen",
      "value": "30-Jun-2023",
      "file_name": "Page 26.pdf"
    },
    {
      "type": "lastseen",
      "value": "30-Jun-2023",
      "file_name": "Page 26.pdf"
    },
    {
      "type": "lastseen",
      "value": "30-Jun-2023",
      "file_name": "Page 26.pdf"
    },
    {
      "type": "lastseen",
      "value": "30-Jun-2023",
      "file_name": "Page 26.pdf"
    },
    {
      "type": "lastseen",
      "value": "30-Jun-2023",
      "file_name": "Page 26.pdf"
    },
    {
      "type": "lastseen",
      "value": "30-Jun-2023",
      "file_name": "Page 26.pdf"
    },
    {
      "type": "lastseen",
      "value": "30-Jun-2023",
      "file_name": "Page 26.pdf"
    },
    {
      "type": "lastseen",
      "value": "30-Jun-2023",
      "file_name": "Page 26.pdf"
    },
    {
      "type": "lastseen",
      "value": "30-Jun-2023",
      "file_name": "Page 26.pdf"
    },
    {
      "type": "lastseen",
      "value": "30-Jun-2023",
      "file_name": "Page 26.pdf"
    },
    {
      "type": "lastseen",
      "value": "30-Jun-2023",
      "file_name": "Page 26.pdf"
    },
    {
      "type": "lastseen",
      "value": "30-Jun-2023",
      "file_name": "Page 26.pdf"
    },
    {
      "type": "lastseen",
      "value": "30-Jun-2023",
      "file_name": "Page 26.pdf"
    },
    {
      "type": "lastseen",
      "value": "30-Jun-2023",
      "file_name": "Page 26.pdf"
    },
    {
      "type": "lastseen",
      "value": "30-Jun-2023",
      "file_name": "Page 26.pdf"
    },
    {
      "type": "lastseen",
      "value": "30-Jun-2023",
      "file_name": "Page 26.pdf"
    },
    {
      "type": "lastseen",
      "value": "30-Jun-2023",
      "file_name": "Page 26.pdf"
    },
    {
      "type": "lastseen",
      "value": "30-Jun-2023",
      "file_name": "Page 26.pdf"
    },
    {
      "type": "lastseen",
      "value": "30-Jun-2023",
      "file_name": "Page 26.pdf"
    },
    {
      "type": "lastseen",
      "value": "30-Jun-2023",
      "file_name": "Page 26.pdf"
    },
    {
      "type": "lastseen",
      "value": "30-Jun-2023",
      "file_name": "Page 26.pdf"
    },
    {
      "type": "lastseen",
      "value": "30-Jun-2023",
      "file_name": "Page 26.pdf"
    },
    {
      "type": "lastseen",
      "value": "30-Jun-2023",
      "file_name": "Page 26.pdf"
    },
    {
      "type": "lastseen",
      "value": "30-Jun-2023",
      "file_name": "Page 26.pdf"
    },
    {
      "type": "lastseen",
      "value": "30-Jun-2023",
      "file_name": "Page 26.pdf"
    },
    {
      "type": "lastseen",
      "value": "30-Jun-2023",
      "file_name": "Page 26.pdf"
    },
    {
      "type": "lastseen",
      "value": "30-Jun-2023",
      "file_name": "Page 26.pdf"
    },
    {
      "type": "lastseen",
      "value": "30-Jun2023-",
      "file_name": "Page 26.pdf"
    },
    {
      "type": "lastseen",
      "value": "30-Jun-2023",
      "file_name": "Page 26.pdf"
    },
    {
      "type": "lastseen",
      "value": "30-Jun-2023",
      "file_name": "Page 26.pdf"
    },
    {
      "type": "lastseen",
      "value": "30-Jun-2023",
      "file_name": "Page 26.pdf"
    },
    {
      "type": "lastseen",
      "value": "30-Jun-2023",
      "file_name": "Page 26.pdf"
    },
    {
      "type": "lastseen",
      "value": "30-Jun-2023",
      "file_name": "Page 26.pdf"
    },
    {
      "type": "lastseen",
      "value": "30-Jun-2023",
      "file_name": "Page 26.pdf"
    },
    {
      "type": "lastseen",
      "value": "30-Jun-2023",
      "file_name": "Page 26.pdf"
    },
    {
      "type": "lastseen",
      "value": "30-Jun-2023",
      "file_name": "Page 26.pdf"
    },
    {
      "type": "lastseen",
      "value": "30-Jun-2023",
      "file_name": "Page 26.pdf"
    },
    {
      "type": "lastseen",
      "value": "30-Jun-2023",
      "file_name": "Page 26.pdf"
    },
    {
      "type": "lastseen",
      "value": "30-Jun-2023",
      "file_name": "Page 26.pdf"
    },
    {
      "type": "lastseen",
      "value": "30-Jun-2023",
      "file_name": "Page 26.pdf"
    },
    {
      "type": "lastseen",
      "value": "30-Jun-2023",
      "file_name": "Page 26.pdf"
    },
    {
      "type": "lastseen",
      "value": "30-Jun-2023",
      "file_name": "Page 26.pdf"
    },
    {
      "type": "lastseen",
      "value": "30-Jun-2023",
      "file_name": "Page 26.pdf"
    },
    {
      "type": "lastseen",
      "value": "30-Jun-2023",
      "file_name": "Page 26.pdf"
    },
    {
      "type": "lastseen",
      "value": "30-Jun-2023",
      "file_name": "Page 26.pdf"
    },
    {
      "type": "lastseen",
      "value": "30-Jun-2023",
      "file_name": "Page 26.pdf"
    },
    {
      "type": "lastseen",
      "value": "30-Jun-2023",
      "file_name": "Page 26.pdf"
    },
    {
      "type": "lastseen",
      "value": "30-Jun-\n2023",
      "file_name": "Page 26.pdf"
    },
    {
      "type": "lastseen",
      "value": "30-Jun-2023",
      "file_name": "Page 26.pdf"
    },
    {
      "type": "lastseen",
      "value": "30-Jun-2023",
      "file_name": "Page 26.pdf"
    },
    {
      "type": "lastseen",
      "value": "30-Jun-2023",
      "file_name": "Page 26.pdf"
    },
    {
      "type": "lastseen",
      "value": "30-Jun-2023",
      "file_name": "Page 26.pdf"
    },
    {
      "type": "lastseen",
      "value": "30-Jun-2023",
      "file_name": "Page 26.pdf"
    }
  ]
}