{
  "processing_timestamp": "2025-10-26T12:51:10.393Z",
  "total_files": 1,
  "raw_records": [
    {
      "full_name": "Maurizio Buttafuoco",
      "mobile": "0499\n996 696",
      "address": "6 Sibley Ramble\nBALDIVIS WA 6171",
      "email": "taipen@bigpond.com",
      "dateofbirth": "25Jul--1962",
      "landline": "08 9524\n2274",
      "lastseen": "30-Jun-2023",
      "file_name": "Page 101.pdf"
    },
    {
      "full_name": "Andrew Williams",
      "mobile": "0499 960 999",
      "address": "17 Mallard Way\nBALDIVIS WA 6171",
      "email": "andrewwilliams6174@hotmail.com",
      "dateofbirth": "06-Jan-1974",
      "landline": "08 9524 2076",
      "lastseen": "30-Jun-2023",
      "file_name": "Page 101.pdf"
    },
    {
      "full_name": "Alison Smith",
      "mobile": "0499 948 532",
      "address": "7 Marlberry Lane\nBALDIVIS WA 6171",
      "email": "salison037@icloud.com",
      "dateofbirth": "03-May-1976",
      "landline": "08 9523 6682",
      "lastseen": "30-Jun-2023",
      "file_name": "Page 101.pdf"
    },
    {
      "full_name": "Anthony Vickers.",
      "mobile": "0499 871 898",
      "address": "26 Camelot Street\nBALDIVIS WA 6171",
      "email": "tony.vickers@live.com.au",
      "dateofbirth": "26Jul--1971",
      "landline": "08 9523 1248",
      "lastseen": "15Aug--2022",
      "file_name": "Page 101.pdf"
    },
    {
      "full_name": "Anthony Vickers",
      "mobile": "0499 871 898",
      "address": "47 Karridale Loop\nBALDIVIS WA 6171",
      "email": "tony.vickers@live.com.au",
      "dateofbirth": "26-Jul-1971",
      "landline": "08 9523 1248",
      "lastseen": "15Aug--2022",
      "file_name": "Page 101.pdf"
    },
    {
      "full_name": "Susan Dunham･･･",
      "mobile": "0499 844 981",
      "address": "19 Solis Boulevard\nBALDIVIS WA 6171",
      "email": "dawson669@gmail.com",
      "dateofbirth": "17-Jun-1970",
      "landline": "08 9524 3630",
      "lastseen": "07Aug-2019-",
      "file_name": "Page 101.pdf"
    },
    {
      "full_name": "Sarah Goodby",
      "mobile": "0499 819 969",
      "address": "36 Kendall Boulevard\nBALDIVIS WA 6171",
      "email": "sarah.goodby@live.co.uk",
      "dateofbirth": "09-Jun1974-",
      "landline": "08 9524 1960",
      "lastseen": "13-Feb-2021",
      "file_name": "Page 101.pdf"
    },
    {
      "full_name": "Ross Wellstead",
      "mobile": "0499 818 144",
      "address": "11 Galena Brace\nBALDIVIS WA 6171",
      "email": "ross.wellstead@hotmail.com",
      "dateofbirth": "14-Dec-1966",
      "landline": "08\n9524 1960",
      "lastseen": "30-Jun-2023",
      "file_name": "Page 101.pdf"
    },
    {
      "full_name": "Jeremy Michael Deaned...",
      "mobile": "0499 777 249",
      "address": "23 Rivette Road\nBALDIVIS WA 6171",
      "email": "jk.deane1@gmail.com",
      "dateofbirth": "08Aug-1973-",
      "landline": "08 9523 1846",
      "lastseen": "30-Jun-2023",
      "file_name": "Page 101.pdf"
    },
    {
      "full_name": "Richard Sticklando...",
      "mobile": "0499 774 284",
      "address": "30 Oak Way\nBALDIVIS WA 6171",
      "email": "Icstickland@hotmail.com",
      "dateofbirth": "26-Jan-1967",
      "landline": "08 9523 1846",
      "lastseen": "30-Jun-2023",
      "file_name": "Page 101.pdf"
    },
    {
      "full_name": "Bradley Morris ...",
      "mobile": "0499 773 863",
      "address": "58 Vernon Gough Drive\nBALDIVIS WA 6171",
      "email": "beefman@inet.net.au",
      "dateofbirth": "20-Jan-1976",
      "landline": "08 9523 6680",
      "lastseen": "30-Jun-2023",
      "file_name": "Page 101.pdf"
    },
    {
      "full_name": "Roberto Antonio Barrero Gumiel",
      "mobile": "0499 771 588",
      "address": "45 Monument Boulevard\nBALDIVIS WA 6171",
      "email": "roberto.antonio.barrero@gmail.com",
      "dateofbirth": "10-Mar-1970",
      "landline": "08\n9523\n8332",
      "lastseen": "22-Nov-2017",
      "file_name": "Page 101.pdf"
    },
    {
      "full_name": "Aaron Burrows...",
      "mobile": "0499 770 211",
      "address": "100 Kendall Boulevard\nBALDIVIS WA 6171",
      "email": "jacb@iinet.net.au",
      "dateofbirth": "02-Mar-1968",
      "landline": "08\n9523\n8602",
      "lastseen": "30-Jun-2023",
      "file_name": "Page 101.pdf"
    },
    {
      "full_name": "Aaron Burrows...",
      "mobile": "0499 770 211",
      "address": "100 Kendall Boulevard\nBALDIVIS WA 6171",
      "email": "66atb@iinet.net.au",
      "dateofbirth": "10-Oct1966-",
      "landline": "08\n9524 1756",
      "lastseen": "30-Jun-2023",
      "file_name": "Page 101.pdf"
    },
    {
      "full_name": "Kirsti Jeggo...",
      "mobile": "0499 759 979",
      "address": "13 Cousins Turn\nBALDIVIS WA 6171",
      "email": "jeggs@hotmail.co.uk",
      "dateofbirth": "15-Jul1971-",
      "landline": "08\n9523\n1142",
      "lastseen": "15Aug--2022",
      "file_name": "Page 101.pdf"
    },
    {
      "full_name": "Sean Scadden",
      "mobile": "0499\n719\n384",
      "address": "20 Lionel Parade\nBALDIVIS WA 6171",
      "email": "seanchefscadden@hotmail.com",
      "dateofbirth": "20Nov-1971-",
      "landline": "08 9529 0494",
      "lastseen": "30Jun--2023",
      "file_name": "Page 101.pdf"
    },
    {
      "full_name": "Ben Kent...",
      "mobile": "0499 718 828",
      "address": "54 Brennan Promenade BALDIVIS WA 6171",
      "email": "benjkent1@gmail.com",
      "dateofbirth": "18-Jan-1976",
      "landline": "08\n9529\n0391",
      "lastseen": "15Aug--2022",
      "file_name": "Page 101.pdf"
    },
    {
      "full_name": "Carmen Simion...",
      "mobile": "0499\n714 919",
      "address": "2 Indoon Way\nBALDIVIS WA 6171",
      "email": "cazz9656@gmail.com",
      "dateofbirth": "Aug-1977-\n09",
      "landline": "08 9591 8040",
      "lastseen": "15Aug--2022",
      "file_name": "Page 101.pdf"
    },
    {
      "full_name": "Cheryl Khosravi",
      "mobile": "0499\n653 793",
      "address": "14 Marginata Gate\nBALDIVIS WA 6171",
      "email": "lataya17@icloud.com",
      "dateofbirth": "Aug-1968- 30",
      "landline": "08\n9524 2481",
      "lastseen": "30-Jun-2023",
      "file_name": "Page 101.pdf"
    },
    {
      "full_name": "C Khosravi",
      "mobile": "0499\n653 793",
      "address": "14 Marginata Gate\nBALDIVIS WA 6171",
      "email": "tanika.cardoso@gmail.com",
      "dateofbirth": "08Jun-1970-",
      "landline": "08 9524 2481",
      "lastseen": "30-Jun-2023",
      "file_name": "Page 101.pdf"
    },
    {
      "full_name": "Patricia Quinn?...",
      "mobile": "0499\n649\n242",
      "address": "53 Rivergums Boulevard\nBALDIVIS WA 6171",
      "email": "quinnpatricia@rocketmail.com",
      "dateofbirth": "01-Jun-1973",
      "landline": "08 9524 2542",
      "lastseen": "15Aug--2022",
      "file_name": "Page 101.pdf"
    },
    {
      "full_name": "Patricia Quinn...",
      "mobile": "0499 649 242",
      "address": "53 Rivergums Boulevard\nBALDIVIS WA 6171",
      "email": "quinnpatricia@rocketmail.com",
      "dateofbirth": "01-Jun-1973",
      "landline": "08\n9523\n6830",
      "lastseen": "15Aug--2022",
      "file_name": "Page 101.pdf"
    },
    {
      "full_name": "John Arangio",
      "mobile": "0499\n646 474",
      "address": "65 Bristlebird Approach\nBALDIVIS WA 6171",
      "email": "johnarangio@bigpond.com",
      "dateofbirth": "26-Feb-1962",
      "landline": "08 9591\n8882",
      "lastseen": "30-Jun-2023",
      "file_name": "Page 101.pdf"
    },
    {
      "full_name": "Chelsea Opie",
      "mobile": "0499 630 616",
      "address": "41 Diogenes Court\nBALDIVIS WA 6171",
      "email": "chelsea.opie@iinet.net.au",
      "dateofbirth": "Oct-1965\n14",
      "landline": "08 9523 8977",
      "lastseen": "15Aug--2022",
      "file_name": "Page 101.pdf"
    },
    {
      "full_name": "Chika Ritchie",
      "mobile": "0499 621 227",
      "address": "15 Gladstonbury Parade\nBALDIVIS WA 6171",
      "email": "ritchiechika@gmail.com",
      "dateofbirth": "28May--1976",
      "landline": "08 9524 3854",
      "lastseen": "01-Feb-2021",
      "file_name": "Page 101.pdf"
    },
    {
      "full_name": "Stewart Ritchie",
      "mobile": "0499\n621 200",
      "address": "5 Flame Tree Loop\nBALDIVIS WA 6171",
      "email": "ritchiestewarta@gmail.com",
      "dateofbirth": "13Aug-1970-",
      "landline": "08\n9523 8680",
      "lastseen": "15Aug--2022",
      "file_name": "Page 101.pdf"
    },
    {
      "full_name": "Stewart Ritchie ...",
      "mobile": "0499 621 200",
      "address": "15 Gladstonbury Parade\nBALDIVIS WA 6171",
      "email": "starbros42@yahoo.com",
      "dateofbirth": "13Aug-1970-",
      "landline": "08 9523\n2696",
      "lastseen": "01-Feb-2021",
      "file_name": "Page 101.pdf"
    },
    {
      "full_name": "Samuel Henderson",
      "mobile": "0499 599 654",
      "address": "4 Hearth Way\nBALDIVIS WA 6171",
      "email": "starbros42@yahoo.com",
      "dateofbirth": "21-Jan-1977",
      "landline": "08\n9523\n1663",
      "lastseen": "15-Aug-2022",
      "file_name": "Page 101.pdf"
    },
    {
      "full_name": "Samuel Henderson ...",
      "mobile": "0499 599 654",
      "address": "4 Hearth Way\nBALDIVIS WA 6171",
      "email": "raquelydean@hotmail.com",
      "dateofbirth": "21-Jan-1977",
      "landline": "08\n9523\n8854",
      "lastseen": "15Aug--2022",
      "file_name": "Page 101.pdf"
    },
    {
      "full_name": "Dean Delvalle...",
      "mobile": "0499 599 162",
      "address": "50 Bonnington Way\nBALDIVIS WA 6171",
      "email": "heidetaylor@live.com.au",
      "dateofbirth": "Apr-1973 27-",
      "landline": "08\n9524 6876",
      "lastseen": "30-Jun-2023",
      "file_name": "Page 101.pdf"
    },
    {
      "full_name": "Heide Taylor",
      "mobile": "0499\n588 677",
      "address": "10 Sibley Ramble\nBALDIVIS WA 6171",
      "email": "r_vanderlande@hotmail.com",
      "dateofbirth": "22-Jul-1969",
      "lastseen": "30-Jun-2023",
      "file_name": "Page 101.pdf"
    },
    {
      "full_name": "Richard Vanderlande...",
      "mobile": "0499 580 131",
      "address": "18 Fifty Road\nBALDIVIS WA 6171",
      "email": "r_vanderlande@hotmail.com",
      "dateofbirth": "27-Jun1976-",
      "lastseen": "31May--2018",
      "file_name": "Page 101.pdf"
    },
    {
      "full_name": "Richard Vanderlande",
      "mobile": "0499 580\n131",
      "address": "13 Fifty Road\nBALDIVIS WA 6171",
      "email": "adrianedwards71@hotmail.com",
      "dateofbirth": "27-Jun1976-",
      "lastseen": "30May--2018",
      "file_name": "Page 101.pdf"
    },
    {
      "full_name": "Adrian Edwards.",
      "mobile": "0499 577 546",
      "address": "32 Ardea Way\nBALDIVIS WA 6171",
      "email": "adrianedwards71@hotmail.com",
      "dateofbirth": "09-Jan-1962",
      "lastseen": "15-Aug-2022",
      "file_name": "Page 101.pdf"
    },
    {
      "full_name": "Adrian Edwards",
      "mobile": "0499\n577 546",
      "address": "32 Ardea Way\nBALDIVIS WA 6171",
      "email": "alco44100@yahoo.com",
      "dateofbirth": "09-Jan-1962",
      "lastseen": "15-Aug-2022",
      "file_name": "Page 101.pdf"
    },
    {
      "full_name": "Paul Moss",
      "mobile": "0499 572 401",
      "address": "23 Chilvers Street\nBALDIVIS WA 6171",
      "email": "boosis@bigpond.com",
      "dateofbirth": "09Aug-1966-",
      "lastseen": "30-Jun-2023",
      "file_name": "Page 101.pdf"
    },
    {
      "full_name": "Chantel Greer",
      "mobile": "0499 570 130",
      "address": "3 Burlington Drive\nBALDIVIS WA 6171",
      "email": "gnkwilling69@bigpond.com",
      "dateofbirth": "26-Oct1975-",
      "lastseen": "15Aug--2022",
      "file_name": "Page 101.pdf"
    },
    {
      "full_name": "Kathy Willing",
      "mobile": "0499 529 091",
      "address": "12 Rivette Road\nBALDIVIS WA 6171",
      "email": "johanna.byrne@icloud.com",
      "dateofbirth": "04-Dec-1969",
      "lastseen": "15Aug--2022",
      "file_name": "Page 101.pdf"
    },
    {
      "full_name": "Johanna Byrne",
      "mobile": "0499 512 536",
      "address": "21 Stame Turn\nBALDIVIS WA 6171",
      "email": "johanna.byrne@icloud.com",
      "dateofbirth": "26-Jan-1972",
      "lastseen": "15-Aug-2022",
      "file_name": "Page 101.pdf"
    },
    {
      "full_name": "Johanna Byrne",
      "mobile": "0499\n512 536",
      "address": "21 Stame Turn\nBALDIVIS WA 6171",
      "email": "johanna.byrne@icloud.com",
      "dateofbirth": "26-Jan-1972",
      "lastseen": "15Aug--2022",
      "file_name": "Page 101.pdf"
    },
    {
      "full_name": "Johanna Byrne",
      "mobile": "0499 512 536",
      "address": "21 Stame Turn\nBALDIVIS WA 6171",
      "email": "wreeve@hotmail.com",
      "dateofbirth": "26-Jan-1972",
      "lastseen": "15-Aug-2022",
      "file_name": "Page 101.pdf"
    },
    {
      "full_name": "Johana Byrne",
      "mobile": "0499\n512 536",
      "address": "21 Stame Turn\nBALDIVIS WA 6171",
      "email": "donnadunmill@outlook.com",
      "dateofbirth": "26-Jan-1972",
      "lastseen": "30-Jun-2023",
      "file_name": "Page 101.pdf"
    },
    {
      "full_name": "Wayne Reeve･･･",
      "mobile": "0499 499 128",
      "address": "32 Blaxland Terrace\nBALDIVIS WA 6171",
      "email": "brent.harvey@hotmail.com",
      "dateofbirth": "01-Oct1973-",
      "lastseen": "15Aug--2022",
      "file_name": "Page 101.pdf"
    },
    {
      "full_name": "Donna Dunmill",
      "mobile": "0499\n382\n637",
      "address": "22 Kingsdale Lane\nBALDIVIS WA 6171",
      "email": "brent.harvey@hotmail.com",
      "dateofbirth": "20Aug-1971-",
      "lastseen": "28-Jan-2019",
      "file_name": "Page 101.pdf"
    },
    {
      "full_name": "Brent Harvey",
      "mobile": "0499 363 568",
      "address": "6 Correa Way\nBALDIVIS WA 6171",
      "email": "brent.harvey@hotmail.com",
      "dateofbirth": "02-Feb-1966",
      "lastseen": "15Aug--2022",
      "file_name": "Page 101.pdf"
    },
    {
      "full_name": "Brent Harvey･･",
      "mobile": "0499 363 568",
      "address": "3 Correa Way\nBALDIVIS WA 6171",
      "email": "brent.harvey@hotmail.com",
      "dateofbirth": "01-Jan-1966",
      "lastseen": "15Aug--2022",
      "file_name": "Page 101.pdf"
    },
    {
      "full_name": "Brent Harvey･･",
      "mobile": "0499 363 568",
      "address": "3 Correa Way\nBALDIVIS WA 6171",
      "email": "johandupreez@live.com.au",
      "dateofbirth": "01-Jan-1966",
      "lastseen": "15Aug--2022",
      "file_name": "Page 101.pdf"
    },
    {
      "full_name": "Brent Harvey",
      "mobile": "0499 353 668",
      "address": "3 Correa Way\nBALDIVIS WA 6171",
      "email": "hope_mkabaya@yahoo.co.uk",
      "dateofbirth": "01-Jan-1966",
      "lastseen": "07Apr--2025",
      "file_name": "Page 101.pdf"
    },
    {
      "full_name": "Johan Du Preez",
      "mobile": "0499 341 999",
      "address": "10 Litton Street\nBALDIVIS WA 6171",
      "email": "davidkickstart40@gmail.com",
      "dateofbirth": "03May--1975",
      "lastseen": "28-Feb-2021",
      "file_name": "Page 101.pdf"
    },
    {
      "full_name": "Marladasan Thoppil Nick",
      "mobile": "0499 303 015",
      "address": "45 Wanderer Parkway\nBALDIVIS WA 6171",
      "email": "natclarkson76@gmail.com",
      "dateofbirth": "12Aug-1972-",
      "lastseen": "18-Jan-2021",
      "file_name": "Page 101.pdf"
    },
    {
      "full_name": "Hopewell Kabaya",
      "mobile": "0499 303 013",
      "address": "17 Baystone Road\nBALDIVIS WA 6171",
      "email": "clarksonv12@gmail.com",
      "dateofbirth": "13Apr--1969",
      "lastseen": "02Jul--2020",
      "file_name": "Page 101.pdf"
    },
    {
      "full_name": "David Topping...",
      "mobile": "0499 294 557",
      "address": "8 Corbin Lane\nBALDIVIS WA 6171",
      "email": "skyegoodall2002@icloud.com",
      "dateofbirth": "03-May-1973",
      "lastseen": "30-Jun-2023",
      "file_name": "Page 101.pdf"
    },
    {
      "full_name": "Natalie Michelle Clarkson",
      "mobile": "0499 261 895",
      "address": "11 Maidwell Lane\nBALDIVIS WA 6171",
      "email": "sue.bob@westnet.com.au",
      "dateofbirth": "08-Nov1976-",
      "lastseen": "11Apr--2018",
      "file_name": "Page 101.pdf"
    },
    {
      "full_name": "Natalie Clarkson?",
      "mobile": "0499 261 895",
      "address": "15 Austral Vista\nBALDIVIS WA 6171",
      "email": "marietboshoff25@gmail.com",
      "dateofbirth": "08-Nov1976-",
      "lastseen": "30-Jun-2023",
      "file_name": "Page 101.pdf"
    },
    {
      "full_name": "Skye Goodall",
      "mobile": "0499 259 029",
      "address": "50 Kendall Boulevard\nBALDIVIS WA 6171",
      "email": "ray.jones@live.com.au",
      "dateofbirth": "30-Sept-1964",
      "lastseen": "30-Jun-2023",
      "file_name": "Page 101.pdf"
    },
    {
      "full_name": "Sue McDermott...",
      "mobile": "0499 267 822",
      "address": "14 Buffalo Street BALDIVIS WA 6171",
      "email": "gerbarry2012@me.com",
      "dateofbirth": "28-Mar1961-",
      "lastseen": "11Jan--2020",
      "file_name": "Page 101.pdf"
    },
    {
      "full_name": "Mariet Boshoff",
      "mobile": "0499 242 508",
      "address": "3 Hiscox Crescent\nBALDIVIS WA 6171",
      "email": "cliffdixon65@gmail.com",
      "dateofbirth": "25-Nov-1967",
      "lastseen": "13Apr--2019",
      "file_name": "Page 101.pdf"
    },
    {
      "full_name": "Ray Jones",
      "mobile": "0499 230 643",
      "address": "51 Bonnington Way\nBALDIVIS WA 6171",
      "email": "hughesmark966@gmail.com",
      "dateofbirth": "04May--1964",
      "lastseen": "25-Jun-2020",
      "file_name": "Page 101.pdf"
    },
    {
      "full_name": "Gerard Barry",
      "mobile": "0499 215 534",
      "address": "Unit 7 1 Cottonwood Drive\nBALDIVIS WA 6171",
      "email": "nightwheels@clear.net.nz",
      "dateofbirth": "20-Oct1964-",
      "lastseen": "30-Jun-2023",
      "file_name": "Page 101.pdf"
    },
    {
      "full_name": "Cliff Dixon ...",
      "mobile": "0499 201 808",
      "address": "22 Edgecumbe Terrace\nBALDIVIS WA 6171",
      "email": "natalieladner14@gmail.com",
      "dateofbirth": "11-Nov1965-",
      "lastseen": "15-Aug-2022",
      "file_name": "Page 101.pdf"
    },
    {
      "full_name": "Mark Hughes ...",
      "mobile": "0499 200 073",
      "address": "3 Japoon Vista\nBALDIVIS WA 6171",
      "email": "natalieladner14@gmail.com",
      "dateofbirth": "24Aug-1971-",
      "lastseen": "30-Jun-2023",
      "file_name": "Page 101.pdf"
    },
    {
      "full_name": "Wayne Imlay ...",
      "mobile": "0499 188 067",
      "address": "26 Wibberley Loop\nBALDIVIS WA 6171",
      "email": "natalieladner14@gmail.com",
      "dateofbirth": "26Mar--1963",
      "lastseen": "15Aug--2022",
      "file_name": "Page 101.pdf"
    },
    {
      "full_name": "Natalie Ladner...",
      "mobile": "0499 183 569",
      "address": "6 Abington Avenue\nBALDIVIS WA 6171",
      "email": "kelly.a.wescombe@gmail.com",
      "dateofbirth": "16-Jan-1977",
      "lastseen": "15Aug--2022",
      "file_name": "Page 101.pdf"
    },
    {
      "full_name": "Natalie Ladner?...",
      "mobile": "0499 183 569",
      "address": "6 Abington Avenue\nBALDIVIS WA 6171",
      "email": "bronwyn.neal@gmail.com",
      "dateofbirth": "15-Jan-1977",
      "lastseen": "15Aug--2022",
      "file_name": "Page 101.pdf"
    },
    {
      "full_name": "Natalie Ladner",
      "mobile": "0499 183 539",
      "address": "6 Abington Avenue\nBALDIVIS WA 6171",
      "email": "rrvenu@gmail.com",
      "dateofbirth": "16-Jan-1977",
      "lastseen": "26-Jul-2017",
      "file_name": "Page 101.pdf"
    },
    {
      "full_name": "Kelly Wescombe...",
      "mobile": "0499\n170 001",
      "address": "5 Branchton Loop\nBALDIVIS WA 6171",
      "email": "hope4bigfish@gmail.com",
      "dateofbirth": "26-Jul-1971",
      "lastseen": "15Aug--2022",
      "file_name": "Page 101.pdf"
    },
    {
      "full_name": "Bronwyn Neal..",
      "mobile": "0499 168 162",
      "address": "7 Yate Court\nBALDIVIS WA 6171",
      "email": "sandymills61@yahoo.co.nz",
      "dateofbirth": "01-Jul1972-",
      "lastseen": "30-Jun-2023",
      "file_name": "Page 101.pdf"
    },
    {
      "full_name": "Venu Ramakrishnan ...",
      "mobile": "0499 106 077",
      "address": "16 Wodalla Street\nBALDIVIS WA 6171",
      "email": "yviale67@gmail.com",
      "dateofbirth": "30-Jun-1972",
      "lastseen": "15Aug--2022",
      "file_name": "Page 101.pdf"
    },
    {
      "full_name": "Stephen Jongeling",
      "mobile": "0499 102 608",
      "address": "40 Arrino Parade\nBALDIVIS WA 6171",
      "email": "james.ratu2011@gmail.com",
      "dateofbirth": "01-Sept-1966",
      "lastseen": "15Aug--2022",
      "file_name": "Page 101.pdf"
    },
    {
      "full_name": "Sandra Mills",
      "mobile": "0499\n090 560",
      "address": "37 Camelot Street\nBALDIVIS WA 6171",
      "email": "harrijag1 @bigpond.com",
      "dateofbirth": "03-Oct1961-",
      "lastseen": "03-Jun-2020",
      "file_name": "Page 101.pdf"
    },
    {
      "full_name": "Yannick Viale",
      "mobile": "0499\n076 949",
      "address": "33 Climber Concourse\nBALDIVIS WA 6171",
      "email": "matthewhodge@outlook.com.au",
      "dateofbirth": "08Jun--1973",
      "lastseen": "15Aug--2022",
      "file_name": "Page 101.pdf"
    },
    {
      "full_name": "James Ratu...",
      "mobile": "0499 072 737",
      "address": "27 Avena Gardens\nBALDIVIS WA 6171",
      "email": "tonyprince78@outlook.com",
      "dateofbirth": "18-Feb-1978",
      "lastseen": "12-Nov-2017",
      "file_name": "Page 101.pdf"
    },
    {
      "full_name": "Sharon Brown.",
      "mobile": "0499 071 283",
      "address": "108 Kendall Boulevard\nBALDIVIS WA 6171",
      "email": "sethsterboy@gmail.com",
      "dateofbirth": "24-Oct-1971",
      "lastseen": "30-Jun-2023",
      "file_name": "Page 101.pdf"
    },
    {
      "full_name": "Julie Harris",
      "mobile": "0499 035 075",
      "address": "8 Archer Close\nBALDIVIS WA 6171",
      "email": "npleiter@bigpond.net.au",
      "dateofbirth": "23-Oct1962-",
      "lastseen": "30-Jun-2023",
      "file_name": "Page 101.pdf"
    },
    {
      "full_name": "Matthew Hodged",
      "mobile": "0499 017 799",
      "address": "28 Angerton Mews\nBALDIVIS WA 6171",
      "email": "npleiter@bigpond.net.au",
      "dateofbirth": "08-Oct1971-",
      "lastseen": "01-Feb-2021",
      "file_name": "Page 101.pdf"
    },
    {
      "full_name": "S Wells",
      "mobile": "0499 017 551",
      "address": "Unit 18 1 Cottonwood Drive\nBALDIVIS WA 6171",
      "email": "john.buchan07@bigpond",
      "dateofbirth": "16-Dec1976-",
      "lastseen": "30Aug--2021",
      "file_name": "Page 101.pdf"
    },
    {
      "full_name": "Tony Prince d...",
      "mobile": "0499 016 609",
      "address": "507 Eighty Road\nBALDIVIS WA 6171",
      "email": "samanthawilliams76@hotmail.com",
      "dateofbirth": "21-Feb-1978",
      "lastseen": "30Jun--2023",
      "file_name": "Page 101.pdf"
    },
    {
      "full_name": "Seth Pleiter",
      "mobile": "0499 001 343",
      "address": "1 Fawkes Way\nBALDIVIS WA 6171",
      "email": "info@ausstarplumbing.com.au",
      "dateofbirth": "05-Feb-1978",
      "lastseen": "15Aug--2022",
      "file_name": "Page 101.pdf"
    },
    {
      "full_name": "Natalie Pleiter",
      "mobile": "0499 001 342",
      "address": "1 Fawkes Way\nBALDIVIS WA 6171",
      "email": "teztink77@gmail.com",
      "dateofbirth": "09-Feb1971-",
      "lastseen": "15Aug--2022",
      "file_name": "Page 101.pdf"
    },
    {
      "full_name": "Natalie Pleiter",
      "mobile": "0499 001 342",
      "address": "16 Scoparia Way\nBALDIVIS WA 6171",
      "email": "jtearly@wn.com.au",
      "dateofbirth": "Feb1971- 09-",
      "lastseen": "30-Jun-2023",
      "file_name": "Page 101.pdf"
    },
    {
      "full_name": "Joe-Anne L Buchan",
      "mobile": "0499 000 245",
      "address": "16 Goulburn Road\nBALDIVIS WA 6171",
      "email": "teinat15@gmail.com",
      "dateofbirth": "26-Jan-1974",
      "lastseen": "13-Nov-2016",
      "file_name": "Page 101.pdf"
    },
    {
      "full_name": "Samantha Williams",
      "mobile": "0498 996 474",
      "address": "28 Amos Drive\nBALDIVIS WA 6171",
      "email": "dcau.andrew.holyman@gmail.com",
      "dateofbirth": "19-Mar-1976",
      "lastseen": "30-Jun-2023",
      "file_name": "Page 101.pdf"
    },
    {
      "full_name": "Bradley Byrne",
      "mobile": "0498 982 723",
      "address": "24 Tenterden Way\nBALDIVIS WA 6171",
      "email": "nickoturner@bigpond.com.au",
      "dateofbirth": "07-Mar-1978",
      "lastseen": "30-Jun-2023",
      "file_name": "Page 101.pdf"
    },
    {
      "full_name": "Jordan Wegwermer",
      "mobile": "0498 975 616",
      "address": "8 Dressage Green\nBALDIVIS WA 6171",
      "email": "alet.swarts@gmail.com",
      "dateofbirth": "Sept-1977 16",
      "lastseen": "12-Oct-2021",
      "file_name": "Page 101.pdf"
    },
    {
      "full_name": "Jacqui Early",
      "mobile": "0498 811 017",
      "address": "20 Lanagan Drive\nBALDIVIS WA 6171",
      "email": "aczmarsden@gmail.com",
      "dateofbirth": "07Aug-1963-",
      "lastseen": "16-\nJan-2018",
      "file_name": "Page 101.pdf"
    },
    {
      "full_name": "Teinakore Tautu",
      "mobile": "0498 810 496",
      "address": "19 Lemon Gum Drive\nBALDIVIS WA 6171",
      "email": "shammylatu@gmail.com",
      "dateofbirth": "15-Jan-1968",
      "lastseen": "30-Jun-2023",
      "file_name": "Page 101.pdf"
    },
    {
      "full_name": "Andrew Holyman...",
      "mobile": "0498 802 743",
      "address": "46 Furioso Green\nBALDIVIS WA 6171",
      "email": "shammylatu@gmail.com",
      "dateofbirth": "28-Feb-1964",
      "lastseen": "30Jun--2023",
      "file_name": "Page 101.pdf"
    },
    {
      "full_name": "Nicholas Turner...",
      "mobile": "0498\n800 204",
      "address": "91 Huxtable Terrace\nBALDIVIS WA 6171",
      "email": "auto1968@yahoo.co.nz",
      "dateofbirth": "08-Jun-1966",
      "lastseen": "15-\nAug-2022",
      "file_name": "Page 101.pdf"
    },
    {
      "full_name": "Alet Swarts?",
      "mobile": "0498\n739 307",
      "address": "19 Arkle Street\nBALDIVIS WA 6171",
      "email": "mllyjlly6@outlook.com",
      "dateofbirth": "Mar1972- 05-",
      "lastseen": "30Jun--2023",
      "file_name": "Page 101.pdf"
    },
    {
      "full_name": "Adam Marsden",
      "mobile": "0498 666 827",
      "address": "44 Dunning Street\nBALDIVIS WA 6171",
      "email": "cybernetica24@hotmail.com",
      "dateofbirth": "01Jan--1977",
      "lastseen": "15Aug--2022",
      "file_name": "Page 101.pdf"
    },
    {
      "full_name": "Sharon Fay Melissa Niwa?",
      "mobile": "0498\n666 292",
      "address": "44 Dunning Street\nBALDIVIS WA 6171",
      "email": "michealmccormack22@yahoo.com",
      "dateofbirth": "30-Aug1975-",
      "lastseen": "15Aug--2022",
      "file_name": "Page 101.pdf"
    },
    {
      "full_name": "Sharon Niwa...",
      "mobile": "0498 666 292",
      "address": "24 McDougal Way\nBALDIVIS WA 6171",
      "email": "beetonni@gmail.com",
      "dateofbirth": "24-Oct-1973",
      "lastseen": "30 - Jun-2023",
      "file_name": "Page 101.pdf"
    },
    {
      "full_name": "Cornelis Pretorius",
      "mobile": "0498 653 523",
      "address": "183 Clyde Avenue BALDIVIS WA 6171",
      "email": "beetonni@gmail.com",
      "dateofbirth": "06-Sept-1964",
      "lastseen": "15Aug--2022",
      "file_name": "Page 101.pdf"
    },
    {
      "full_name": "Lisa Kepa",
      "mobile": "0498 646 384",
      "address": "14 Sistene Street\nBALDIVIS WA 6171",
      "email": "1968@yahoo.co.nz",
      "dateofbirth": "02-Oct-1968",
      "lastseen": "15Aug--2022",
      "file_name": "Page 101.pdf"
    },
    {
      "full_name": "Lisa Joanne Kepa?",
      "mobile": "0498 646 384",
      "address": "5 Caroona Street\nBALDIVIS WA 6171",
      "dateofbirth": "02-Oct1968-",
      "lastseen": "15Aug-2022-",
      "file_name": "Page 101.pdf"
    },
    {
      "full_name": "Kylie Ingram",
      "mobile": "0498 632 058",
      "address": "17 Arpenteur Drive\nBALDIVIS WA 6171",
      "dateofbirth": "04-Mar-1976",
      "lastseen": "15Aug--2022",
      "file_name": "Page 101.pdf"
    },
    {
      "full_name": "Troy Michael O'Donnell ...",
      "mobile": "0498 622 404",
      "address": "36 Pemberton Boulevard\nBALDIVIS WA 6171",
      "dateofbirth": "01Apr--1978",
      "lastseen": "15Aug--2022",
      "file_name": "Page 101.pdf"
    },
    {
      "full_name": "Micheal McCormack ...",
      "mobile": "0498 608 165",
      "address": "30 Ruskin Brace\nBALDIVIS WA 6171",
      "dateofbirth": "07-Jul1973-",
      "lastseen": "08Aug-2021-",
      "file_name": "Page 101.pdf"
    },
    {
      "full_name": "Noeleen Beeton",
      "mobile": "0498 572 892",
      "address": "30 Ruskin Brace BALDIVIS WA 6171",
      "dateofbirth": "08-Oct-1965",
      "lastseen": "02-Jul-2021",
      "file_name": "Page 101.pdf"
    },
    {
      "full_name": "Noeleen Beeton",
      "mobile": "0498 572 892",
      "dateofbirth": "08-Oct-1965",
      "file_name": "Page 101.pdf"
    }
  ],
  "document_ai_entities": [
    {
      "type": "address",
      "value": "6 Sibley Ramble\nBALDIVIS WA 6171",
      "file_name": "Page 101.pdf"
    },
    {
      "type": "address",
      "value": "17 Mallard Way\nBALDIVIS WA 6171",
      "file_name": "Page 101.pdf"
    },
    {
      "type": "address",
      "value": "7 Marlberry Lane\nBALDIVIS WA 6171",
      "file_name": "Page 101.pdf"
    },
    {
      "type": "address",
      "value": "26 Camelot Street\nBALDIVIS WA 6171",
      "file_name": "Page 101.pdf"
    },
    {
      "type": "address",
      "value": "47 Karridale Loop\nBALDIVIS WA 6171",
      "file_name": "Page 101.pdf"
    },
    {
      "type": "address",
      "value": "19 Solis Boulevard\nBALDIVIS WA 6171",
      "file_name": "Page 101.pdf"
    },
    {
      "type": "address",
      "value": "36 Kendall Boulevard\nBALDIVIS WA 6171",
      "file_name": "Page 101.pdf"
    },
    {
      "type": "address",
      "value": "11 Galena Brace\nBALDIVIS WA 6171",
      "file_name": "Page 101.pdf"
    },
    {
      "type": "address",
      "value": "23 Rivette Road\nBALDIVIS WA 6171",
      "file_name": "Page 101.pdf"
    },
    {
      "type": "address",
      "value": "30 Oak Way\nBALDIVIS WA 6171",
      "file_name": "Page 101.pdf"
    },
    {
      "type": "address",
      "value": "58 Vernon Gough Drive\nBALDIVIS WA 6171",
      "file_name": "Page 101.pdf"
    },
    {
      "type": "address",
      "value": "45 Monument Boulevard\nBALDIVIS WA 6171",
      "file_name": "Page 101.pdf"
    },
    {
      "type": "address",
      "value": "100 Kendall Boulevard\nBALDIVIS WA 6171",
      "file_name": "Page 101.pdf"
    },
    {
      "type": "address",
      "value": "100 Kendall Boulevard\nBALDIVIS WA 6171",
      "file_name": "Page 101.pdf"
    },
    {
      "type": "address",
      "value": "13 Cousins Turn\nBALDIVIS WA 6171",
      "file_name": "Page 101.pdf"
    },
    {
      "type": "address",
      "value": "20 Lionel Parade\nBALDIVIS WA 6171",
      "file_name": "Page 101.pdf"
    },
    {
      "type": "address",
      "value": "54 Brennan Promenade BALDIVIS WA 6171",
      "file_name": "Page 101.pdf"
    },
    {
      "type": "address",
      "value": "2 Indoon Way\nBALDIVIS WA 6171",
      "file_name": "Page 101.pdf"
    },
    {
      "type": "address",
      "value": "14 Marginata Gate\nBALDIVIS WA 6171",
      "file_name": "Page 101.pdf"
    },
    {
      "type": "address",
      "value": "14 Marginata Gate\nBALDIVIS WA 6171",
      "file_name": "Page 101.pdf"
    },
    {
      "type": "address",
      "value": "53 Rivergums Boulevard\nBALDIVIS WA 6171",
      "file_name": "Page 101.pdf"
    },
    {
      "type": "address",
      "value": "53 Rivergums Boulevard\nBALDIVIS WA 6171",
      "file_name": "Page 101.pdf"
    },
    {
      "type": "address",
      "value": "65 Bristlebird Approach\nBALDIVIS WA 6171",
      "file_name": "Page 101.pdf"
    },
    {
      "type": "address",
      "value": "41 Diogenes Court\nBALDIVIS WA 6171",
      "file_name": "Page 101.pdf"
    },
    {
      "type": "address",
      "value": "15 Gladstonbury Parade\nBALDIVIS WA 6171",
      "file_name": "Page 101.pdf"
    },
    {
      "type": "address",
      "value": "5 Flame Tree Loop\nBALDIVIS WA 6171",
      "file_name": "Page 101.pdf"
    },
    {
      "type": "address",
      "value": "15 Gladstonbury Parade\nBALDIVIS WA 6171",
      "file_name": "Page 101.pdf"
    },
    {
      "type": "address",
      "value": "4 Hearth Way\nBALDIVIS WA 6171",
      "file_name": "Page 101.pdf"
    },
    {
      "type": "address",
      "value": "4 Hearth Way\nBALDIVIS WA 6171",
      "file_name": "Page 101.pdf"
    },
    {
      "type": "address",
      "value": "50 Bonnington Way\nBALDIVIS WA 6171",
      "file_name": "Page 101.pdf"
    },
    {
      "type": "address",
      "value": "10 Sibley Ramble\nBALDIVIS WA 6171",
      "file_name": "Page 101.pdf"
    },
    {
      "type": "address",
      "value": "18 Fifty Road\nBALDIVIS WA 6171",
      "file_name": "Page 101.pdf"
    },
    {
      "type": "address",
      "value": "13 Fifty Road\nBALDIVIS WA 6171",
      "file_name": "Page 101.pdf"
    },
    {
      "type": "address",
      "value": "32 Ardea Way\nBALDIVIS WA 6171",
      "file_name": "Page 101.pdf"
    },
    {
      "type": "address",
      "value": "32 Ardea Way\nBALDIVIS WA 6171",
      "file_name": "Page 101.pdf"
    },
    {
      "type": "address",
      "value": "23 Chilvers Street\nBALDIVIS WA 6171",
      "file_name": "Page 101.pdf"
    },
    {
      "type": "address",
      "value": "3 Burlington Drive\nBALDIVIS WA 6171",
      "file_name": "Page 101.pdf"
    },
    {
      "type": "address",
      "value": "12 Rivette Road\nBALDIVIS WA 6171",
      "file_name": "Page 101.pdf"
    },
    {
      "type": "address",
      "value": "21 Stame Turn\nBALDIVIS WA 6171",
      "file_name": "Page 101.pdf"
    },
    {
      "type": "address",
      "value": "21 Stame Turn\nBALDIVIS WA 6171",
      "file_name": "Page 101.pdf"
    },
    {
      "type": "address",
      "value": "21 Stame Turn\nBALDIVIS WA 6171",
      "file_name": "Page 101.pdf"
    },
    {
      "type": "address",
      "value": "21 Stame Turn\nBALDIVIS WA 6171",
      "file_name": "Page 101.pdf"
    },
    {
      "type": "address",
      "value": "32 Blaxland Terrace\nBALDIVIS WA 6171",
      "file_name": "Page 101.pdf"
    },
    {
      "type": "address",
      "value": "22 Kingsdale Lane\nBALDIVIS WA 6171",
      "file_name": "Page 101.pdf"
    },
    {
      "type": "address",
      "value": "6 Correa Way\nBALDIVIS WA 6171",
      "file_name": "Page 101.pdf"
    },
    {
      "type": "address",
      "value": "3 Correa Way\nBALDIVIS WA 6171",
      "file_name": "Page 101.pdf"
    },
    {
      "type": "address",
      "value": "3 Correa Way\nBALDIVIS WA 6171",
      "file_name": "Page 101.pdf"
    },
    {
      "type": "address",
      "value": "3 Correa Way\nBALDIVIS WA 6171",
      "file_name": "Page 101.pdf"
    },
    {
      "type": "address",
      "value": "10 Litton Street\nBALDIVIS WA 6171",
      "file_name": "Page 101.pdf"
    },
    {
      "type": "address",
      "value": "45 Wanderer Parkway\nBALDIVIS WA 6171",
      "file_name": "Page 101.pdf"
    },
    {
      "type": "address",
      "value": "17 Baystone Road\nBALDIVIS WA 6171",
      "file_name": "Page 101.pdf"
    },
    {
      "type": "address",
      "value": "8 Corbin Lane\nBALDIVIS WA 6171",
      "file_name": "Page 101.pdf"
    },
    {
      "type": "address",
      "value": "11 Maidwell Lane\nBALDIVIS WA 6171",
      "file_name": "Page 101.pdf"
    },
    {
      "type": "address",
      "value": "15 Austral Vista\nBALDIVIS WA 6171",
      "file_name": "Page 101.pdf"
    },
    {
      "type": "address",
      "value": "50 Kendall Boulevard\nBALDIVIS WA 6171",
      "file_name": "Page 101.pdf"
    },
    {
      "type": "address",
      "value": "14 Buffalo Street BALDIVIS WA 6171",
      "file_name": "Page 101.pdf"
    },
    {
      "type": "address",
      "value": "3 Hiscox Crescent\nBALDIVIS WA 6171",
      "file_name": "Page 101.pdf"
    },
    {
      "type": "address",
      "value": "51 Bonnington Way\nBALDIVIS WA 6171",
      "file_name": "Page 101.pdf"
    },
    {
      "type": "address",
      "value": "Unit 7 1 Cottonwood Drive\nBALDIVIS WA 6171",
      "file_name": "Page 101.pdf"
    },
    {
      "type": "address",
      "value": "22 Edgecumbe Terrace\nBALDIVIS WA 6171",
      "file_name": "Page 101.pdf"
    },
    {
      "type": "address",
      "value": "3 Japoon Vista\nBALDIVIS WA 6171",
      "file_name": "Page 101.pdf"
    },
    {
      "type": "address",
      "value": "26 Wibberley Loop\nBALDIVIS WA 6171",
      "file_name": "Page 101.pdf"
    },
    {
      "type": "address",
      "value": "6 Abington Avenue\nBALDIVIS WA 6171",
      "file_name": "Page 101.pdf"
    },
    {
      "type": "address",
      "value": "6 Abington Avenue\nBALDIVIS WA 6171",
      "file_name": "Page 101.pdf"
    },
    {
      "type": "address",
      "value": "6 Abington Avenue\nBALDIVIS WA 6171",
      "file_name": "Page 101.pdf"
    },
    {
      "type": "address",
      "value": "5 Branchton Loop\nBALDIVIS WA 6171",
      "file_name": "Page 101.pdf"
    },
    {
      "type": "address",
      "value": "7 Yate Court\nBALDIVIS WA 6171",
      "file_name": "Page 101.pdf"
    },
    {
      "type": "address",
      "value": "16 Wodalla Street\nBALDIVIS WA 6171",
      "file_name": "Page 101.pdf"
    },
    {
      "type": "address",
      "value": "40 Arrino Parade\nBALDIVIS WA 6171",
      "file_name": "Page 101.pdf"
    },
    {
      "type": "address",
      "value": "37 Camelot Street\nBALDIVIS WA 6171",
      "file_name": "Page 101.pdf"
    },
    {
      "type": "address",
      "value": "33 Climber Concourse\nBALDIVIS WA 6171",
      "file_name": "Page 101.pdf"
    },
    {
      "type": "address",
      "value": "27 Avena Gardens\nBALDIVIS WA 6171",
      "file_name": "Page 101.pdf"
    },
    {
      "type": "address",
      "value": "108 Kendall Boulevard\nBALDIVIS WA 6171",
      "file_name": "Page 101.pdf"
    },
    {
      "type": "address",
      "value": "8 Archer Close\nBALDIVIS WA 6171",
      "file_name": "Page 101.pdf"
    },
    {
      "type": "address",
      "value": "28 Angerton Mews\nBALDIVIS WA 6171",
      "file_name": "Page 101.pdf"
    },
    {
      "type": "address",
      "value": "Unit 18 1 Cottonwood Drive\nBALDIVIS WA 6171",
      "file_name": "Page 101.pdf"
    },
    {
      "type": "address",
      "value": "507 Eighty Road\nBALDIVIS WA 6171",
      "file_name": "Page 101.pdf"
    },
    {
      "type": "address",
      "value": "1 Fawkes Way\nBALDIVIS WA 6171",
      "file_name": "Page 101.pdf"
    },
    {
      "type": "address",
      "value": "1 Fawkes Way\nBALDIVIS WA 6171",
      "file_name": "Page 101.pdf"
    },
    {
      "type": "address",
      "value": "16 Scoparia Way\nBALDIVIS WA 6171",
      "file_name": "Page 101.pdf"
    },
    {
      "type": "address",
      "value": "16 Goulburn Road\nBALDIVIS WA 6171",
      "file_name": "Page 101.pdf"
    },
    {
      "type": "address",
      "value": "28 Amos Drive\nBALDIVIS WA 6171",
      "file_name": "Page 101.pdf"
    },
    {
      "type": "address",
      "value": "24 Tenterden Way\nBALDIVIS WA 6171",
      "file_name": "Page 101.pdf"
    },
    {
      "type": "address",
      "value": "8 Dressage Green\nBALDIVIS WA 6171",
      "file_name": "Page 101.pdf"
    },
    {
      "type": "address",
      "value": "20 Lanagan Drive\nBALDIVIS WA 6171",
      "file_name": "Page 101.pdf"
    },
    {
      "type": "address",
      "value": "19 Lemon Gum Drive\nBALDIVIS WA 6171",
      "file_name": "Page 101.pdf"
    },
    {
      "type": "address",
      "value": "46 Furioso Green\nBALDIVIS WA 6171",
      "file_name": "Page 101.pdf"
    },
    {
      "type": "address",
      "value": "91 Huxtable Terrace\nBALDIVIS WA 6171",
      "file_name": "Page 101.pdf"
    },
    {
      "type": "address",
      "value": "19 Arkle Street\nBALDIVIS WA 6171",
      "file_name": "Page 101.pdf"
    },
    {
      "type": "address",
      "value": "44 Dunning Street\nBALDIVIS WA 6171",
      "file_name": "Page 101.pdf"
    },
    {
      "type": "address",
      "value": "44 Dunning Street\nBALDIVIS WA 6171",
      "file_name": "Page 101.pdf"
    },
    {
      "type": "address",
      "value": "24 McDougal Way\nBALDIVIS WA 6171",
      "file_name": "Page 101.pdf"
    },
    {
      "type": "address",
      "value": "183 Clyde Avenue BALDIVIS WA 6171",
      "file_name": "Page 101.pdf"
    },
    {
      "type": "address",
      "value": "14 Sistene Street\nBALDIVIS WA 6171",
      "file_name": "Page 101.pdf"
    },
    {
      "type": "address",
      "value": "5 Caroona Street\nBALDIVIS WA 6171",
      "file_name": "Page 101.pdf"
    },
    {
      "type": "address",
      "value": "17 Arpenteur Drive\nBALDIVIS WA 6171",
      "file_name": "Page 101.pdf"
    },
    {
      "type": "address",
      "value": "36 Pemberton Boulevard\nBALDIVIS WA 6171",
      "file_name": "Page 101.pdf"
    },
    {
      "type": "address",
      "value": "30 Ruskin Brace\nBALDIVIS WA 6171",
      "file_name": "Page 101.pdf"
    },
    {
      "type": "address",
      "value": "30 Ruskin Brace BALDIVIS WA 6171",
      "file_name": "Page 101.pdf"
    },
    {
      "type": "dateofbirth",
      "value": "25Jul--1962",
      "file_name": "Page 101.pdf"
    },
    {
      "type": "dateofbirth",
      "value": "06-Jan-1974",
      "file_name": "Page 101.pdf"
    },
    {
      "type": "dateofbirth",
      "value": "03-May-1976",
      "file_name": "Page 101.pdf"
    },
    {
      "type": "dateofbirth",
      "value": "26Jul--1971",
      "file_name": "Page 101.pdf"
    },
    {
      "type": "dateofbirth",
      "value": "26-Jul-1971",
      "file_name": "Page 101.pdf"
    },
    {
      "type": "dateofbirth",
      "value": "17-Jun-1970",
      "file_name": "Page 101.pdf"
    },
    {
      "type": "dateofbirth",
      "value": "09-Jun1974-",
      "file_name": "Page 101.pdf"
    },
    {
      "type": "dateofbirth",
      "value": "14-Dec-1966",
      "file_name": "Page 101.pdf"
    },
    {
      "type": "dateofbirth",
      "value": "08Aug-1973-",
      "file_name": "Page 101.pdf"
    },
    {
      "type": "dateofbirth",
      "value": "26-Jan-1967",
      "file_name": "Page 101.pdf"
    },
    {
      "type": "dateofbirth",
      "value": "20-Jan-1976",
      "file_name": "Page 101.pdf"
    },
    {
      "type": "dateofbirth",
      "value": "10-Mar-1970",
      "file_name": "Page 101.pdf"
    },
    {
      "type": "dateofbirth",
      "value": "02-Mar-1968",
      "file_name": "Page 101.pdf"
    },
    {
      "type": "dateofbirth",
      "value": "10-Oct1966-",
      "file_name": "Page 101.pdf"
    },
    {
      "type": "dateofbirth",
      "value": "15-Jul1971-",
      "file_name": "Page 101.pdf"
    },
    {
      "type": "dateofbirth",
      "value": "20Nov-1971-",
      "file_name": "Page 101.pdf"
    },
    {
      "type": "dateofbirth",
      "value": "18-Jan-1976",
      "file_name": "Page 101.pdf"
    },
    {
      "type": "dateofbirth",
      "value": "Aug-1977-\n09",
      "file_name": "Page 101.pdf"
    },
    {
      "type": "dateofbirth",
      "value": "Aug-1968- 30",
      "file_name": "Page 101.pdf"
    },
    {
      "type": "dateofbirth",
      "value": "08Jun-1970-",
      "file_name": "Page 101.pdf"
    },
    {
      "type": "dateofbirth",
      "value": "01-Jun-1973",
      "file_name": "Page 101.pdf"
    },
    {
      "type": "dateofbirth",
      "value": "01-Jun-1973",
      "file_name": "Page 101.pdf"
    },
    {
      "type": "dateofbirth",
      "value": "26-Feb-1962",
      "file_name": "Page 101.pdf"
    },
    {
      "type": "dateofbirth",
      "value": "Oct-1965\n14",
      "file_name": "Page 101.pdf"
    },
    {
      "type": "dateofbirth",
      "value": "28May--1976",
      "file_name": "Page 101.pdf"
    },
    {
      "type": "dateofbirth",
      "value": "13Aug-1970-",
      "file_name": "Page 101.pdf"
    },
    {
      "type": "dateofbirth",
      "value": "13Aug-1970-",
      "file_name": "Page 101.pdf"
    },
    {
      "type": "dateofbirth",
      "value": "21-Jan-1977",
      "file_name": "Page 101.pdf"
    },
    {
      "type": "dateofbirth",
      "value": "21-Jan-1977",
      "file_name": "Page 101.pdf"
    },
    {
      "type": "dateofbirth",
      "value": "Apr-1973 27-",
      "file_name": "Page 101.pdf"
    },
    {
      "type": "dateofbirth",
      "value": "22-Jul-1969",
      "file_name": "Page 101.pdf"
    },
    {
      "type": "dateofbirth",
      "value": "27-Jun1976-",
      "file_name": "Page 101.pdf"
    },
    {
      "type": "dateofbirth",
      "value": "27-Jun1976-",
      "file_name": "Page 101.pdf"
    },
    {
      "type": "dateofbirth",
      "value": "09-Jan-1962",
      "file_name": "Page 101.pdf"
    },
    {
      "type": "dateofbirth",
      "value": "09-Jan-1962",
      "file_name": "Page 101.pdf"
    },
    {
      "type": "dateofbirth",
      "value": "09Aug-1966-",
      "file_name": "Page 101.pdf"
    },
    {
      "type": "dateofbirth",
      "value": "26-Oct1975-",
      "file_name": "Page 101.pdf"
    },
    {
      "type": "dateofbirth",
      "value": "04-Dec-1969",
      "file_name": "Page 101.pdf"
    },
    {
      "type": "dateofbirth",
      "value": "26-Jan-1972",
      "file_name": "Page 101.pdf"
    },
    {
      "type": "dateofbirth",
      "value": "26-Jan-1972",
      "file_name": "Page 101.pdf"
    },
    {
      "type": "dateofbirth",
      "value": "26-Jan-1972",
      "file_name": "Page 101.pdf"
    },
    {
      "type": "dateofbirth",
      "value": "26-Jan-1972",
      "file_name": "Page 101.pdf"
    },
    {
      "type": "dateofbirth",
      "value": "01-Oct1973-",
      "file_name": "Page 101.pdf"
    },
    {
      "type": "dateofbirth",
      "value": "20Aug-1971-",
      "file_name": "Page 101.pdf"
    },
    {
      "type": "dateofbirth",
      "value": "02-Feb-1966",
      "file_name": "Page 101.pdf"
    },
    {
      "type": "dateofbirth",
      "value": "01-Jan-1966",
      "file_name": "Page 101.pdf"
    },
    {
      "type": "dateofbirth",
      "value": "01-Jan-1966",
      "file_name": "Page 101.pdf"
    },
    {
      "type": "dateofbirth",
      "value": "01-Jan-1966",
      "file_name": "Page 101.pdf"
    },
    {
      "type": "dateofbirth",
      "value": "03May--1975",
      "file_name": "Page 101.pdf"
    },
    {
      "type": "dateofbirth",
      "value": "12Aug-1972-",
      "file_name": "Page 101.pdf"
    },
    {
      "type": "dateofbirth",
      "value": "13Apr--1969",
      "file_name": "Page 101.pdf"
    },
    {
      "type": "dateofbirth",
      "value": "03-May-1973",
      "file_name": "Page 101.pdf"
    },
    {
      "type": "dateofbirth",
      "value": "08-Nov1976-",
      "file_name": "Page 101.pdf"
    },
    {
      "type": "dateofbirth",
      "value": "08-Nov1976-",
      "file_name": "Page 101.pdf"
    },
    {
      "type": "dateofbirth",
      "value": "30-Sept-1964",
      "file_name": "Page 101.pdf"
    },
    {
      "type": "dateofbirth",
      "value": "28-Mar1961-",
      "file_name": "Page 101.pdf"
    },
    {
      "type": "dateofbirth",
      "value": "25-Nov-1967",
      "file_name": "Page 101.pdf"
    },
    {
      "type": "dateofbirth",
      "value": "04May--1964",
      "file_name": "Page 101.pdf"
    },
    {
      "type": "dateofbirth",
      "value": "20-Oct1964-",
      "file_name": "Page 101.pdf"
    },
    {
      "type": "dateofbirth",
      "value": "11-Nov1965-",
      "file_name": "Page 101.pdf"
    },
    {
      "type": "dateofbirth",
      "value": "24Aug-1971-",
      "file_name": "Page 101.pdf"
    },
    {
      "type": "dateofbirth",
      "value": "26Mar--1963",
      "file_name": "Page 101.pdf"
    },
    {
      "type": "dateofbirth",
      "value": "16-Jan-1977",
      "file_name": "Page 101.pdf"
    },
    {
      "type": "dateofbirth",
      "value": "15-Jan-1977",
      "file_name": "Page 101.pdf"
    },
    {
      "type": "dateofbirth",
      "value": "16-Jan-1977",
      "file_name": "Page 101.pdf"
    },
    {
      "type": "dateofbirth",
      "value": "26-Jul-1971",
      "file_name": "Page 101.pdf"
    },
    {
      "type": "dateofbirth",
      "value": "01-Jul1972-",
      "file_name": "Page 101.pdf"
    },
    {
      "type": "dateofbirth",
      "value": "30-Jun-1972",
      "file_name": "Page 101.pdf"
    },
    {
      "type": "dateofbirth",
      "value": "01-Sept-1966",
      "file_name": "Page 101.pdf"
    },
    {
      "type": "dateofbirth",
      "value": "03-Oct1961-",
      "file_name": "Page 101.pdf"
    },
    {
      "type": "dateofbirth",
      "value": "08Jun--1973",
      "file_name": "Page 101.pdf"
    },
    {
      "type": "dateofbirth",
      "value": "18-Feb-1978",
      "file_name": "Page 101.pdf"
    },
    {
      "type": "dateofbirth",
      "value": "24-Oct-1971",
      "file_name": "Page 101.pdf"
    },
    {
      "type": "dateofbirth",
      "value": "23-Oct1962-",
      "file_name": "Page 101.pdf"
    },
    {
      "type": "dateofbirth",
      "value": "08-Oct1971-",
      "file_name": "Page 101.pdf"
    },
    {
      "type": "dateofbirth",
      "value": "16-Dec1976-",
      "file_name": "Page 101.pdf"
    },
    {
      "type": "dateofbirth",
      "value": "21-Feb-1978",
      "file_name": "Page 101.pdf"
    },
    {
      "type": "dateofbirth",
      "value": "05-Feb-1978",
      "file_name": "Page 101.pdf"
    },
    {
      "type": "dateofbirth",
      "value": "09-Feb1971-",
      "file_name": "Page 101.pdf"
    },
    {
      "type": "dateofbirth",
      "value": "Feb1971- 09-",
      "file_name": "Page 101.pdf"
    },
    {
      "type": "dateofbirth",
      "value": "26-Jan-1974",
      "file_name": "Page 101.pdf"
    },
    {
      "type": "dateofbirth",
      "value": "19-Mar-1976",
      "file_name": "Page 101.pdf"
    },
    {
      "type": "dateofbirth",
      "value": "07-Mar-1978",
      "file_name": "Page 101.pdf"
    },
    {
      "type": "dateofbirth",
      "value": "Sept-1977 16",
      "file_name": "Page 101.pdf"
    },
    {
      "type": "dateofbirth",
      "value": "07Aug-1963-",
      "file_name": "Page 101.pdf"
    },
    {
      "type": "dateofbirth",
      "value": "15-Jan-1968",
      "file_name": "Page 101.pdf"
    },
    {
      "type": "dateofbirth",
      "value": "28-Feb-1964",
      "file_name": "Page 101.pdf"
    },
    {
      "type": "dateofbirth",
      "value": "08-Jun-1966",
      "file_name": "Page 101.pdf"
    },
    {
      "type": "dateofbirth",
      "value": "Mar1972- 05-",
      "file_name": "Page 101.pdf"
    },
    {
      "type": "dateofbirth",
      "value": "01Jan--1977",
      "file_name": "Page 101.pdf"
    },
    {
      "type": "dateofbirth",
      "value": "30-Aug1975-",
      "file_name": "Page 101.pdf"
    },
    {
      "type": "dateofbirth",
      "value": "24-Oct-1973",
      "file_name": "Page 101.pdf"
    },
    {
      "type": "dateofbirth",
      "value": "06-Sept-1964",
      "file_name": "Page 101.pdf"
    },
    {
      "type": "dateofbirth",
      "value": "02-Oct-1968",
      "file_name": "Page 101.pdf"
    },
    {
      "type": "dateofbirth",
      "value": "02-Oct1968-",
      "file_name": "Page 101.pdf"
    },
    {
      "type": "dateofbirth",
      "value": "04-Mar-1976",
      "file_name": "Page 101.pdf"
    },
    {
      "type": "dateofbirth",
      "value": "01Apr--1978",
      "file_name": "Page 101.pdf"
    },
    {
      "type": "dateofbirth",
      "value": "07-Jul1973-",
      "file_name": "Page 101.pdf"
    },
    {
      "type": "dateofbirth",
      "value": "08-Oct-1965",
      "file_name": "Page 101.pdf"
    },
    {
      "type": "dateofbirth",
      "value": "08-Oct-1965",
      "file_name": "Page 101.pdf"
    },
    {
      "type": "mobile",
      "value": "0499\n996 696",
      "file_name": "Page 101.pdf"
    },
    {
      "type": "mobile",
      "value": "0499 960 999",
      "file_name": "Page 101.pdf"
    },
    {
      "type": "mobile",
      "value": "0499 948 532",
      "file_name": "Page 101.pdf"
    },
    {
      "type": "mobile",
      "value": "0499 871 898",
      "file_name": "Page 101.pdf"
    },
    {
      "type": "mobile",
      "value": "0499 871 898",
      "file_name": "Page 101.pdf"
    },
    {
      "type": "mobile",
      "value": "0499 844 981",
      "file_name": "Page 101.pdf"
    },
    {
      "type": "mobile",
      "value": "0499 819 969",
      "file_name": "Page 101.pdf"
    },
    {
      "type": "mobile",
      "value": "0499 818 144",
      "file_name": "Page 101.pdf"
    },
    {
      "type": "mobile",
      "value": "0499 777 249",
      "file_name": "Page 101.pdf"
    },
    {
      "type": "mobile",
      "value": "0499 774 284",
      "file_name": "Page 101.pdf"
    },
    {
      "type": "mobile",
      "value": "0499 773 863",
      "file_name": "Page 101.pdf"
    },
    {
      "type": "mobile",
      "value": "0499 771 588",
      "file_name": "Page 101.pdf"
    },
    {
      "type": "mobile",
      "value": "0499 770 211",
      "file_name": "Page 101.pdf"
    },
    {
      "type": "mobile",
      "value": "0499 770 211",
      "file_name": "Page 101.pdf"
    },
    {
      "type": "mobile",
      "value": "0499 759 979",
      "file_name": "Page 101.pdf"
    },
    {
      "type": "mobile",
      "value": "0499\n719\n384",
      "file_name": "Page 101.pdf"
    },
    {
      "type": "mobile",
      "value": "0499 718 828",
      "file_name": "Page 101.pdf"
    },
    {
      "type": "mobile",
      "value": "0499\n714 919",
      "file_name": "Page 101.pdf"
    },
    {
      "type": "mobile",
      "value": "0499\n653 793",
      "file_name": "Page 101.pdf"
    },
    {
      "type": "mobile",
      "value": "0499\n653 793",
      "file_name": "Page 101.pdf"
    },
    {
      "type": "mobile",
      "value": "0499\n649\n242",
      "file_name": "Page 101.pdf"
    },
    {
      "type": "mobile",
      "value": "0499 649 242",
      "file_name": "Page 101.pdf"
    },
    {
      "type": "mobile",
      "value": "0499\n646 474",
      "file_name": "Page 101.pdf"
    },
    {
      "type": "mobile",
      "value": "0499 630 616",
      "file_name": "Page 101.pdf"
    },
    {
      "type": "mobile",
      "value": "0499 621 227",
      "file_name": "Page 101.pdf"
    },
    {
      "type": "mobile",
      "value": "0499\n621 200",
      "file_name": "Page 101.pdf"
    },
    {
      "type": "mobile",
      "value": "0499 621 200",
      "file_name": "Page 101.pdf"
    },
    {
      "type": "mobile",
      "value": "0499 599 654",
      "file_name": "Page 101.pdf"
    },
    {
      "type": "mobile",
      "value": "0499 599 654",
      "file_name": "Page 101.pdf"
    },
    {
      "type": "mobile",
      "value": "0499 599 162",
      "file_name": "Page 101.pdf"
    },
    {
      "type": "mobile",
      "value": "0499\n588 677",
      "file_name": "Page 101.pdf"
    },
    {
      "type": "mobile",
      "value": "0499 580 131",
      "file_name": "Page 101.pdf"
    },
    {
      "type": "mobile",
      "value": "0499 580\n131",
      "file_name": "Page 101.pdf"
    },
    {
      "type": "mobile",
      "value": "0499 577 546",
      "file_name": "Page 101.pdf"
    },
    {
      "type": "mobile",
      "value": "0499\n577 546",
      "file_name": "Page 101.pdf"
    },
    {
      "type": "mobile",
      "value": "0499 572 401",
      "file_name": "Page 101.pdf"
    },
    {
      "type": "mobile",
      "value": "0499 570 130",
      "file_name": "Page 101.pdf"
    },
    {
      "type": "mobile",
      "value": "0499 529 091",
      "file_name": "Page 101.pdf"
    },
    {
      "type": "mobile",
      "value": "0499 512 536",
      "file_name": "Page 101.pdf"
    },
    {
      "type": "mobile",
      "value": "0499\n512 536",
      "file_name": "Page 101.pdf"
    },
    {
      "type": "mobile",
      "value": "0499 512 536",
      "file_name": "Page 101.pdf"
    },
    {
      "type": "mobile",
      "value": "0499\n512 536",
      "file_name": "Page 101.pdf"
    },
    {
      "type": "mobile",
      "value": "0499 499 128",
      "file_name": "Page 101.pdf"
    },
    {
      "type": "mobile",
      "value": "0499\n382\n637",
      "file_name": "Page 101.pdf"
    },
    {
      "type": "mobile",
      "value": "0499 363 568",
      "file_name": "Page 101.pdf"
    },
    {
      "type": "mobile",
      "value": "0499 363 568",
      "file_name": "Page 101.pdf"
    },
    {
      "type": "mobile",
      "value": "0499 363 568",
      "file_name": "Page 101.pdf"
    },
    {
      "type": "mobile",
      "value": "0499 353 668",
      "file_name": "Page 101.pdf"
    },
    {
      "type": "mobile",
      "value": "0499 341 999",
      "file_name": "Page 101.pdf"
    },
    {
      "type": "mobile",
      "value": "0499 303 015",
      "file_name": "Page 101.pdf"
    },
    {
      "type": "mobile",
      "value": "0499 303 013",
      "file_name": "Page 101.pdf"
    },
    {
      "type": "mobile",
      "value": "0499 294 557",
      "file_name": "Page 101.pdf"
    },
    {
      "type": "mobile",
      "value": "0499 261 895",
      "file_name": "Page 101.pdf"
    },
    {
      "type": "mobile",
      "value": "0499 261 895",
      "file_name": "Page 101.pdf"
    },
    {
      "type": "mobile",
      "value": "0499 259 029",
      "file_name": "Page 101.pdf"
    },
    {
      "type": "mobile",
      "value": "0499 267 822",
      "file_name": "Page 101.pdf"
    },
    {
      "type": "mobile",
      "value": "0499 242 508",
      "file_name": "Page 101.pdf"
    },
    {
      "type": "mobile",
      "value": "0499 230 643",
      "file_name": "Page 101.pdf"
    },
    {
      "type": "mobile",
      "value": "0499 215 534",
      "file_name": "Page 101.pdf"
    },
    {
      "type": "mobile",
      "value": "0499 201 808",
      "file_name": "Page 101.pdf"
    },
    {
      "type": "mobile",
      "value": "0499 200 073",
      "file_name": "Page 101.pdf"
    },
    {
      "type": "mobile",
      "value": "0499 188 067",
      "file_name": "Page 101.pdf"
    },
    {
      "type": "mobile",
      "value": "0499 183 569",
      "file_name": "Page 101.pdf"
    },
    {
      "type": "mobile",
      "value": "0499 183 569",
      "file_name": "Page 101.pdf"
    },
    {
      "type": "mobile",
      "value": "0499 183 539",
      "file_name": "Page 101.pdf"
    },
    {
      "type": "mobile",
      "value": "0499\n170 001",
      "file_name": "Page 101.pdf"
    },
    {
      "type": "mobile",
      "value": "0499 168 162",
      "file_name": "Page 101.pdf"
    },
    {
      "type": "mobile",
      "value": "0499 106 077",
      "file_name": "Page 101.pdf"
    },
    {
      "type": "mobile",
      "value": "0499 102 608",
      "file_name": "Page 101.pdf"
    },
    {
      "type": "mobile",
      "value": "0499\n090 560",
      "file_name": "Page 101.pdf"
    },
    {
      "type": "mobile",
      "value": "0499\n076 949",
      "file_name": "Page 101.pdf"
    },
    {
      "type": "mobile",
      "value": "0499 072 737",
      "file_name": "Page 101.pdf"
    },
    {
      "type": "mobile",
      "value": "0499 071 283",
      "file_name": "Page 101.pdf"
    },
    {
      "type": "mobile",
      "value": "0499 035 075",
      "file_name": "Page 101.pdf"
    },
    {
      "type": "mobile",
      "value": "0499 017 799",
      "file_name": "Page 101.pdf"
    },
    {
      "type": "mobile",
      "value": "0499 017 551",
      "file_name": "Page 101.pdf"
    },
    {
      "type": "mobile",
      "value": "0499 016 609",
      "file_name": "Page 101.pdf"
    },
    {
      "type": "mobile",
      "value": "0499 001 343",
      "file_name": "Page 101.pdf"
    },
    {
      "type": "mobile",
      "value": "0499 001 342",
      "file_name": "Page 101.pdf"
    },
    {
      "type": "mobile",
      "value": "0499 001 342",
      "file_name": "Page 101.pdf"
    },
    {
      "type": "mobile",
      "value": "0499 000 245",
      "file_name": "Page 101.pdf"
    },
    {
      "type": "mobile",
      "value": "0498 996 474",
      "file_name": "Page 101.pdf"
    },
    {
      "type": "mobile",
      "value": "0498 982 723",
      "file_name": "Page 101.pdf"
    },
    {
      "type": "mobile",
      "value": "0498 975 616",
      "file_name": "Page 101.pdf"
    },
    {
      "type": "mobile",
      "value": "0498 811 017",
      "file_name": "Page 101.pdf"
    },
    {
      "type": "mobile",
      "value": "0498 810 496",
      "file_name": "Page 101.pdf"
    },
    {
      "type": "mobile",
      "value": "0498 802 743",
      "file_name": "Page 101.pdf"
    },
    {
      "type": "mobile",
      "value": "0498\n800 204",
      "file_name": "Page 101.pdf"
    },
    {
      "type": "mobile",
      "value": "0498\n739 307",
      "file_name": "Page 101.pdf"
    },
    {
      "type": "mobile",
      "value": "0498 666 827",
      "file_name": "Page 101.pdf"
    },
    {
      "type": "mobile",
      "value": "0498\n666 292",
      "file_name": "Page 101.pdf"
    },
    {
      "type": "mobile",
      "value": "0498 666 292",
      "file_name": "Page 101.pdf"
    },
    {
      "type": "mobile",
      "value": "0498 653 523",
      "file_name": "Page 101.pdf"
    },
    {
      "type": "mobile",
      "value": "0498 646 384",
      "file_name": "Page 101.pdf"
    },
    {
      "type": "mobile",
      "value": "0498 646 384",
      "file_name": "Page 101.pdf"
    },
    {
      "type": "mobile",
      "value": "0498 632 058",
      "file_name": "Page 101.pdf"
    },
    {
      "type": "mobile",
      "value": "0498 622 404",
      "file_name": "Page 101.pdf"
    },
    {
      "type": "mobile",
      "value": "0498 608 165",
      "file_name": "Page 101.pdf"
    },
    {
      "type": "mobile",
      "value": "0498 572 892",
      "file_name": "Page 101.pdf"
    },
    {
      "type": "mobile",
      "value": "0498 572 892",
      "file_name": "Page 101.pdf"
    },
    {
      "type": "name",
      "value": "Maurizio Buttafuoco",
      "file_name": "Page 101.pdf"
    },
    {
      "type": "name",
      "value": "Andrew Williams",
      "file_name": "Page 101.pdf"
    },
    {
      "type": "name",
      "value": "Alison Smith",
      "file_name": "Page 101.pdf"
    },
    {
      "type": "name",
      "value": "Anthony Vickers.",
      "file_name": "Page 101.pdf"
    },
    {
      "type": "name",
      "value": "Anthony Vickers",
      "file_name": "Page 101.pdf"
    },
    {
      "type": "name",
      "value": "Susan Dunham･･･",
      "file_name": "Page 101.pdf"
    },
    {
      "type": "name",
      "value": "Sarah Goodby",
      "file_name": "Page 101.pdf"
    },
    {
      "type": "name",
      "value": "Ross Wellstead",
      "file_name": "Page 101.pdf"
    },
    {
      "type": "name",
      "value": "Jeremy Michael Deaned...",
      "file_name": "Page 101.pdf"
    },
    {
      "type": "name",
      "value": "Richard Sticklando...",
      "file_name": "Page 101.pdf"
    },
    {
      "type": "name",
      "value": "Bradley Morris ...",
      "file_name": "Page 101.pdf"
    },
    {
      "type": "name",
      "value": "Roberto Antonio Barrero Gumiel",
      "file_name": "Page 101.pdf"
    },
    {
      "type": "name",
      "value": "Aaron Burrows...",
      "file_name": "Page 101.pdf"
    },
    {
      "type": "name",
      "value": "Aaron Burrows...",
      "file_name": "Page 101.pdf"
    },
    {
      "type": "name",
      "value": "Kirsti Jeggo...",
      "file_name": "Page 101.pdf"
    },
    {
      "type": "name",
      "value": "Sean Scadden",
      "file_name": "Page 101.pdf"
    },
    {
      "type": "name",
      "value": "Ben Kent...",
      "file_name": "Page 101.pdf"
    },
    {
      "type": "name",
      "value": "Carmen Simion...",
      "file_name": "Page 101.pdf"
    },
    {
      "type": "name",
      "value": "Cheryl Khosravi",
      "file_name": "Page 101.pdf"
    },
    {
      "type": "name",
      "value": "C Khosravi",
      "file_name": "Page 101.pdf"
    },
    {
      "type": "name",
      "value": "Patricia Quinn?...",
      "file_name": "Page 101.pdf"
    },
    {
      "type": "name",
      "value": "Patricia Quinn...",
      "file_name": "Page 101.pdf"
    },
    {
      "type": "name",
      "value": "John Arangio",
      "file_name": "Page 101.pdf"
    },
    {
      "type": "name",
      "value": "Chelsea Opie",
      "file_name": "Page 101.pdf"
    },
    {
      "type": "name",
      "value": "Chika Ritchie",
      "file_name": "Page 101.pdf"
    },
    {
      "type": "name",
      "value": "Stewart Ritchie",
      "file_name": "Page 101.pdf"
    },
    {
      "type": "name",
      "value": "Stewart Ritchie ...",
      "file_name": "Page 101.pdf"
    },
    {
      "type": "name",
      "value": "Samuel Henderson",
      "file_name": "Page 101.pdf"
    },
    {
      "type": "name",
      "value": "Samuel Henderson ...",
      "file_name": "Page 101.pdf"
    },
    {
      "type": "name",
      "value": "Dean Delvalle...",
      "file_name": "Page 101.pdf"
    },
    {
      "type": "name",
      "value": "Heide Taylor",
      "file_name": "Page 101.pdf"
    },
    {
      "type": "name",
      "value": "Richard Vanderlande...",
      "file_name": "Page 101.pdf"
    },
    {
      "type": "name",
      "value": "Richard Vanderlande",
      "file_name": "Page 101.pdf"
    },
    {
      "type": "name",
      "value": "Adrian Edwards.",
      "file_name": "Page 101.pdf"
    },
    {
      "type": "name",
      "value": "Adrian Edwards",
      "file_name": "Page 101.pdf"
    },
    {
      "type": "name",
      "value": "Paul Moss",
      "file_name": "Page 101.pdf"
    },
    {
      "type": "name",
      "value": "Chantel Greer",
      "file_name": "Page 101.pdf"
    },
    {
      "type": "name",
      "value": "Kathy Willing",
      "file_name": "Page 101.pdf"
    },
    {
      "type": "name",
      "value": "Johanna Byrne",
      "file_name": "Page 101.pdf"
    },
    {
      "type": "name",
      "value": "Johanna Byrne",
      "file_name": "Page 101.pdf"
    },
    {
      "type": "name",
      "value": "Johanna Byrne",
      "file_name": "Page 101.pdf"
    },
    {
      "type": "name",
      "value": "Johana Byrne",
      "file_name": "Page 101.pdf"
    },
    {
      "type": "name",
      "value": "Wayne Reeve･･･",
      "file_name": "Page 101.pdf"
    },
    {
      "type": "name",
      "value": "Donna Dunmill",
      "file_name": "Page 101.pdf"
    },
    {
      "type": "name",
      "value": "Brent Harvey",
      "file_name": "Page 101.pdf"
    },
    {
      "type": "name",
      "value": "Brent Harvey･･",
      "file_name": "Page 101.pdf"
    },
    {
      "type": "name",
      "value": "Brent Harvey･･",
      "file_name": "Page 101.pdf"
    },
    {
      "type": "name",
      "value": "Brent Harvey",
      "file_name": "Page 101.pdf"
    },
    {
      "type": "name",
      "value": "Johan Du Preez",
      "file_name": "Page 101.pdf"
    },
    {
      "type": "name",
      "value": "Marladasan Thoppil Nick",
      "file_name": "Page 101.pdf"
    },
    {
      "type": "name",
      "value": "Hopewell Kabaya",
      "file_name": "Page 101.pdf"
    },
    {
      "type": "name",
      "value": "David Topping...",
      "file_name": "Page 101.pdf"
    },
    {
      "type": "name",
      "value": "Natalie Michelle Clarkson",
      "file_name": "Page 101.pdf"
    },
    {
      "type": "name",
      "value": "Natalie Clarkson?",
      "file_name": "Page 101.pdf"
    },
    {
      "type": "name",
      "value": "Skye Goodall",
      "file_name": "Page 101.pdf"
    },
    {
      "type": "name",
      "value": "Sue McDermott...",
      "file_name": "Page 101.pdf"
    },
    {
      "type": "name",
      "value": "Mariet Boshoff",
      "file_name": "Page 101.pdf"
    },
    {
      "type": "name",
      "value": "Ray Jones",
      "file_name": "Page 101.pdf"
    },
    {
      "type": "name",
      "value": "Gerard Barry",
      "file_name": "Page 101.pdf"
    },
    {
      "type": "name",
      "value": "Cliff Dixon ...",
      "file_name": "Page 101.pdf"
    },
    {
      "type": "name",
      "value": "Mark Hughes ...",
      "file_name": "Page 101.pdf"
    },
    {
      "type": "name",
      "value": "Wayne Imlay ...",
      "file_name": "Page 101.pdf"
    },
    {
      "type": "name",
      "value": "Natalie Ladner...",
      "file_name": "Page 101.pdf"
    },
    {
      "type": "name",
      "value": "Natalie Ladner?...",
      "file_name": "Page 101.pdf"
    },
    {
      "type": "name",
      "value": "Natalie Ladner",
      "file_name": "Page 101.pdf"
    },
    {
      "type": "name",
      "value": "Kelly Wescombe...",
      "file_name": "Page 101.pdf"
    },
    {
      "type": "name",
      "value": "Bronwyn Neal..",
      "file_name": "Page 101.pdf"
    },
    {
      "type": "name",
      "value": "Venu Ramakrishnan ...",
      "file_name": "Page 101.pdf"
    },
    {
      "type": "name",
      "value": "Stephen Jongeling",
      "file_name": "Page 101.pdf"
    },
    {
      "type": "name",
      "value": "Sandra Mills",
      "file_name": "Page 101.pdf"
    },
    {
      "type": "name",
      "value": "Yannick Viale",
      "file_name": "Page 101.pdf"
    },
    {
      "type": "name",
      "value": "James Ratu...",
      "file_name": "Page 101.pdf"
    },
    {
      "type": "name",
      "value": "Sharon Brown.",
      "file_name": "Page 101.pdf"
    },
    {
      "type": "name",
      "value": "Julie Harris",
      "file_name": "Page 101.pdf"
    },
    {
      "type": "name",
      "value": "Matthew Hodged",
      "file_name": "Page 101.pdf"
    },
    {
      "type": "name",
      "value": "S Wells",
      "file_name": "Page 101.pdf"
    },
    {
      "type": "name",
      "value": "Tony Prince d...",
      "file_name": "Page 101.pdf"
    },
    {
      "type": "name",
      "value": "Seth Pleiter",
      "file_name": "Page 101.pdf"
    },
    {
      "type": "name",
      "value": "Natalie Pleiter",
      "file_name": "Page 101.pdf"
    },
    {
      "type": "name",
      "value": "Natalie Pleiter",
      "file_name": "Page 101.pdf"
    },
    {
      "type": "name",
      "value": "Joe-Anne L Buchan",
      "file_name": "Page 101.pdf"
    },
    {
      "type": "name",
      "value": "Samantha Williams",
      "file_name": "Page 101.pdf"
    },
    {
      "type": "name",
      "value": "Bradley Byrne",
      "file_name": "Page 101.pdf"
    },
    {
      "type": "name",
      "value": "Jordan Wegwermer",
      "file_name": "Page 101.pdf"
    },
    {
      "type": "name",
      "value": "Jacqui Early",
      "file_name": "Page 101.pdf"
    },
    {
      "type": "name",
      "value": "Teinakore Tautu",
      "file_name": "Page 101.pdf"
    },
    {
      "type": "name",
      "value": "Andrew Holyman...",
      "file_name": "Page 101.pdf"
    },
    {
      "type": "name",
      "value": "Nicholas Turner...",
      "file_name": "Page 101.pdf"
    },
    {
      "type": "name",
      "value": "Alet Swarts?",
      "file_name": "Page 101.pdf"
    },
    {
      "type": "name",
      "value": "Adam Marsden",
      "file_name": "Page 101.pdf"
    },
    {
      "type": "name",
      "value": "Sharon Fay Melissa Niwa?",
      "file_name": "Page 101.pdf"
    },
    {
      "type": "name",
      "value": "Sharon Niwa...",
      "file_name": "Page 101.pdf"
    },
    {
      "type": "name",
      "value": "Cornelis Pretorius",
      "file_name": "Page 101.pdf"
    },
    {
      "type": "name",
      "value": "Lisa Kepa",
      "file_name": "Page 101.pdf"
    },
    {
      "type": "name",
      "value": "Lisa Joanne Kepa?",
      "file_name": "Page 101.pdf"
    },
    {
      "type": "name",
      "value": "Kylie Ingram",
      "file_name": "Page 101.pdf"
    },
    {
      "type": "name",
      "value": "Troy Michael O'Donnell ...",
      "file_name": "Page 101.pdf"
    },
    {
      "type": "name",
      "value": "Micheal McCormack ...",
      "file_name": "Page 101.pdf"
    },
    {
      "type": "name",
      "value": "Noeleen Beeton",
      "file_name": "Page 101.pdf"
    },
    {
      "type": "name",
      "value": "Noeleen Beeton",
      "file_name": "Page 101.pdf"
    },
    {
      "type": "email",
      "value": "taipen@bigpond.com",
      "file_name": "Page 101.pdf"
    },
    {
      "type": "email",
      "value": "andrewwilliams6174@hotmail.com",
      "file_name": "Page 101.pdf"
    },
    {
      "type": "email",
      "value": "salison037@icloud.com",
      "file_name": "Page 101.pdf"
    },
    {
      "type": "email",
      "value": "tony.vickers@live.com.au",
      "file_name": "Page 101.pdf"
    },
    {
      "type": "email",
      "value": "tony.vickers@live.com.au",
      "file_name": "Page 101.pdf"
    },
    {
      "type": "email",
      "value": "dawson669@gmail.com",
      "file_name": "Page 101.pdf"
    },
    {
      "type": "email",
      "value": "sarah.goodby@live.co.uk",
      "file_name": "Page 101.pdf"
    },
    {
      "type": "email",
      "value": "ross.wellstead@hotmail.com",
      "file_name": "Page 101.pdf"
    },
    {
      "type": "email",
      "value": "jk.deane1@gmail.com",
      "file_name": "Page 101.pdf"
    },
    {
      "type": "email",
      "value": "Icstickland@hotmail.com",
      "file_name": "Page 101.pdf"
    },
    {
      "type": "email",
      "value": "beefman@inet.net.au",
      "file_name": "Page 101.pdf"
    },
    {
      "type": "email",
      "value": "roberto.antonio.barrero@gmail.com",
      "file_name": "Page 101.pdf"
    },
    {
      "type": "email",
      "value": "jacb@iinet.net.au",
      "file_name": "Page 101.pdf"
    },
    {
      "type": "email",
      "value": "66atb@iinet.net.au",
      "file_name": "Page 101.pdf"
    },
    {
      "type": "email",
      "value": "jeggs@hotmail.co.uk",
      "file_name": "Page 101.pdf"
    },
    {
      "type": "email",
      "value": "seanchefscadden@hotmail.com",
      "file_name": "Page 101.pdf"
    },
    {
      "type": "email",
      "value": "benjkent1@gmail.com",
      "file_name": "Page 101.pdf"
    },
    {
      "type": "email",
      "value": "cazz9656@gmail.com",
      "file_name": "Page 101.pdf"
    },
    {
      "type": "email",
      "value": "lataya17@icloud.com",
      "file_name": "Page 101.pdf"
    },
    {
      "type": "email",
      "value": "tanika.cardoso@gmail.com",
      "file_name": "Page 101.pdf"
    },
    {
      "type": "email",
      "value": "quinnpatricia@rocketmail.com",
      "file_name": "Page 101.pdf"
    },
    {
      "type": "email",
      "value": "quinnpatricia@rocketmail.com",
      "file_name": "Page 101.pdf"
    },
    {
      "type": "email",
      "value": "johnarangio@bigpond.com",
      "file_name": "Page 101.pdf"
    },
    {
      "type": "email",
      "value": "chelsea.opie@iinet.net.au",
      "file_name": "Page 101.pdf"
    },
    {
      "type": "email",
      "value": "ritchiechika@gmail.com",
      "file_name": "Page 101.pdf"
    },
    {
      "type": "email",
      "value": "ritchiestewarta@gmail.com",
      "file_name": "Page 101.pdf"
    },
    {
      "type": "email",
      "value": "starbros42@yahoo.com",
      "file_name": "Page 101.pdf"
    },
    {
      "type": "email",
      "value": "starbros42@yahoo.com",
      "file_name": "Page 101.pdf"
    },
    {
      "type": "email",
      "value": "raquelydean@hotmail.com",
      "file_name": "Page 101.pdf"
    },
    {
      "type": "email",
      "value": "heidetaylor@live.com.au",
      "file_name": "Page 101.pdf"
    },
    {
      "type": "email",
      "value": "r_vanderlande@hotmail.com",
      "file_name": "Page 101.pdf"
    },
    {
      "type": "email",
      "value": "r_vanderlande@hotmail.com",
      "file_name": "Page 101.pdf"
    },
    {
      "type": "email",
      "value": "adrianedwards71@hotmail.com",
      "file_name": "Page 101.pdf"
    },
    {
      "type": "email",
      "value": "adrianedwards71@hotmail.com",
      "file_name": "Page 101.pdf"
    },
    {
      "type": "email",
      "value": "alco44100@yahoo.com",
      "file_name": "Page 101.pdf"
    },
    {
      "type": "email",
      "value": "boosis@bigpond.com",
      "file_name": "Page 101.pdf"
    },
    {
      "type": "email",
      "value": "gnkwilling69@bigpond.com",
      "file_name": "Page 101.pdf"
    },
    {
      "type": "email",
      "value": "johanna.byrne@icloud.com",
      "file_name": "Page 101.pdf"
    },
    {
      "type": "email",
      "value": "johanna.byrne@icloud.com",
      "file_name": "Page 101.pdf"
    },
    {
      "type": "email",
      "value": "johanna.byrne@icloud.com",
      "file_name": "Page 101.pdf"
    },
    {
      "type": "email",
      "value": "wreeve@hotmail.com",
      "file_name": "Page 101.pdf"
    },
    {
      "type": "email",
      "value": "donnadunmill@outlook.com",
      "file_name": "Page 101.pdf"
    },
    {
      "type": "email",
      "value": "brent.harvey@hotmail.com",
      "file_name": "Page 101.pdf"
    },
    {
      "type": "email",
      "value": "brent.harvey@hotmail.com",
      "file_name": "Page 101.pdf"
    },
    {
      "type": "email",
      "value": "brent.harvey@hotmail.com",
      "file_name": "Page 101.pdf"
    },
    {
      "type": "email",
      "value": "brent.harvey@hotmail.com",
      "file_name": "Page 101.pdf"
    },
    {
      "type": "email",
      "value": "johandupreez@live.com.au",
      "file_name": "Page 101.pdf"
    },
    {
      "type": "email",
      "value": "hope_mkabaya@yahoo.co.uk",
      "file_name": "Page 101.pdf"
    },
    {
      "type": "email",
      "value": "davidkickstart40@gmail.com",
      "file_name": "Page 101.pdf"
    },
    {
      "type": "email",
      "value": "natclarkson76@gmail.com",
      "file_name": "Page 101.pdf"
    },
    {
      "type": "email",
      "value": "clarksonv12@gmail.com",
      "file_name": "Page 101.pdf"
    },
    {
      "type": "email",
      "value": "skyegoodall2002@icloud.com",
      "file_name": "Page 101.pdf"
    },
    {
      "type": "email",
      "value": "sue.bob@westnet.com.au",
      "file_name": "Page 101.pdf"
    },
    {
      "type": "email",
      "value": "marietboshoff25@gmail.com",
      "file_name": "Page 101.pdf"
    },
    {
      "type": "email",
      "value": "ray.jones@live.com.au",
      "file_name": "Page 101.pdf"
    },
    {
      "type": "email",
      "value": "gerbarry2012@me.com",
      "file_name": "Page 101.pdf"
    },
    {
      "type": "email",
      "value": "cliffdixon65@gmail.com",
      "file_name": "Page 101.pdf"
    },
    {
      "type": "email",
      "value": "hughesmark966@gmail.com",
      "file_name": "Page 101.pdf"
    },
    {
      "type": "email",
      "value": "nightwheels@clear.net.nz",
      "file_name": "Page 101.pdf"
    },
    {
      "type": "email",
      "value": "natalieladner14@gmail.com",
      "file_name": "Page 101.pdf"
    },
    {
      "type": "email",
      "value": "natalieladner14@gmail.com",
      "file_name": "Page 101.pdf"
    },
    {
      "type": "email",
      "value": "natalieladner14@gmail.com",
      "file_name": "Page 101.pdf"
    },
    {
      "type": "email",
      "value": "kelly.a.wescombe@gmail.com",
      "file_name": "Page 101.pdf"
    },
    {
      "type": "email",
      "value": "bronwyn.neal@gmail.com",
      "file_name": "Page 101.pdf"
    },
    {
      "type": "email",
      "value": "rrvenu@gmail.com",
      "file_name": "Page 101.pdf"
    },
    {
      "type": "email",
      "value": "hope4bigfish@gmail.com",
      "file_name": "Page 101.pdf"
    },
    {
      "type": "email",
      "value": "sandymills61@yahoo.co.nz",
      "file_name": "Page 101.pdf"
    },
    {
      "type": "email",
      "value": "yviale67@gmail.com",
      "file_name": "Page 101.pdf"
    },
    {
      "type": "email",
      "value": "james.ratu2011@gmail.com",
      "file_name": "Page 101.pdf"
    },
    {
      "type": "email",
      "value": "harrijag1 @bigpond.com",
      "file_name": "Page 101.pdf"
    },
    {
      "type": "email",
      "value": "matthewhodge@outlook.com.au",
      "file_name": "Page 101.pdf"
    },
    {
      "type": "email",
      "value": "tonyprince78@outlook.com",
      "file_name": "Page 101.pdf"
    },
    {
      "type": "email",
      "value": "sethsterboy@gmail.com",
      "file_name": "Page 101.pdf"
    },
    {
      "type": "email",
      "value": "npleiter@bigpond.net.au",
      "file_name": "Page 101.pdf"
    },
    {
      "type": "email",
      "value": "npleiter@bigpond.net.au",
      "file_name": "Page 101.pdf"
    },
    {
      "type": "email",
      "value": "john.buchan07@bigpond",
      "file_name": "Page 101.pdf"
    },
    {
      "type": "email",
      "value": "samanthawilliams76@hotmail.com",
      "file_name": "Page 101.pdf"
    },
    {
      "type": "email",
      "value": "info@ausstarplumbing.com.au",
      "file_name": "Page 101.pdf"
    },
    {
      "type": "email",
      "value": "teztink77@gmail.com",
      "file_name": "Page 101.pdf"
    },
    {
      "type": "email",
      "value": "jtearly@wn.com.au",
      "file_name": "Page 101.pdf"
    },
    {
      "type": "email",
      "value": "teinat15@gmail.com",
      "file_name": "Page 101.pdf"
    },
    {
      "type": "email",
      "value": "dcau.andrew.holyman@gmail.com",
      "file_name": "Page 101.pdf"
    },
    {
      "type": "email",
      "value": "nickoturner@bigpond.com.au",
      "file_name": "Page 101.pdf"
    },
    {
      "type": "email",
      "value": "alet.swarts@gmail.com",
      "file_name": "Page 101.pdf"
    },
    {
      "type": "email",
      "value": "aczmarsden@gmail.com",
      "file_name": "Page 101.pdf"
    },
    {
      "type": "email",
      "value": "shammylatu@gmail.com",
      "file_name": "Page 101.pdf"
    },
    {
      "type": "email",
      "value": "shammylatu@gmail.com",
      "file_name": "Page 101.pdf"
    },
    {
      "type": "email",
      "value": "auto1968@yahoo.co.nz",
      "file_name": "Page 101.pdf"
    },
    {
      "type": "email",
      "value": "mllyjlly6@outlook.com",
      "file_name": "Page 101.pdf"
    },
    {
      "type": "email",
      "value": "cybernetica24@hotmail.com",
      "file_name": "Page 101.pdf"
    },
    {
      "type": "email",
      "value": "michealmccormack22@yahoo.com",
      "file_name": "Page 101.pdf"
    },
    {
      "type": "email",
      "value": "beetonni@gmail.com",
      "file_name": "Page 101.pdf"
    },
    {
      "type": "email",
      "value": "beetonni@gmail.com",
      "file_name": "Page 101.pdf"
    },
    {
      "type": "email",
      "value": "1968@yahoo.co.nz",
      "file_name": "Page 101.pdf"
    },
    {
      "type": "landline",
      "value": "08 9524\n2274",
      "file_name": "Page 101.pdf"
    },
    {
      "type": "landline",
      "value": "08 9524 2076",
      "file_name": "Page 101.pdf"
    },
    {
      "type": "landline",
      "value": "08 9523 6682",
      "file_name": "Page 101.pdf"
    },
    {
      "type": "landline",
      "value": "08 9523 1248",
      "file_name": "Page 101.pdf"
    },
    {
      "type": "landline",
      "value": "08 9523 1248",
      "file_name": "Page 101.pdf"
    },
    {
      "type": "landline",
      "value": "08 9524 3630",
      "file_name": "Page 101.pdf"
    },
    {
      "type": "landline",
      "value": "08 9524 1960",
      "file_name": "Page 101.pdf"
    },
    {
      "type": "landline",
      "value": "08\n9524 1960",
      "file_name": "Page 101.pdf"
    },
    {
      "type": "landline",
      "value": "08 9523 1846",
      "file_name": "Page 101.pdf"
    },
    {
      "type": "landline",
      "value": "08 9523 1846",
      "file_name": "Page 101.pdf"
    },
    {
      "type": "landline",
      "value": "08 9523 6680",
      "file_name": "Page 101.pdf"
    },
    {
      "type": "landline",
      "value": "08\n9523\n8332",
      "file_name": "Page 101.pdf"
    },
    {
      "type": "landline",
      "value": "08\n9523\n8602",
      "file_name": "Page 101.pdf"
    },
    {
      "type": "landline",
      "value": "08\n9524 1756",
      "file_name": "Page 101.pdf"
    },
    {
      "type": "landline",
      "value": "08\n9523\n1142",
      "file_name": "Page 101.pdf"
    },
    {
      "type": "landline",
      "value": "08 9529 0494",
      "file_name": "Page 101.pdf"
    },
    {
      "type": "landline",
      "value": "08\n9529\n0391",
      "file_name": "Page 101.pdf"
    },
    {
      "type": "landline",
      "value": "08 9591 8040",
      "file_name": "Page 101.pdf"
    },
    {
      "type": "landline",
      "value": "08\n9524 2481",
      "file_name": "Page 101.pdf"
    },
    {
      "type": "landline",
      "value": "08 9524 2481",
      "file_name": "Page 101.pdf"
    },
    {
      "type": "landline",
      "value": "08 9524 2542",
      "file_name": "Page 101.pdf"
    },
    {
      "type": "landline",
      "value": "08\n9523\n6830",
      "file_name": "Page 101.pdf"
    },
    {
      "type": "landline",
      "value": "08 9591\n8882",
      "file_name": "Page 101.pdf"
    },
    {
      "type": "landline",
      "value": "08 9523 8977",
      "file_name": "Page 101.pdf"
    },
    {
      "type": "landline",
      "value": "08 9524 3854",
      "file_name": "Page 101.pdf"
    },
    {
      "type": "landline",
      "value": "08\n9523 8680",
      "file_name": "Page 101.pdf"
    },
    {
      "type": "landline",
      "value": "08 9523\n2696",
      "file_name": "Page 101.pdf"
    },
    {
      "type": "landline",
      "value": "08\n9523\n1663",
      "file_name": "Page 101.pdf"
    },
    {
      "type": "landline",
      "value": "08\n9523\n8854",
      "file_name": "Page 101.pdf"
    },
    {
      "type": "landline",
      "value": "08\n9524 6876",
      "file_name": "Page 101.pdf"
    },
    {
      "type": "lastseen",
      "value": "30-Jun-2023",
      "file_name": "Page 101.pdf"
    },
    {
      "type": "lastseen",
      "value": "30-Jun-2023",
      "file_name": "Page 101.pdf"
    },
    {
      "type": "lastseen",
      "value": "30-Jun-2023",
      "file_name": "Page 101.pdf"
    },
    {
      "type": "lastseen",
      "value": "15Aug--2022",
      "file_name": "Page 101.pdf"
    },
    {
      "type": "lastseen",
      "value": "15Aug--2022",
      "file_name": "Page 101.pdf"
    },
    {
      "type": "lastseen",
      "value": "07Aug-2019-",
      "file_name": "Page 101.pdf"
    },
    {
      "type": "lastseen",
      "value": "13-Feb-2021",
      "file_name": "Page 101.pdf"
    },
    {
      "type": "lastseen",
      "value": "30-Jun-2023",
      "file_name": "Page 101.pdf"
    },
    {
      "type": "lastseen",
      "value": "30-Jun-2023",
      "file_name": "Page 101.pdf"
    },
    {
      "type": "lastseen",
      "value": "30-Jun-2023",
      "file_name": "Page 101.pdf"
    },
    {
      "type": "lastseen",
      "value": "30-Jun-2023",
      "file_name": "Page 101.pdf"
    },
    {
      "type": "lastseen",
      "value": "22-Nov-2017",
      "file_name": "Page 101.pdf"
    },
    {
      "type": "lastseen",
      "value": "30-Jun-2023",
      "file_name": "Page 101.pdf"
    },
    {
      "type": "lastseen",
      "value": "30-Jun-2023",
      "file_name": "Page 101.pdf"
    },
    {
      "type": "lastseen",
      "value": "15Aug--2022",
      "file_name": "Page 101.pdf"
    },
    {
      "type": "lastseen",
      "value": "30Jun--2023",
      "file_name": "Page 101.pdf"
    },
    {
      "type": "lastseen",
      "value": "15Aug--2022",
      "file_name": "Page 101.pdf"
    },
    {
      "type": "lastseen",
      "value": "15Aug--2022",
      "file_name": "Page 101.pdf"
    },
    {
      "type": "lastseen",
      "value": "30-Jun-2023",
      "file_name": "Page 101.pdf"
    },
    {
      "type": "lastseen",
      "value": "30-Jun-2023",
      "file_name": "Page 101.pdf"
    },
    {
      "type": "lastseen",
      "value": "15Aug--2022",
      "file_name": "Page 101.pdf"
    },
    {
      "type": "lastseen",
      "value": "15Aug--2022",
      "file_name": "Page 101.pdf"
    },
    {
      "type": "lastseen",
      "value": "30-Jun-2023",
      "file_name": "Page 101.pdf"
    },
    {
      "type": "lastseen",
      "value": "15Aug--2022",
      "file_name": "Page 101.pdf"
    },
    {
      "type": "lastseen",
      "value": "01-Feb-2021",
      "file_name": "Page 101.pdf"
    },
    {
      "type": "lastseen",
      "value": "15Aug--2022",
      "file_name": "Page 101.pdf"
    },
    {
      "type": "lastseen",
      "value": "01-Feb-2021",
      "file_name": "Page 101.pdf"
    },
    {
      "type": "lastseen",
      "value": "15-Aug-2022",
      "file_name": "Page 101.pdf"
    },
    {
      "type": "lastseen",
      "value": "15Aug--2022",
      "file_name": "Page 101.pdf"
    },
    {
      "type": "lastseen",
      "value": "30-Jun-2023",
      "file_name": "Page 101.pdf"
    },
    {
      "type": "lastseen",
      "value": "30-Jun-2023",
      "file_name": "Page 101.pdf"
    },
    {
      "type": "lastseen",
      "value": "31May--2018",
      "file_name": "Page 101.pdf"
    },
    {
      "type": "lastseen",
      "value": "30May--2018",
      "file_name": "Page 101.pdf"
    },
    {
      "type": "lastseen",
      "value": "15-Aug-2022",
      "file_name": "Page 101.pdf"
    },
    {
      "type": "lastseen",
      "value": "15-Aug-2022",
      "file_name": "Page 101.pdf"
    },
    {
      "type": "lastseen",
      "value": "30-Jun-2023",
      "file_name": "Page 101.pdf"
    },
    {
      "type": "lastseen",
      "value": "15Aug--2022",
      "file_name": "Page 101.pdf"
    },
    {
      "type": "lastseen",
      "value": "15Aug--2022",
      "file_name": "Page 101.pdf"
    },
    {
      "type": "lastseen",
      "value": "15-Aug-2022",
      "file_name": "Page 101.pdf"
    },
    {
      "type": "lastseen",
      "value": "15Aug--2022",
      "file_name": "Page 101.pdf"
    },
    {
      "type": "lastseen",
      "value": "15-Aug-2022",
      "file_name": "Page 101.pdf"
    },
    {
      "type": "lastseen",
      "value": "30-Jun-2023",
      "file_name": "Page 101.pdf"
    },
    {
      "type": "lastseen",
      "value": "15Aug--2022",
      "file_name": "Page 101.pdf"
    },
    {
      "type": "lastseen",
      "value": "28-Jan-2019",
      "file_name": "Page 101.pdf"
    },
    {
      "type": "lastseen",
      "value": "15Aug--2022",
      "file_name": "Page 101.pdf"
    },
    {
      "type": "lastseen",
      "value": "15Aug--2022",
      "file_name": "Page 101.pdf"
    },
    {
      "type": "lastseen",
      "value": "15Aug--2022",
      "file_name": "Page 101.pdf"
    },
    {
      "type": "lastseen",
      "value": "07Apr--2025",
      "file_name": "Page 101.pdf"
    },
    {
      "type": "lastseen",
      "value": "28-Feb-2021",
      "file_name": "Page 101.pdf"
    },
    {
      "type": "lastseen",
      "value": "18-Jan-2021",
      "file_name": "Page 101.pdf"
    },
    {
      "type": "lastseen",
      "value": "02Jul--2020",
      "file_name": "Page 101.pdf"
    },
    {
      "type": "lastseen",
      "value": "30-Jun-2023",
      "file_name": "Page 101.pdf"
    },
    {
      "type": "lastseen",
      "value": "11Apr--2018",
      "file_name": "Page 101.pdf"
    },
    {
      "type": "lastseen",
      "value": "30-Jun-2023",
      "file_name": "Page 101.pdf"
    },
    {
      "type": "lastseen",
      "value": "30-Jun-2023",
      "file_name": "Page 101.pdf"
    },
    {
      "type": "lastseen",
      "value": "11Jan--2020",
      "file_name": "Page 101.pdf"
    },
    {
      "type": "lastseen",
      "value": "13Apr--2019",
      "file_name": "Page 101.pdf"
    },
    {
      "type": "lastseen",
      "value": "25-Jun-2020",
      "file_name": "Page 101.pdf"
    },
    {
      "type": "lastseen",
      "value": "30-Jun-2023",
      "file_name": "Page 101.pdf"
    },
    {
      "type": "lastseen",
      "value": "15-Aug-2022",
      "file_name": "Page 101.pdf"
    },
    {
      "type": "lastseen",
      "value": "30-Jun-2023",
      "file_name": "Page 101.pdf"
    },
    {
      "type": "lastseen",
      "value": "15Aug--2022",
      "file_name": "Page 101.pdf"
    },
    {
      "type": "lastseen",
      "value": "15Aug--2022",
      "file_name": "Page 101.pdf"
    },
    {
      "type": "lastseen",
      "value": "15Aug--2022",
      "file_name": "Page 101.pdf"
    },
    {
      "type": "lastseen",
      "value": "26-Jul-2017",
      "file_name": "Page 101.pdf"
    },
    {
      "type": "lastseen",
      "value": "15Aug--2022",
      "file_name": "Page 101.pdf"
    },
    {
      "type": "lastseen",
      "value": "30-Jun-2023",
      "file_name": "Page 101.pdf"
    },
    {
      "type": "lastseen",
      "value": "15Aug--2022",
      "file_name": "Page 101.pdf"
    },
    {
      "type": "lastseen",
      "value": "15Aug--2022",
      "file_name": "Page 101.pdf"
    },
    {
      "type": "lastseen",
      "value": "03-Jun-2020",
      "file_name": "Page 101.pdf"
    },
    {
      "type": "lastseen",
      "value": "15Aug--2022",
      "file_name": "Page 101.pdf"
    },
    {
      "type": "lastseen",
      "value": "12-Nov-2017",
      "file_name": "Page 101.pdf"
    },
    {
      "type": "lastseen",
      "value": "30-Jun-2023",
      "file_name": "Page 101.pdf"
    },
    {
      "type": "lastseen",
      "value": "30-Jun-2023",
      "file_name": "Page 101.pdf"
    },
    {
      "type": "lastseen",
      "value": "01-Feb-2021",
      "file_name": "Page 101.pdf"
    },
    {
      "type": "lastseen",
      "value": "30Aug--2021",
      "file_name": "Page 101.pdf"
    },
    {
      "type": "lastseen",
      "value": "30Jun--2023",
      "file_name": "Page 101.pdf"
    },
    {
      "type": "lastseen",
      "value": "15Aug--2022",
      "file_name": "Page 101.pdf"
    },
    {
      "type": "lastseen",
      "value": "15Aug--2022",
      "file_name": "Page 101.pdf"
    },
    {
      "type": "lastseen",
      "value": "30-Jun-2023",
      "file_name": "Page 101.pdf"
    },
    {
      "type": "lastseen",
      "value": "13-Nov-2016",
      "file_name": "Page 101.pdf"
    },
    {
      "type": "lastseen",
      "value": "30-Jun-2023",
      "file_name": "Page 101.pdf"
    },
    {
      "type": "lastseen",
      "value": "30-Jun-2023",
      "file_name": "Page 101.pdf"
    },
    {
      "type": "lastseen",
      "value": "12-Oct-2021",
      "file_name": "Page 101.pdf"
    },
    {
      "type": "lastseen",
      "value": "16-\nJan-2018",
      "file_name": "Page 101.pdf"
    },
    {
      "type": "lastseen",
      "value": "30-Jun-2023",
      "file_name": "Page 101.pdf"
    },
    {
      "type": "lastseen",
      "value": "30Jun--2023",
      "file_name": "Page 101.pdf"
    },
    {
      "type": "lastseen",
      "value": "15-\nAug-2022",
      "file_name": "Page 101.pdf"
    },
    {
      "type": "lastseen",
      "value": "30Jun--2023",
      "file_name": "Page 101.pdf"
    },
    {
      "type": "lastseen",
      "value": "15Aug--2022",
      "file_name": "Page 101.pdf"
    },
    {
      "type": "lastseen",
      "value": "15Aug--2022",
      "file_name": "Page 101.pdf"
    },
    {
      "type": "lastseen",
      "value": "30 - Jun-2023",
      "file_name": "Page 101.pdf"
    },
    {
      "type": "lastseen",
      "value": "15Aug--2022",
      "file_name": "Page 101.pdf"
    },
    {
      "type": "lastseen",
      "value": "15Aug--2022",
      "file_name": "Page 101.pdf"
    },
    {
      "type": "lastseen",
      "value": "15Aug-2022-",
      "file_name": "Page 101.pdf"
    },
    {
      "type": "lastseen",
      "value": "15Aug--2022",
      "file_name": "Page 101.pdf"
    },
    {
      "type": "lastseen",
      "value": "15Aug--2022",
      "file_name": "Page 101.pdf"
    },
    {
      "type": "lastseen",
      "value": "08Aug-2021-",
      "file_name": "Page 101.pdf"
    },
    {
      "type": "lastseen",
      "value": "02-Jul-2021",
      "file_name": "Page 101.pdf"
    }
  ]
}